{
  "n_scenarios": 2000,
  "status_counts": {
    "optimal": 1976,
    "infeasible": 24
  },
  "baseline_total_shed_MW": 762.8059000459104,
  "total_shed_MW": {
    "count": 1976,
    "min": 762.8059000065784,
    "mean": 940.2924971701362,
    "std": 365.46569158520504,
    "p05": 762.8059000459104,
    "p25": 762.8059000459104,
    "median": 762.8059000459104,
    "p75": 762.8059000488798,
    "p90": 1542.805900056671,
    "p95": 1765.5559000464243,
    "p99": 2250.205900492268,
    "max": 3330.3974428065585
  },
  "incremental_shed_vs_baseline_MW": {
    "count": 1976,
    "min": -3.9332007872872055e-08,
    "mean": 177.4865971242258,
    "std": 365.46569158520504,
    "p05": 0.0,
    "p25": 0.0,
    "median": 0.0,
    "p75": 2.969386514450889e-09,
    "p90": 780.0000000107605,
    "p95": 1002.7500000005139,
    "p99": 1487.4000004463578,
    "max": 2567.591542760648
  },
  "shed_level1_MW": {
    "count": 1976,
    "min": 1.3057070500995586e-09,
    "mean": 0.2232145868500208,
    "std": 3.9867888693829876,
    "p05": 9.378882582519294e-09,
    "p25": 1.013304501737031e-08,
    "median": 1.013304501737031e-08,
    "p75": 1.013304501737031e-08,
    "p90": 1.5631730138624946e-08,
    "p95": 1.968902345950134e-08,
    "p99": 4.4118667917374384e-08,
    "max": 112.75200000469215
  },
  "shed_level2_MW": {
    "count": 1976,
    "min": 3.037761757266796e-09,
    "mean": 0.4944735588535555,
    "std": 9.273390843357882,
    "p05": 2.107929358601737e-08,
    "p25": 2.2745523172830436e-08,
    "median": 2.2745523172830436e-08,
    "p75": 2.2745523172830436e-08,
    "p90": 3.605716251802144e-08,
    "p95": 4.370300442423076e-08,
    "p99": 9.926905563938146e-08,
    "max": 315.4717000579041
  },
  "shed_level3_MW": {
    "count": 1976,
    "min": 569.2735000139843,
    "mean": 939.5748090244327,
    "std": 364.44741812927856,
    "p05": 762.8059000130318,
    "p25": 762.8059000130318,
    "median": 762.8059000130318,
    "p75": 762.8059000130318,
    "p90": 1542.805900007723,
    "p95": 1765.5559000047376,
    "p99": 2250.2059000423924,
    "max": 3330.3974426913283
  },
  "probability_estimates": {
    "optimal_fraction": 0.988,
    "any_incremental_shed_fraction": 0.22874493927125505,
    "level1_shed_fraction": 0.00354251012145749,
    "level2_shed_fraction": 0.004048582995951417,
    "level3_shed_fraction": 1.0
  },
  "input_csv": "/workspace/verify/fault_scenarios_2000.csv",
  "summary_csv": "/workspace/verify/fault_scenario_opf_summary.csv",
  "bus_shed_csv": "/workspace/verify/fault_scenario_bus_shed.csv",
  "state_encoding": {
    "0": "fault",
    "1": "healthy"
  },
  "fault_mapping": {
    "generator_fault": "Pg lower/upper bounds set to 0",
    "line_fault": "branch removed from DC network; reported flow set to 0",
    "transformer_fault": "all branches incident to the transformer bus removed",
    "transformer_order": "T1..T29 are non-generator buses in ascending bus order",
    "transformer_buses": [
      1,
      2,
      3,
      4,
      5,
      6,
      7,
      8,
      9,
      10,
      11,
      12,
      13,
      14,
      15,
      16,
      17,
      18,
      19,
      20,
      21,
      22,
      23,
      24,
      25,
      26,
      27,
      28,
      29
    ]
  }
}