scenario,status,objective,gen_cost,shed_cost,total_demand_MW,served_load_MW,total_shed_MW,shed_pct,shed_level1_MW,shed_level2_MW,shed_level3_MW,n_gen_fault,n_line_fault_direct,n_transformer_fault,n_branch_outage_total,n_thermal_off,failed_generators,failed_lines_direct,failed_transformers,failed_transformer_buses,outaged_branches_total,thermal_unit_on
1,optimal,1011492.5199887936,248686.61939682037,762805.9005919733,6754.5684,5991.762499887271,762.8059001127292,11.293184922262823,2.7458001515250526e-08,5.803054095238996e-08,762.8059000272406,0,0,0,0,0,,,,,,G2=1;G3=1;G4=1;G5=1;G9=1;G10=1
2,optimal,1011492.5199887936,248686.61939682037,762805.9005919733,6754.5684,5991.762499887271,762.8059001127292,11.293184922262823,2.7458001515250526e-08,5.803054095238996e-08,762.8059000272406,0,0,0,0,0,,,,,,G2=1;G3=1;G4=1;G5=1;G9=1;G10=1
3,optimal,1011492.5199887936,248686.61939682037,762805.9005919733,6754.5684,5991.762499887271,762.8059001127292,11.293184922262823,2.7458001515250526e-08,5.803054095238996e-08,762.8059000272406,0,0,0,0,0,,,,,,G2=1;G3=1;G4=1;G5=1;G9=1;G10=1
4,optimal,1011492.5199887936,248686.61939682037,762805.9005919733,6754.5684,5991.762499887271,762.8059001127292,11.293184922262823,2.7458001515250526e-08,5.803054095238996e-08,762.8059000272406,0,0,0,0,0,,,,,,G2=1;G3=1;G4=1;G5=1;G9=1;G10=1
5,optimal,1011492.5199887936,248686.61939682037,762805.9005919733,6754.5684,5991.762499887271,762.8059001127292,11.293184922262823,2.7458001515250526e-08,5.803054095238996e-08,762.8059000272406,0,0,0,0,0,,,,,,G2=1;G3=1;G4=1;G5=1;G9=1;G10=1
6,optimal,1011492.5199887936,248686.61939682037,762805.9005919733,6754.5684,5991.762499887271,762.8059001127292,11.293184922262823,2.7458001515250526e-08,5.803054095238996e-08,762.8059000272406,0,0,0,0,0,,,,,,G2=1;G3=1;G4=1;G5=1;G9=1;G10=1
7,optimal,1011492.5199689873,248686.61939698865,762805.9005719987,6754.5684,5991.762499891154,762.8059001088454,11.293184922205324,2.650074912750454e-08,5.6161585102115394e-08,762.8059000261832,0,1,0,1,0,,L22,,,L22,G2=1;G3=1;G4=1;G5=1;G9=1;G10=1
8,optimal,1011492.5199887936,248686.61939682037,762805.9005919733,6754.5684,5991.762499887271,762.8059001127292,11.293184922262823,2.7458001515250526e-08,5.803054095238996e-08,762.8059000272406,0,0,0,0,0,,,,,,G2=1;G3=1;G4=1;G5=1;G9=1;G10=1
9,optimal,1011492.5199887936,248686.61939682037,762805.9005919733,6754.5684,5991.762499887271,762.8059001127292,11.293184922262823,2.7458001515250526e-08,5.803054095238996e-08,762.8059000272406,0,0,0,0,0,,,,,,G2=1;G3=1;G4=1;G5=1;G9=1;G10=1
10,optimal,1011492.5199887936,248686.61939682037,762805.9005919733,6754.5684,5991.762499887271,762.8059001127292,11.293184922262823,2.7458001515250526e-08,5.803054095238996e-08,762.8059000272406,0,0,0,0,0,,,,,,G2=1;G3=1;G4=1;G5=1;G9=1;G10=1
11,optimal,1011492.5199887936,248686.61939682037,762805.9005919733,6754.5684,5991.762499887271,762.8059001127292,11.293184922262823,2.7458001515250526e-08,5.803054095238996e-08,762.8059000272406,0,0,0,0,0,,,,,,G2=1;G3=1;G4=1;G5=1;G9=1;G10=1
12,optimal,1762008.5196608987,219202.6194002331,1542805.9002606657,6754.5684,5211.7624999602185,1542.8059000397816,22.840924966275885,1.2386286324785578e-08,2.7351815042006216e-08,1542.8059000000437,1,0,0,0,1,G2,,,,,G2=0;G3=1;G4=1;G5=1;G9=1;G10=1
13,optimal,1011492.5199887936,248686.61939682037,762805.9005919733,6754.5684,5991.762499887271,762.8059001127292,11.293184922262823,2.7458001515250526e-08,5.803054095238996e-08,762.8059000272406,0,0,0,0,0,,,,,,G2=1;G3=1;G4=1;G5=1;G9=1;G10=1
14,optimal,1421105.0200076625,248686.61939763324,1172418.4006100292,6754.5684,5582.149999912271,1172.4184000877294,17.357413984996132,2.9548047475535493e-08,6.409181553006159e-08,1172.4183999940894,1,0,0,0,0,G7,,,,,G2=1;G3=1;G4=1;G5=1;G9=1;G10=1
15,optimal,1459997.7422467042,246727.74197317858,1213270.0002735257,6754.5684,5541.298399942137,1213.2700000578634,17.96221354510028,1.2137142715613576e-08,2.6607016017929302e-08,1213.2700000191192,1,1,0,1,0,G7,L10,,,L10,G2=1;G3=1;G4=1;G5=1;G9=1;G10=1
16,optimal,1421105.0200076625,248686.61939763324,1172418.4006100292,6754.5684,5582.149999912271,1172.4184000877294,17.357413984996132,2.9548047475535493e-08,6.409181553006159e-08,1172.4183999940894,1,0,0,0,0,G7,,,,,G2=1;G3=1;G4=1;G5=1;G9=1;G10=1
17,optimal,1011492.5199887936,248686.61939682037,762805.9005919733,6754.5684,5991.762499887271,762.8059001127292,11.293184922262823,2.7458001515250526e-08,5.803054095238996e-08,762.8059000272406,0,0,0,0,0,,,,,,G2=1;G3=1;G4=1;G5=1;G9=1;G10=1
18,optimal,1011492.5199887936,248686.61939682037,762805.9005919733,6754.5684,5991.762499887271,762.8059001127292,11.293184922262823,2.7458001515250526e-08,5.803054095238996e-08,762.8059000272406,0,0,0,0,0,,,,,,G2=1;G3=1;G4=1;G5=1;G9=1;G10=1
19,optimal,1011492.5199887936,248686.61939682037,762805.9005919733,6754.5684,5991.762499887271,762.8059001127292,11.293184922262823,2.7458001515250526e-08,5.803054095238996e-08,762.8059000272406,0,0,0,0,0,,,,,,G2=1;G3=1;G4=1;G5=1;G9=1;G10=1
20,optimal,1011492.5199887936,248686.61939682037,762805.9005919733,6754.5684,5991.762499887271,762.8059001127292,11.293184922262823,2.7458001515250526e-08,5.803054095238996e-08,762.8059000272406,0,0,0,0,0,,,,,,G2=1;G3=1;G4=1;G5=1;G9=1;G10=1
21,optimal,1011492.5199887936,248686.61939682037,762805.9005919733,6754.5684,5991.762499887271,762.8059001127292,11.293184922262823,2.7458001515250526e-08,5.803054095238996e-08,762.8059000272406,0,0,0,0,0,,,,,,G2=1;G3=1;G4=1;G5=1;G9=1;G10=1
22,optimal,1011492.5199887936,248686.61939682037,762805.9005919733,6754.5684,5991.762499887271,762.8059001127292,11.293184922262823,2.7458001515250526e-08,5.803054095238996e-08,762.8059000272406,0,0,0,0,0,,,,,,G2=1;G3=1;G4=1;G5=1;G9=1;G10=1
23,optimal,1011492.5199887936,248686.61939682037,762805.9005919733,6754.5684,5991.762499887271,762.8059001127292,11.293184922262823,2.7458001515250526e-08,5.803054095238996e-08,762.8059000272406,0,0,0,0,0,,,,,,G2=1;G3=1;G4=1;G5=1;G9=1;G10=1
24,optimal,1011492.5199887936,248686.61939682037,762805.9005919733,6754.5684,5991.762499887271,762.8059001127292,11.293184922262823,2.7458001515250526e-08,5.803054095238996e-08,762.8059000272406,0,0,0,0,0,,,,,,G2=1;G3=1;G4=1;G5=1;G9=1;G10=1
25,optimal,1942005.9141787183,176450.01352167473,1765555.9006570436,6754.5684,4989.012499876619,1765.555900123381,26.138693038083392,2.9752059733918543e-08,6.64735338223288e-08,1765.5559000271553,1,0,0,0,1,G10,,,,,G2=1;G3=1;G4=1;G5=1;G9=1;G10=0
26,optimal,1011492.5199887936,248686.61939682037,762805.9005919733,6754.5684,5991.762499887271,762.8059001127292,11.293184922262823,2.7458001515250526e-08,5.803054095238996e-08,762.8059000272406,0,0,0,0,0,,,,,,G2=1;G3=1;G4=1;G5=1;G9=1;G10=1
27,optimal,1011492.5199887936,248686.61939682037,762805.9005919733,6754.5684,5991.762499887271,762.8059001127292,11.293184922262823,2.7458001515250526e-08,5.803054095238996e-08,762.8059000272406,0,0,0,0,0,,,,,,G2=1;G3=1;G4=1;G5=1;G9=1;G10=1
28,optimal,1011492.5199887936,248686.61939682037,762805.9005919733,6754.5684,5991.762499887271,762.8059001127292,11.293184922262823,2.7458001515250526e-08,5.803054095238996e-08,762.8059000272406,0,0,0,0,0,,,,,,G2=1;G3=1;G4=1;G5=1;G9=1;G10=1
29,optimal,1760144.3196719813,217338.41940008034,1542805.900271901,6754.5684,5211.762499954262,1542.8059000457379,22.840924966364064,1.2671097422401753e-08,2.803087046639168e-08,1542.8059000050362,1,0,0,0,1,G3,,,,,G2=1;G3=0;G4=1;G5=1;G9=1;G10=1
30,optimal,1011492.5197590671,248686.61939888433,762805.9003601827,6754.5684,5991.76249993248,762.8059000675204,11.293184921593516,1.6455040694712703e-08,3.6141762783183105e-08,762.8059000149235,0,1,0,1,0,,L2,,,L2,G2=1;G3=1;G4=1;G5=1;G9=1;G10=1
31,optimal,1011492.5199887936,248686.61939682037,762805.9005919733,6754.5684,5991.762499887271,762.8059001127292,11.293184922262823,2.7458001515250526e-08,5.803054095238996e-08,762.8059000272406,0,0,0,0,0,,,,,,G2=1;G3=1;G4=1;G5=1;G9=1;G10=1
32,optimal,1011492.5199887936,248686.61939682037,762805.9005919733,6754.5684,5991.762499887271,762.8059001127292,11.293184922262823,2.7458001515250526e-08,5.803054095238996e-08,762.8059000272406,0,0,0,0,0,,,,,,G2=1;G3=1;G4=1;G5=1;G9=1;G10=1
33,optimal,1011492.5199887936,248686.61939682037,762805.9005919733,6754.5684,5991.762499887271,762.8059001127292,11.293184922262823,2.7458001515250526e-08,5.803054095238996e-08,762.8059000272406,0,0,0,0,0,,,,,,G2=1;G3=1;G4=1;G5=1;G9=1;G10=1
34,optimal,1617903.9156180217,203198.01524760606,1414705.9003704158,6754.5684,5339.862499933909,1414.7059000660913,20.944430736182806,1.7099460517201584e-08,3.7607266965054984e-08,1414.7059000113845,1,0,0,0,1,G4,,,,,G2=1;G3=1;G4=0;G5=1;G9=1;G10=1
35,optimal,1011492.5199887936,248686.61939682037,762805.9005919733,6754.5684,5991.762499887271,762.8059001127292,11.293184922262823,2.7458001515250526e-08,5.803054095238996e-08,762.8059000272406,0,0,0,0,0,,,,,,G2=1;G3=1;G4=1;G5=1;G9=1;G10=1
36,optimal,1011492.5199887936,248686.61939682037,762805.9005919733,6754.5684,5991.762499887271,762.8059001127292,11.293184922262823,2.7458001515250526e-08,5.803054095238996e-08,762.8059000272406,0,0,0,0,0,,,,,,G2=1;G3=1;G4=1;G5=1;G9=1;G10=1
37,optimal,1011492.5199887936,248686.61939682037,762805.9005919733,6754.5684,5991.762499887271,762.8059001127292,11.293184922262823,2.7458001515250526e-08,5.803054095238996e-08,762.8059000272406,1,0,0,0,0,G8,,,,,G2=1;G3=1;G4=1;G5=1;G9=1;G10=1
38,optimal,1011492.5199689873,248686.61939698865,762805.9005719987,6754.5684,5991.762499891154,762.8059001088454,11.293184922205324,2.650074912750454e-08,5.6161585102115394e-08,762.8059000261832,0,1,0,1,0,,L22,,,L22,G2=1;G3=1;G4=1;G5=1;G9=1;G10=1
39,optimal,1011492.5199887936,248686.61939682037,762805.9005919733,6754.5684,5991.762499887271,762.8059001127292,11.293184922262823,2.7458001515250526e-08,5.803054095238996e-08,762.8059000272406,0,0,0,0,0,,,,,,G2=1;G3=1;G4=1;G5=1;G9=1;G10=1
40,optimal,1942005.9141787183,176450.01352167473,1765555.9006570436,6754.5684,4989.012499876619,1765.555900123381,26.138693038083392,2.9752059733918543e-08,6.64735338223288e-08,1765.5559000271553,1,0,0,0,1,G10,,,,,G2=1;G3=1;G4=1;G5=1;G9=1;G10=0
41,optimal,1011492.5199887936,248686.61939682037,762805.9005919733,6754.5684,5991.762499887271,762.8059001127292,11.293184922262823,2.7458001515250526e-08,5.803054095238996e-08,762.8059000272406,0,0,0,0,0,,,,,,G2=1;G3=1;G4=1;G5=1;G9=1;G10=1
42,optimal,1011492.5199887936,248686.61939682037,762805.9005919733,6754.5684,5991.762499887271,762.8059001127292,11.293184922262823,2.7458001515250526e-08,5.803054095238996e-08,762.8059000272406,0,0,0,0,0,,,,,,G2=1;G3=1;G4=1;G5=1;G9=1;G10=1
43,optimal,1760144.3196719813,217338.41940008034,1542805.900271901,6754.5684,5211.762499954262,1542.8059000457379,22.840924966364064,1.2671097422401753e-08,2.803087046639168e-08,1542.8059000050362,1,0,0,0,1,G3,,,,,G2=1;G3=0;G4=1;G5=1;G9=1;G10=1
44,optimal,1011492.5199887936,248686.61939682037,762805.9005919733,6754.5684,5991.762499887271,762.8059001127292,11.293184922262823,2.7458001515250526e-08,5.803054095238996e-08,762.8059000272406,0,0,0,0,0,,,,,,G2=1;G3=1;G4=1;G5=1;G9=1;G10=1
45,optimal,1011492.5199689873,248686.61939698865,762805.9005719987,6754.5684,5991.762499891154,762.8059001088454,11.293184922205324,2.650074912750454e-08,5.6161585102115394e-08,762.8059000261832,0,1,0,1,0,,L22,,,L22,G2=1;G3=1;G4=1;G5=1;G9=1;G10=1
46,optimal,1856229.960667825,215924.06002137897,1640305.900646446,6754.5684,5114.2624998873,1640.3059001127006,24.284392472992064,2.971388210049674e-08,6.65801420753459e-08,1640.3059000164064,1,0,0,0,1,G9,,,,,G2=1;G3=1;G4=1;G5=1;G9=0;G10=1
47,optimal,1011492.5199887936,248686.61939682037,762805.9005919733,6754.5684,5991.762499887271,762.8059001127292,11.293184922262823,2.7458001515250526e-08,5.803054095238996e-08,762.8059000272406,0,0,0,0,0,,,,,,G2=1;G3=1;G4=1;G5=1;G9=1;G10=1
48,optimal,1011492.5202408661,248686.6194325539,762805.9008083122,6754.5684,5991.762499851767,762.8059001482333,11.293184922788454,3.6184019919627077e-08,8.360569066035258e-08,762.8059000284436,0,1,0,1,0,,L45,,,L45,G2=1;G3=1;G4=1;G5=1;G9=1;G10=1
49,optimal,1651070.9307264644,222365.03024655534,1428705.900479909,6754.5684,5325.86249991447,1428.7059000855293,21.151697865485072,2.2397464574565604e-08,4.820062919553181e-08,1428.705900014931,1,0,0,0,1,G5,,,,,G2=1;G3=1;G4=1;G5=0;G9=1;G10=1
50,optimal,1011492.5199887936,248686.61939682037,762805.9005919733,6754.5684,5991.762499887271,762.8059001127292,11.293184922262823,2.7458001515250526e-08,5.803054095238996e-08,762.8059000272406,0,0,0,0,0,,,,,,G2=1;G3=1;G4=1;G5=1;G9=1;G10=1
51,optimal,1011492.5199887936,248686.61939682037,762805.9005919733,6754.5684,5991.762499887271,762.8059001127292,11.293184922262823,2.7458001515250526e-08,5.803054095238996e-08,762.8059000272406,0,0,0,0,0,,,,,,G2=1;G3=1;G4=1;G5=1;G9=1;G10=1
52,optimal,1011492.5199887936,248686.61939682037,762805.9005919733,6754.5684,5991.762499887271,762.8059001127292,11.293184922262823,2.7458001515250526e-08,5.803054095238996e-08,762.8059000272406,0,0,0,0,0,,,,,,G2=1;G3=1;G4=1;G5=1;G9=1;G10=1
53,optimal,1011492.5199887936,248686.61939682037,762805.9005919733,6754.5684,5991.762499887271,762.8059001127292,11.293184922262823,2.7458001515250526e-08,5.803054095238996e-08,762.8059000272406,0,0,0,0,0,,,,,,G2=1;G3=1;G4=1;G5=1;G9=1;G10=1
54,optimal,1011492.5199887936,248686.61939682037,762805.9005919733,6754.5684,5991.762499887271,762.8059001127292,11.293184922262823,2.7458001515250526e-08,5.803054095238996e-08,762.8059000272406,0,0,0,0,0,,,,,,G2=1;G3=1;G4=1;G5=1;G9=1;G10=1
55,optimal,1011492.5199887936,248686.61939682037,762805.9005919733,6754.5684,5991.762499887271,762.8059001127292,11.293184922262823,2.7458001515250526e-08,5.803054095238996e-08,762.8059000272406,0,0,0,0,0,,,,,,G2=1;G3=1;G4=1;G5=1;G9=1;G10=1
56,optimal,1011492.5199887936,248686.61939682037,762805.9005919733,6754.5684,5991.762499887271,762.8059001127292,11.293184922262823,2.7458001515250526e-08,5.803054095238996e-08,762.8059000272406,0,0,0,0,0,,,,,,G2=1;G3=1;G4=1;G5=1;G9=1;G10=1
57,optimal,1856229.960667825,215924.06002137897,1640305.900646446,6754.5684,5114.2624998873,1640.3059001127006,24.284392472992064,2.971388210049674e-08,6.65801420753459e-08,1640.3059000164064,1,0,0,0,1,G9,,,,,G2=1;G3=1;G4=1;G5=1;G9=0;G10=1
58,optimal,1651070.9307264644,222365.03024655534,1428705.900479909,6754.5684,5325.86249991447,1428.7059000855293,21.151697865485072,2.2397464574565604e-08,4.820062919553181e-08,1428.705900014931,1,0,0,0,1,G5,,,,,G2=1;G3=1;G4=1;G5=0;G9=1;G10=1
59,optimal,1942005.9141787183,176450.01352167473,1765555.9006570436,6754.5684,4989.012499876619,1765.555900123381,26.138693038083392,2.9752059733918543e-08,6.64735338223288e-08,1765.5559000271553,1,0,0,0,1,G10,,,,,G2=1;G3=1;G4=1;G5=1;G9=1;G10=0
60,optimal,1617903.9157958804,203198.01524657191,1414705.9005493084,6754.5684,5339.862499906434,1414.7059000935658,20.944430736589563,2.5877182673703605e-08,5.57119860549034e-08,1414.7059000119766,1,1,0,1,1,G4,L6,,,L6,G2=1;G3=1;G4=0;G5=1;G9=1;G10=1
61,optimal,1011492.5199887936,248686.61939682037,762805.9005919733,6754.5684,5991.762499887271,762.8059001127292,11.293184922262823,2.7458001515250526e-08,5.803054095238996e-08,762.8059000272406,0,0,0,0,0,,,,,,G2=1;G3=1;G4=1;G5=1;G9=1;G10=1
62,optimal,1011492.5199887936,248686.61939682037,762805.9005919733,6754.5684,5991.762499887271,762.8059001127292,11.293184922262823,2.7458001515250526e-08,5.803054095238996e-08,762.8059000272406,0,0,0,0,0,,,,,,G2=1;G3=1;G4=1;G5=1;G9=1;G10=1
63,optimal,1011492.5199887936,248686.61939682037,762805.9005919733,6754.5684,5991.762499887271,762.8059001127292,11.293184922262823,2.7458001515250526e-08,5.803054095238996e-08,762.8059000272406,0,0,0,0,0,,,,,,G2=1;G3=1;G4=1;G5=1;G9=1;G10=1
64,optimal,1011492.5199887936,248686.61939682037,762805.9005919733,6754.5684,5991.762499887271,762.8059001127292,11.293184922262823,2.7458001515250526e-08,5.803054095238996e-08,762.8059000272406,0,0,0,0,0,,,,,,G2=1;G3=1;G4=1;G5=1;G9=1;G10=1
65,optimal,1011492.5199887936,248686.61939682037,762805.9005919733,6754.5684,5991.762499887271,762.8059001127292,11.293184922262823,2.7458001515250526e-08,5.803054095238996e-08,762.8059000272406,0,0,0,0,0,,,,,,G2=1;G3=1;G4=1;G5=1;G9=1;G10=1
66,optimal,1421105.0200076625,248686.61939763324,1172418.4006100292,6754.5684,5582.149999912271,1172.4184000877294,17.357413984996132,2.9548047475535493e-08,6.409181553006159e-08,1172.4183999940894,1,0,0,0,0,G7,,,,,G2=1;G3=1;G4=1;G5=1;G9=1;G10=1
67,optimal,1011492.5199887936,248686.61939682037,762805.9005919733,6754.5684,5991.762499887271,762.8059001127292,11.293184922262823,2.7458001515250526e-08,5.803054095238996e-08,762.8059000272406,0,0,0,0,0,,,,,,G2=1;G3=1;G4=1;G5=1;G9=1;G10=1
68,optimal,1011492.5199887936,248686.61939682037,762805.9005919733,6754.5684,5991.762499887271,762.8059001127292,11.293184922262823,2.7458001515250526e-08,5.803054095238996e-08,762.8059000272406,0,0,0,0,0,,,,,,G2=1;G3=1;G4=1;G5=1;G9=1;G10=1
69,optimal,1011492.5199887936,248686.61939682037,762805.9005919733,6754.5684,5991.762499887271,762.8059001127292,11.293184922262823,2.7458001515250526e-08,5.803054095238996e-08,762.8059000272406,0,0,0,0,0,,,,,,G2=1;G3=1;G4=1;G5=1;G9=1;G10=1
70,optimal,1762008.5196608987,219202.6194002331,1542805.9002606657,6754.5684,5211.7624999602185,1542.8059000397816,22.840924966275885,1.2386286324785578e-08,2.7351815042006216e-08,1542.8059000000437,1,0,0,0,1,G2,,,,,G2=0;G3=1;G4=1;G5=1;G9=1;G10=1
71,optimal,1011492.5199887936,248686.61939682037,762805.9005919733,6754.5684,5991.762499887271,762.8059001127292,11.293184922262823,2.7458001515250526e-08,5.803054095238996e-08,762.8059000272406,0,0,0,0,0,,,,,,G2=1;G3=1;G4=1;G5=1;G9=1;G10=1
72,optimal,1011492.5199887936,248686.61939682037,762805.9005919733,6754.5684,5991.762499887271,762.8059001127292,11.293184922262823,2.7458001515250526e-08,5.803054095238996e-08,762.8059000272406,0,0,0,0,0,,,,,,G2=1;G3=1;G4=1;G5=1;G9=1;G10=1
73,optimal,1011492.5199887936,248686.61939682037,762805.9005919733,6754.5684,5991.762499887271,762.8059001127292,11.293184922262823,2.7458001515250526e-08,5.803054095238996e-08,762.8059000272406,1,0,0,0,0,G6,,,,,G2=1;G3=1;G4=1;G5=1;G9=1;G10=1
74,optimal,1011492.5199887936,248686.61939682037,762805.9005919733,6754.5684,5991.762499887271,762.8059001127292,11.293184922262823,2.7458001515250526e-08,5.803054095238996e-08,762.8059000272406,0,0,0,0,0,,,,,,G2=1;G3=1;G4=1;G5=1;G9=1;G10=1
75,optimal,1011492.5199887936,248686.61939682037,762805.9005919733,6754.5684,5991.762499887271,762.8059001127292,11.293184922262823,2.7458001515250526e-08,5.803054095238996e-08,762.8059000272406,0,0,0,0,0,,,,,,G2=1;G3=1;G4=1;G5=1;G9=1;G10=1
76,optimal,1942005.9141787183,176450.01352167473,1765555.9006570436,6754.5684,4989.012499876619,1765.555900123381,26.138693038083392,2.9752059733918543e-08,6.64735338223288e-08,1765.5559000271553,1,0,0,0,1,G10,,,,,G2=1;G3=1;G4=1;G5=1;G9=1;G10=0
77,optimal,1011492.5199887936,248686.61939682037,762805.9005919733,6754.5684,5991.762499887271,762.8059001127292,11.293184922262823,2.7458001515250526e-08,5.803054095238996e-08,762.8059000272406,0,0,0,0,0,,,,,,G2=1;G3=1;G4=1;G5=1;G9=1;G10=1
78,optimal,1011492.5199887936,248686.61939682037,762805.9005919733,6754.5684,5991.762499887271,762.8059001127292,11.293184922262823,2.7458001515250526e-08,5.803054095238996e-08,762.8059000272406,0,0,0,0,0,,,,,,G2=1;G3=1;G4=1;G5=1;G9=1;G10=1
79,optimal,1421105.0199525116,248686.61939802274,1172418.4005544889,6754.5684,5582.149999920852,1172.4184000791483,17.35741398486909,2.6825432631213157e-08,5.847792762293429e-08,1172.4183999938448,0,1,0,1,0,,L39,,,L39,G2=1;G3=1;G4=1;G5=1;G9=1;G10=1
80,optimal,1011492.5199887936,248686.61939682037,762805.9005919733,6754.5684,5991.762499887271,762.8059001127292,11.293184922262823,2.7458001515250526e-08,5.803054095238996e-08,762.8059000272406,0,0,0,0,0,,,,,,G2=1;G3=1;G4=1;G5=1;G9=1;G10=1
81,optimal,1011492.5199887936,248686.61939682037,762805.9005919733,6754.5684,5991.762499887271,762.8059001127292,11.293184922262823,2.7458001515250526e-08,5.803054095238996e-08,762.8059000272406,0,0,0,0,0,,,,,,G2=1;G3=1;G4=1;G5=1;G9=1;G10=1
82,optimal,1942005.9141787183,176450.01352167473,1765555.9006570436,6754.5684,4989.012499876619,1765.555900123381,26.138693038083392,2.9752059733918543e-08,6.64735338223288e-08,1765.5559000271553,1,0,0,0,1,G10,,,,,G2=1;G3=1;G4=1;G5=1;G9=1;G10=0
83,optimal,1011492.5194906434,248686.61940060562,762805.9000900378,6754.5684,5991.762499984058,762.805900015942,11.293184920829908,4.052469747207151e-09,9.405944830425427e-09,762.8059000024836,0,1,0,1,0,,L44,,,L44,G2=1;G3=1;G4=1;G5=1;G9=1;G10=1
84,optimal,1011492.5199887936,248686.61939682037,762805.9005919733,6754.5684,5991.762499887271,762.8059001127292,11.293184922262823,2.7458001515250526e-08,5.803054095238996e-08,762.8059000272406,0,0,0,0,0,,,,,,G2=1;G3=1;G4=1;G5=1;G9=1;G10=1
85,optimal,1011492.5199887936,248686.61939682037,762805.9005919733,6754.5684,5991.762499887271,762.8059001127292,11.293184922262823,2.7458001515250526e-08,5.803054095238996e-08,762.8059000272406,0,0,0,0,0,,,,,,G2=1;G3=1;G4=1;G5=1;G9=1;G10=1
86,optimal,1011492.5199887936,248686.61939682037,762805.9005919733,6754.5684,5991.762499887271,762.8059001127292,11.293184922262823,2.7458001515250526e-08,5.803054095238996e-08,762.8059000272406,0,0,0,0,0,,,,,,G2=1;G3=1;G4=1;G5=1;G9=1;G10=1
87,optimal,1011492.5199160514,248686.61939740964,762805.9005186418,6754.5684,5991.762499901101,762.8059000988987,11.293184922058066,2.4006746600672223e-08,5.092061794131454e-08,762.8059000239713,0,1,0,1,0,,L29,,,L29,G2=1;G3=1;G4=1;G5=1;G9=1;G10=1
88,optimal,1011492.5199887936,248686.61939682037,762805.9005919733,6754.5684,5991.762499887271,762.8059001127292,11.293184922262823,2.7458001515250526e-08,5.803054095238996e-08,762.8059000272406,0,0,0,0,0,,,,,,G2=1;G3=1;G4=1;G5=1;G9=1;G10=1
89,optimal,1011492.5199887936,248686.61939682037,762805.9005919733,6754.5684,5991.762499887271,762.8059001127292,11.293184922262823,2.7458001515250526e-08,5.803054095238996e-08,762.8059000272406,0,0,0,0,0,,,,,,G2=1;G3=1;G4=1;G5=1;G9=1;G10=1
90,optimal,1011492.5199887936,248686.61939682037,762805.9005919733,6754.5684,5991.762499887271,762.8059001127292,11.293184922262823,2.7458001515250526e-08,5.803054095238996e-08,762.8059000272406,0,0,0,0,0,,,,,,G2=1;G3=1;G4=1;G5=1;G9=1;G10=1
91,optimal,1011492.5199887936,248686.61939682037,762805.9005919733,6754.5684,5991.762499887271,762.8059001127292,11.293184922262823,2.7458001515250526e-08,5.803054095238996e-08,762.8059000272406,0,0,0,0,0,,,,,,G2=1;G3=1;G4=1;G5=1;G9=1;G10=1
92,optimal,1011492.5199887936,248686.61939682037,762805.9005919733,6754.5684,5991.762499887271,762.8059001127292,11.293184922262823,2.7458001515250526e-08,5.803054095238996e-08,762.8059000272406,0,0,0,0,0,,,,,,G2=1;G3=1;G4=1;G5=1;G9=1;G10=1
93,optimal,1011492.5199887936,248686.61939682037,762805.9005919733,6754.5684,5991.762499887271,762.8059001127292,11.293184922262823,2.7458001515250526e-08,5.803054095238996e-08,762.8059000272406,0,0,0,0,0,,,,,,G2=1;G3=1;G4=1;G5=1;G9=1;G10=1
94,optimal,1651070.9307407914,222365.03024648648,1428705.900494305,6754.5684,5325.862499914307,1428.7059000856932,21.151697865487503,2.332364073304232e-08,4.9674639480525127e-08,1428.705900012695,0,1,0,1,1,,L27,,,L27,G2=1;G3=1;G4=1;G5=0;G9=1;G10=1
95,optimal,1011492.5199887936,248686.61939682037,762805.9005919733,6754.5684,5991.762499887271,762.8059001127292,11.293184922262823,2.7458001515250526e-08,5.803054095238996e-08,762.8059000272406,0,0,0,0,0,,,,,,G2=1;G3=1;G4=1;G5=1;G9=1;G10=1
96,optimal,1011492.5199887936,248686.61939682037,762805.9005919733,6754.5684,5991.762499887271,762.8059001127292,11.293184922262823,2.7458001515250526e-08,5.803054095238996e-08,762.8059000272406,0,0,0,0,0,,,,,,G2=1;G3=1;G4=1;G5=1;G9=1;G10=1
97,optimal,1942005.9141787183,176450.01352167473,1765555.9006570436,6754.5684,4989.012499876619,1765.555900123381,26.138693038083392,2.9752059733918543e-08,6.64735338223288e-08,1765.5559000271553,1,0,0,0,1,G10,,,,,G2=1;G3=1;G4=1;G5=1;G9=1;G10=0
98,optimal,1011492.5199887936,248686.61939682037,762805.9005919733,6754.5684,5991.762499887271,762.8059001127292,11.293184922262823,2.7458001515250526e-08,5.803054095238996e-08,762.8059000272406,0,0,0,0,0,,,,,,G2=1;G3=1;G4=1;G5=1;G9=1;G10=1
99,optimal,1011492.5199887936,248686.61939682037,762805.9005919733,6754.5684,5991.762499887271,762.8059001127292,11.293184922262823,2.7458001515250526e-08,5.803054095238996e-08,762.8059000272406,0,0,0,0,0,,,,,,G2=1;G3=1;G4=1;G5=1;G9=1;G10=1
100,optimal,1011492.5199887936,248686.61939682037,762805.9005919733,6754.5684,5991.762499887271,762.8059001127292,11.293184922262823,2.7458001515250526e-08,5.803054095238996e-08,762.8059000272406,0,0,0,0,0,,,,,,G2=1;G3=1;G4=1;G5=1;G9=1;G10=1
101,optimal,1011492.5199887936,248686.61939682037,762805.9005919733,6754.5684,5991.762499887271,762.8059001127292,11.293184922262823,2.7458001515250526e-08,5.803054095238996e-08,762.8059000272406,0,0,0,0,0,,,,,,G2=1;G3=1;G4=1;G5=1;G9=1;G10=1
102,optimal,1011492.5199887936,248686.61939682037,762805.9005919733,6754.5684,5991.762499887271,762.8059001127292,11.293184922262823,2.7458001515250526e-08,5.803054095238996e-08,762.8059000272406,0,0,0,0,0,,,,,,G2=1;G3=1;G4=1;G5=1;G9=1;G10=1
103,optimal,1421105.0200076625,248686.61939763324,1172418.4006100292,6754.5684,5582.149999912271,1172.4184000877294,17.357413984996132,2.9548047475535493e-08,6.409181553006159e-08,1172.4183999940894,1,0,0,0,0,G7,,,,,G2=1;G3=1;G4=1;G5=1;G9=1;G10=1
104,optimal,1942005.9141787183,176450.01352167473,1765555.9006570436,6754.5684,4989.012499876619,1765.555900123381,26.138693038083392,2.9752059733918543e-08,6.64735338223288e-08,1765.5559000271553,1,0,0,0,1,G10,,,,,G2=1;G3=1;G4=1;G5=1;G9=1;G10=0
105,optimal,1011492.5199887936,248686.61939682037,762805.9005919733,6754.5684,5991.762499887271,762.8059001127292,11.293184922262823,2.7458001515250526e-08,5.803054095238996e-08,762.8059000272406,0,0,0,0,0,,,,,,G2=1;G3=1;G4=1;G5=1;G9=1;G10=1
106,optimal,1011492.5199887936,248686.61939682037,762805.9005919733,6754.5684,5991.762499887271,762.8059001127292,11.293184922262823,2.7458001515250526e-08,5.803054095238996e-08,762.8059000272406,0,0,0,0,0,,,,,,G2=1;G3=1;G4=1;G5=1;G9=1;G10=1
107,optimal,1011492.5199887936,248686.61939682037,762805.9005919733,6754.5684,5991.762499887271,762.8059001127292,11.293184922262823,2.7458001515250526e-08,5.803054095238996e-08,762.8059000272406,0,0,0,0,0,,,,,,G2=1;G3=1;G4=1;G5=1;G9=1;G10=1
108,optimal,1011492.5199887936,248686.61939682037,762805.9005919733,6754.5684,5991.762499887271,762.8059001127292,11.293184922262823,2.7458001515250526e-08,5.803054095238996e-08,762.8059000272406,0,0,0,0,0,,,,,,G2=1;G3=1;G4=1;G5=1;G9=1;G10=1
109,optimal,1011492.5199887936,248686.61939682037,762805.9005919733,6754.5684,5991.762499887271,762.8059001127292,11.293184922262823,2.7458001515250526e-08,5.803054095238996e-08,762.8059000272406,0,0,0,0,0,,,,,,G2=1;G3=1;G4=1;G5=1;G9=1;G10=1
110,optimal,1011492.5199887936,248686.61939682037,762805.9005919733,6754.5684,5991.762499887271,762.8059001127292,11.293184922262823,2.7458001515250526e-08,5.803054095238996e-08,762.8059000272406,0,0,0,0,0,,,,,,G2=1;G3=1;G4=1;G5=1;G9=1;G10=1
111,optimal,1760144.3196719813,217338.41940008034,1542805.900271901,6754.5684,5211.762499954262,1542.8059000457379,22.840924966364064,1.2671097422401753e-08,2.803087046639168e-08,1542.8059000050362,1,0,0,0,1,G3,,,,,G2=1;G3=0;G4=1;G5=1;G9=1;G10=1
112,optimal,1011492.5199887936,248686.61939682037,762805.9005919733,6754.5684,5991.762499887271,762.8059001127292,11.293184922262823,2.7458001515250526e-08,5.803054095238996e-08,762.8059000272406,0,0,0,0,0,,,,,,G2=1;G3=1;G4=1;G5=1;G9=1;G10=1
113,optimal,1011492.5199887936,248686.61939682037,762805.9005919733,6754.5684,5991.762499887271,762.8059001127292,11.293184922262823,2.7458001515250526e-08,5.803054095238996e-08,762.8059000272406,0,0,0,0,0,,,,,,G2=1;G3=1;G4=1;G5=1;G9=1;G10=1
114,optimal,1011492.5199887936,248686.61939682037,762805.9005919733,6754.5684,5991.762499887271,762.8059001127292,11.293184922262823,2.7458001515250526e-08,5.803054095238996e-08,762.8059000272406,0,0,0,0,0,,,,,,G2=1;G3=1;G4=1;G5=1;G9=1;G10=1
115,optimal,1011492.5199887936,248686.61939682037,762805.9005919733,6754.5684,5991.762499887271,762.8059001127292,11.293184922262823,2.7458001515250526e-08,5.803054095238996e-08,762.8059000272406,0,0,0,0,0,,,,,,G2=1;G3=1;G4=1;G5=1;G9=1;G10=1
116,optimal,1011492.5199887936,248686.61939682037,762805.9005919733,6754.5684,5991.762499887271,762.8059001127292,11.293184922262823,2.7458001515250526e-08,5.803054095238996e-08,762.8059000272406,0,0,0,0,0,,,,,,G2=1;G3=1;G4=1;G5=1;G9=1;G10=1
117,optimal,1011492.5199887936,248686.61939682037,762805.9005919733,6754.5684,5991.762499887271,762.8059001127292,11.293184922262823,2.7458001515250526e-08,5.803054095238996e-08,762.8059000272406,0,0,0,0,0,,,,,,G2=1;G3=1;G4=1;G5=1;G9=1;G10=1
118,optimal,1856229.9606829016,215924.06002123246,1640305.9006616692,6754.5684,5114.2624998847905,1640.3059001152096,24.28439247302921,3.0395299122404686e-08,6.822541763860554e-08,1640.305900016589,1,1,0,1,1,G9,L35,,,L35,G2=1;G3=1;G4=1;G5=1;G9=0;G10=1
119,optimal,1011492.5199887936,248686.61939682037,762805.9005919733,6754.5684,5991.762499887271,762.8059001127292,11.293184922262823,2.7458001515250526e-08,5.803054095238996e-08,762.8059000272406,0,0,0,0,0,,,,,,G2=1;G3=1;G4=1;G5=1;G9=1;G10=1
120,optimal,1011492.5199887936,248686.61939682037,762805.9005919733,6754.5684,5991.762499887271,762.8059001127292,11.293184922262823,2.7458001515250526e-08,5.803054095238996e-08,762.8059000272406,0,0,0,0,0,,,,,,G2=1;G3=1;G4=1;G5=1;G9=1;G10=1
121,optimal,1011492.5199887936,248686.61939682037,762805.9005919733,6754.5684,5991.762499887271,762.8059001127292,11.293184922262823,2.7458001515250526e-08,5.803054095238996e-08,762.8059000272406,0,0,0,0,0,,,,,,G2=1;G3=1;G4=1;G5=1;G9=1;G10=1
122,optimal,1011492.5199887936,248686.61939682037,762805.9005919733,6754.5684,5991.762499887271,762.8059001127292,11.293184922262823,2.7458001515250526e-08,5.803054095238996e-08,762.8059000272406,0,0,0,0,0,,,,,,G2=1;G3=1;G4=1;G5=1;G9=1;G10=1
123,optimal,1011492.5199887936,248686.61939682037,762805.9005919733,6754.5684,5991.762499887271,762.8059001127292,11.293184922262823,2.7458001515250526e-08,5.803054095238996e-08,762.8059000272406,0,0,0,0,0,,,,,,G2=1;G3=1;G4=1;G5=1;G9=1;G10=1
124,optimal,1011492.5199887936,248686.61939682037,762805.9005919733,6754.5684,5991.762499887271,762.8059001127292,11.293184922262823,2.7458001515250526e-08,5.803054095238996e-08,762.8059000272406,0,0,0,0,0,,,,,,G2=1;G3=1;G4=1;G5=1;G9=1;G10=1
125,optimal,1011492.5199887936,248686.61939682037,762805.9005919733,6754.5684,5991.762499887271,762.8059001127292,11.293184922262823,2.7458001515250526e-08,5.803054095238996e-08,762.8059000272406,0,0,0,0,0,,,,,,G2=1;G3=1;G4=1;G5=1;G9=1;G10=1
126,optimal,1011492.5199887936,248686.61939682037,762805.9005919733,6754.5684,5991.762499887271,762.8059001127292,11.293184922262823,2.7458001515250526e-08,5.803054095238996e-08,762.8059000272406,0,0,0,0,0,,,,,,G2=1;G3=1;G4=1;G5=1;G9=1;G10=1
127,optimal,1011492.5199887936,248686.61939682037,762805.9005919733,6754.5684,5991.762499887271,762.8059001127292,11.293184922262823,2.7458001515250526e-08,5.803054095238996e-08,762.8059000272406,0,0,0,0,0,,,,,,G2=1;G3=1;G4=1;G5=1;G9=1;G10=1
128,optimal,1011492.5199887936,248686.61939682037,762805.9005919733,6754.5684,5991.762499887271,762.8059001127292,11.293184922262823,2.7458001515250526e-08,5.803054095238996e-08,762.8059000272406,1,0,0,0,0,G6,,,,,G2=1;G3=1;G4=1;G5=1;G9=1;G10=1
129,optimal,1011492.5199887936,248686.61939682037,762805.9005919733,6754.5684,5991.762499887271,762.8059001127292,11.293184922262823,2.7458001515250526e-08,5.803054095238996e-08,762.8059000272406,0,0,0,0,0,,,,,,G2=1;G3=1;G4=1;G5=1;G9=1;G10=1
130,optimal,1942005.9141787183,176450.01352167473,1765555.9006570436,6754.5684,4989.012499876619,1765.555900123381,26.138693038083392,2.9752059733918543e-08,6.64735338223288e-08,1765.5559000271553,1,0,0,0,1,G10,,,,,G2=1;G3=1;G4=1;G5=1;G9=1;G10=0
131,optimal,1011492.5199887936,248686.61939682037,762805.9005919733,6754.5684,5991.762499887271,762.8059001127292,11.293184922262823,2.7458001515250526e-08,5.803054095238996e-08,762.8059000272406,0,0,0,0,0,,,,,,G2=1;G3=1;G4=1;G5=1;G9=1;G10=1
132,optimal,1809272.2391835516,238966.33814384614,1570305.9010397056,6754.5684,5184.262499825423,1570.305900174577,23.24805682883568,4.869627558902072e-08,1.0671562093651315e-07,1570.3059000191647,1,0,0,0,0,G1,,,,,G2=1;G3=1;G4=1;G5=1;G9=1;G10=1
133,optimal,1011492.5199887936,248686.61939682037,762805.9005919733,6754.5684,5991.762499887271,762.8059001127292,11.293184922262823,2.7458001515250526e-08,5.803054095238996e-08,762.8059000272406,0,0,0,0,0,,,,,,G2=1;G3=1;G4=1;G5=1;G9=1;G10=1
134,optimal,1011492.5199887936,248686.61939682037,762805.9005919733,6754.5684,5991.762499887271,762.8059001127292,11.293184922262823,2.7458001515250526e-08,5.803054095238996e-08,762.8059000272406,0,0,0,0,0,,,,,,G2=1;G3=1;G4=1;G5=1;G9=1;G10=1
135,optimal,1760144.3196719813,217338.41940008034,1542805.900271901,6754.5684,5211.762499954262,1542.8059000457379,22.840924966364064,1.2671097422401753e-08,2.803087046639168e-08,1542.8059000050362,1,0,0,0,1,G3,,,,,G2=1;G3=0;G4=1;G5=1;G9=1;G10=1
136,optimal,1856229.960667825,215924.06002137897,1640305.900646446,6754.5684,5114.2624998873,1640.3059001127006,24.284392472992064,2.971388210049674e-08,6.65801420753459e-08,1640.3059000164064,1,0,0,0,1,G9,,,,,G2=1;G3=1;G4=1;G5=1;G9=0;G10=1
137,optimal,1011492.5199887936,248686.61939682037,762805.9005919733,6754.5684,5991.762499887271,762.8059001127292,11.293184922262823,2.7458001515250526e-08,5.803054095238996e-08,762.8059000272406,0,0,0,0,0,,,,,,G2=1;G3=1;G4=1;G5=1;G9=1;G10=1
138,optimal,1011492.5199887936,248686.61939682037,762805.9005919733,6754.5684,5991.762499887271,762.8059001127292,11.293184922262823,2.7458001515250526e-08,5.803054095238996e-08,762.8059000272406,0,0,0,0,0,,,,,,G2=1;G3=1;G4=1;G5=1;G9=1;G10=1
139,optimal,1011492.5199887936,248686.61939682037,762805.9005919733,6754.5684,5991.762499887271,762.8059001127292,11.293184922262823,2.7458001515250526e-08,5.803054095238996e-08,762.8059000272406,0,0,0,0,0,,,,,,G2=1;G3=1;G4=1;G5=1;G9=1;G10=1
140,optimal,1011492.5199887936,248686.61939682037,762805.9005919733,6754.5684,5991.762499887271,762.8059001127292,11.293184922262823,2.7458001515250526e-08,5.803054095238996e-08,762.8059000272406,0,0,0,0,0,,,,,,G2=1;G3=1;G4=1;G5=1;G9=1;G10=1
141,optimal,1011492.5199887936,248686.61939682037,762805.9005919733,6754.5684,5991.762499887271,762.8059001127292,11.293184922262823,2.7458001515250526e-08,5.803054095238996e-08,762.8059000272406,0,0,0,0,0,,,,,,G2=1;G3=1;G4=1;G5=1;G9=1;G10=1
142,optimal,1011492.5199887936,248686.61939682037,762805.9005919733,6754.5684,5991.762499887271,762.8059001127292,11.293184922262823,2.7458001515250526e-08,5.803054095238996e-08,762.8059000272406,0,0,0,0,0,,,,,,G2=1;G3=1;G4=1;G5=1;G9=1;G10=1
143,optimal,1011492.5199887936,248686.61939682037,762805.9005919733,6754.5684,5991.762499887271,762.8059001127292,11.293184922262823,2.7458001515250526e-08,5.803054095238996e-08,762.8059000272406,0,0,0,0,0,,,,,,G2=1;G3=1;G4=1;G5=1;G9=1;G10=1
144,optimal,1011492.5199887936,248686.61939682037,762805.9005919733,6754.5684,5991.762499887271,762.8059001127292,11.293184922262823,2.7458001515250526e-08,5.803054095238996e-08,762.8059000272406,1,0,0,0,0,G8,,,,,G2=1;G3=1;G4=1;G5=1;G9=1;G10=1
145,optimal,1011492.5199887936,248686.61939682037,762805.9005919733,6754.5684,5991.762499887271,762.8059001127292,11.293184922262823,2.7458001515250526e-08,5.803054095238996e-08,762.8059000272406,0,0,0,0,0,,,,,,G2=1;G3=1;G4=1;G5=1;G9=1;G10=1
146,optimal,1011492.5199887936,248686.61939682037,762805.9005919733,6754.5684,5991.762499887271,762.8059001127292,11.293184922262823,2.7458001515250526e-08,5.803054095238996e-08,762.8059000272406,0,0,0,0,0,,,,,,G2=1;G3=1;G4=1;G5=1;G9=1;G10=1
147,optimal,1011492.5199887936,248686.61939682037,762805.9005919733,6754.5684,5991.762499887271,762.8059001127292,11.293184922262823,2.7458001515250526e-08,5.803054095238996e-08,762.8059000272406,0,0,0,0,0,,,,,,G2=1;G3=1;G4=1;G5=1;G9=1;G10=1
148,optimal,1011492.5199887936,248686.61939682037,762805.9005919733,6754.5684,5991.762499887271,762.8059001127292,11.293184922262823,2.7458001515250526e-08,5.803054095238996e-08,762.8059000272406,0,0,0,0,0,,,,,,G2=1;G3=1;G4=1;G5=1;G9=1;G10=1
149,optimal,1011492.5199887936,248686.61939682037,762805.9005919733,6754.5684,5991.762499887271,762.8059001127292,11.293184922262823,2.7458001515250526e-08,5.803054095238996e-08,762.8059000272406,1,0,0,0,0,G6,,,,,G2=1;G3=1;G4=1;G5=1;G9=1;G10=1
150,optimal,1856229.960667825,215924.06002137897,1640305.900646446,6754.5684,5114.2624998873,1640.3059001127006,24.284392472992064,2.971388210049674e-08,6.65801420753459e-08,1640.3059000164064,1,0,0,0,1,G9,,,,,G2=1;G3=1;G4=1;G5=1;G9=0;G10=1
151,optimal,1011492.5199887936,248686.61939682037,762805.9005919733,6754.5684,5991.762499887271,762.8059001127292,11.293184922262823,2.7458001515250526e-08,5.803054095238996e-08,762.8059000272406,0,0,0,0,0,,,,,,G2=1;G3=1;G4=1;G5=1;G9=1;G10=1
152,optimal,1011492.5199887936,248686.61939682037,762805.9005919733,6754.5684,5991.762499887271,762.8059001127292,11.293184922262823,2.7458001515250526e-08,5.803054095238996e-08,762.8059000272406,1,0,0,0,0,G8,,,,,G2=1;G3=1;G4=1;G5=1;G9=1;G10=1
153,optimal,1011492.5199887936,248686.61939682037,762805.9005919733,6754.5684,5991.762499887271,762.8059001127292,11.293184922262823,2.7458001515250526e-08,5.803054095238996e-08,762.8059000272406,0,0,0,0,0,,,,,,G2=1;G3=1;G4=1;G5=1;G9=1;G10=1
154,optimal,1011492.5200801269,248686.61939597808,762805.9006841489,6754.5684,5991.762499866263,762.8059001337373,11.293184922573843,3.153165547558763e-08,6.665667577905721e-08,762.805900035549,0,0,1,3,0,,,T17,17,L26;L30;L31,G2=1;G3=1;G4=1;G5=1;G9=1;G10=1
155,optimal,1011492.5199887936,248686.61939682037,762805.9005919733,6754.5684,5991.762499887271,762.8059001127292,11.293184922262823,2.7458001515250526e-08,5.803054095238996e-08,762.8059000272406,0,0,0,0,0,,,,,,G2=1;G3=1;G4=1;G5=1;G9=1;G10=1
156,optimal,1011492.5199887936,248686.61939682037,762805.9005919733,6754.5684,5991.762499887271,762.8059001127292,11.293184922262823,2.7458001515250526e-08,5.803054095238996e-08,762.8059000272406,0,0,0,0,0,,,,,,G2=1;G3=1;G4=1;G5=1;G9=1;G10=1
157,optimal,1787781.5196518227,217338.4194001321,1570443.1002516907,6754.5684,5211.762499955951,1542.8059000440492,22.840924966339067,1.8424800116589493,2.7637200256777015,1538.1997000067124,0,2,0,2,1,,L13;L23,,,L13;L23,G2=1;G3=0;G4=1;G5=1;G9=1;G10=1
158,optimal,1011492.5199887936,248686.61939682037,762805.9005919733,6754.5684,5991.762499887271,762.8059001127292,11.293184922262823,2.7458001515250526e-08,5.803054095238996e-08,762.8059000272406,0,0,0,0,0,,,,,,G2=1;G3=1;G4=1;G5=1;G9=1;G10=1
159,optimal,1011492.5199887936,248686.61939682037,762805.9005919733,6754.5684,5991.762499887271,762.8059001127292,11.293184922262823,2.7458001515250526e-08,5.803054095238996e-08,762.8059000272406,0,0,0,0,0,,,,,,G2=1;G3=1;G4=1;G5=1;G9=1;G10=1
160,optimal,1011492.5199887936,248686.61939682037,762805.9005919733,6754.5684,5991.762499887271,762.8059001127292,11.293184922262823,2.7458001515250526e-08,5.803054095238996e-08,762.8059000272406,0,0,0,0,0,,,,,,G2=1;G3=1;G4=1;G5=1;G9=1;G10=1
161,optimal,1011492.5199887936,248686.61939682037,762805.9005919733,6754.5684,5991.762499887271,762.8059001127292,11.293184922262823,2.7458001515250526e-08,5.803054095238996e-08,762.8059000272406,0,0,0,0,0,,,,,,G2=1;G3=1;G4=1;G5=1;G9=1;G10=1
162,optimal,1762008.5196608987,219202.6194002331,1542805.9002606657,6754.5684,5211.7624999602185,1542.8059000397816,22.840924966275885,1.2386286324785578e-08,2.7351815042006216e-08,1542.8059000000437,1,0,0,0,1,G2,,,,,G2=0;G3=1;G4=1;G5=1;G9=1;G10=1
163,optimal,1011492.5199887936,248686.61939682037,762805.9005919733,6754.5684,5991.762499887271,762.8059001127292,11.293184922262823,2.7458001515250526e-08,5.803054095238996e-08,762.8059000272406,0,0,0,0,0,,,,,,G2=1;G3=1;G4=1;G5=1;G9=1;G10=1
164,optimal,1011492.5199887936,248686.61939682037,762805.9005919733,6754.5684,5991.762499887271,762.8059001127292,11.293184922262823,2.7458001515250526e-08,5.803054095238996e-08,762.8059000272406,0,0,0,0,0,,,,,,G2=1;G3=1;G4=1;G5=1;G9=1;G10=1
165,optimal,1011492.5199887936,248686.61939682037,762805.9005919733,6754.5684,5991.762499887271,762.8059001127292,11.293184922262823,2.7458001515250526e-08,5.803054095238996e-08,762.8059000272406,0,0,0,0,0,,,,,,G2=1;G3=1;G4=1;G5=1;G9=1;G10=1
166,optimal,1011492.5199887936,248686.61939682037,762805.9005919733,6754.5684,5991.762499887271,762.8059001127292,11.293184922262823,2.7458001515250526e-08,5.803054095238996e-08,762.8059000272406,0,0,0,0,0,,,,,,G2=1;G3=1;G4=1;G5=1;G9=1;G10=1
167,optimal,1011492.5199887936,248686.61939682037,762805.9005919733,6754.5684,5991.762499887271,762.8059001127292,11.293184922262823,2.7458001515250526e-08,5.803054095238996e-08,762.8059000272406,0,0,0,0,0,,,,,,G2=1;G3=1;G4=1;G5=1;G9=1;G10=1
168,optimal,1011492.5199887936,248686.61939682037,762805.9005919733,6754.5684,5991.762499887271,762.8059001127292,11.293184922262823,2.7458001515250526e-08,5.803054095238996e-08,762.8059000272406,0,0,0,0,0,,,,,,G2=1;G3=1;G4=1;G5=1;G9=1;G10=1
169,optimal,1762008.5196608987,219202.6194002331,1542805.9002606657,6754.5684,5211.7624999602185,1542.8059000397816,22.840924966275885,1.2386286324785578e-08,2.7351815042006216e-08,1542.8059000000437,1,0,0,0,1,G2,,,,,G2=0;G3=1;G4=1;G5=1;G9=1;G10=1
170,optimal,1856229.960667825,215924.06002137897,1640305.900646446,6754.5684,5114.2624998873,1640.3059001127006,24.284392472992064,2.971388210049674e-08,6.65801420753459e-08,1640.3059000164064,1,0,0,0,1,G9,,,,,G2=1;G3=1;G4=1;G5=1;G9=0;G10=1
171,optimal,1011492.5199887936,248686.61939682037,762805.9005919733,6754.5684,5991.762499887271,762.8059001127292,11.293184922262823,2.7458001515250526e-08,5.803054095238996e-08,762.8059000272406,0,0,0,0,0,,,,,,G2=1;G3=1;G4=1;G5=1;G9=1;G10=1
172,optimal,1059303.915295344,244598.0152496554,814705.9000456887,6754.5684,5939.862499992285,814.705900007715,12.061553777554684,2.2455970960929303e-09,4.440882501562303e-09,814.7059000010283,0,1,0,1,0,,L32,,,L32,G2=1;G3=1;G4=1;G5=1;G9=1;G10=1
173,optimal,1011492.5199887936,248686.61939682037,762805.9005919733,6754.5684,5991.762499887271,762.8059001127292,11.293184922262823,2.7458001515250526e-08,5.803054095238996e-08,762.8059000272406,0,0,0,0,0,,,,,,G2=1;G3=1;G4=1;G5=1;G9=1;G10=1
174,optimal,1011492.5199887936,248686.61939682037,762805.9005919733,6754.5684,5991.762499887271,762.8059001127292,11.293184922262823,2.7458001515250526e-08,5.803054095238996e-08,762.8059000272406,0,0,0,0,0,,,,,,G2=1;G3=1;G4=1;G5=1;G9=1;G10=1
175,optimal,1011492.5199887936,248686.61939682037,762805.9005919733,6754.5684,5991.762499887271,762.8059001127292,11.293184922262823,2.7458001515250526e-08,5.803054095238996e-08,762.8059000272406,0,0,0,0,0,,,,,,G2=1;G3=1;G4=1;G5=1;G9=1;G10=1
176,optimal,1011492.5199887936,248686.61939682037,762805.9005919733,6754.5684,5991.762499887271,762.8059001127292,11.293184922262823,2.7458001515250526e-08,5.803054095238996e-08,762.8059000272406,0,0,0,0,0,,,,,,G2=1;G3=1;G4=1;G5=1;G9=1;G10=1
177,optimal,1011492.5199887936,248686.61939682037,762805.9005919733,6754.5684,5991.762499887271,762.8059001127292,11.293184922262823,2.7458001515250526e-08,5.803054095238996e-08,762.8059000272406,0,0,0,0,0,,,,,,G2=1;G3=1;G4=1;G5=1;G9=1;G10=1
178,optimal,1011492.5199887936,248686.61939682037,762805.9005919733,6754.5684,5991.762499887271,762.8059001127292,11.293184922262823,2.7458001515250526e-08,5.803054095238996e-08,762.8059000272406,0,0,0,0,0,,,,,,G2=1;G3=1;G4=1;G5=1;G9=1;G10=1
179,optimal,1011492.5199772536,248686.61939679703,762805.9005804566,6754.5684,5991.7624998878755,762.8059001121248,11.293184922253875,2.6780497300613745e-08,5.682676280058436e-08,762.8059000285176,0,1,0,1,0,,L15,,,L15,G2=1;G3=1;G4=1;G5=1;G9=1;G10=1
180,optimal,1011492.5199887936,248686.61939682037,762805.9005919733,6754.5684,5991.762499887271,762.8059001127292,11.293184922262823,2.7458001515250526e-08,5.803054095238996e-08,762.8059000272406,0,0,0,0,0,,,,,,G2=1;G3=1;G4=1;G5=1;G9=1;G10=1
181,optimal,1011492.5199887936,248686.61939682037,762805.9005919733,6754.5684,5991.762499887271,762.8059001127292,11.293184922262823,2.7458001515250526e-08,5.803054095238996e-08,762.8059000272406,0,0,0,0,0,,,,,,G2=1;G3=1;G4=1;G5=1;G9=1;G10=1
182,optimal,1011492.5199887936,248686.61939682037,762805.9005919733,6754.5684,5991.762499887271,762.8059001127292,11.293184922262823,2.7458001515250526e-08,5.803054095238996e-08,762.8059000272406,0,0,0,0,0,,,,,,G2=1;G3=1;G4=1;G5=1;G9=1;G10=1
183,optimal,1011492.5199887936,248686.61939682037,762805.9005919733,6754.5684,5991.762499887271,762.8059001127292,11.293184922262823,2.7458001515250526e-08,5.803054095238996e-08,762.8059000272406,0,0,0,0,0,,,,,,G2=1;G3=1;G4=1;G5=1;G9=1;G10=1
184,optimal,1011492.5199887936,248686.61939682037,762805.9005919733,6754.5684,5991.762499887271,762.8059001127292,11.293184922262823,2.7458001515250526e-08,5.803054095238996e-08,762.8059000272406,0,0,0,0,0,,,,,,G2=1;G3=1;G4=1;G5=1;G9=1;G10=1
185,optimal,1011492.5199887936,248686.61939682037,762805.9005919733,6754.5684,5991.762499887271,762.8059001127292,11.293184922262823,2.7458001515250526e-08,5.803054095238996e-08,762.8059000272406,0,0,0,0,0,,,,,,G2=1;G3=1;G4=1;G5=1;G9=1;G10=1
186,optimal,1011492.5199887936,248686.61939682037,762805.9005919733,6754.5684,5991.762499887271,762.8059001127292,11.293184922262823,2.7458001515250526e-08,5.803054095238996e-08,762.8059000272406,0,0,0,0,0,,,,,,G2=1;G3=1;G4=1;G5=1;G9=1;G10=1
187,optimal,1011492.5199772536,248686.61939679703,762805.9005804566,6754.5684,5991.7624998878755,762.8059001121248,11.293184922253875,2.6780497300613745e-08,5.682676280058436e-08,762.8059000285176,0,1,0,1,0,,L15,,,L15,G2=1;G3=1;G4=1;G5=1;G9=1;G10=1
188,optimal,1011492.5199887936,248686.61939682037,762805.9005919733,6754.5684,5991.762499887271,762.8059001127292,11.293184922262823,2.7458001515250526e-08,5.803054095238996e-08,762.8059000272406,1,0,0,0,0,G8,,,,,G2=1;G3=1;G4=1;G5=1;G9=1;G10=1
189,optimal,1011492.5199887936,248686.61939682037,762805.9005919733,6754.5684,5991.762499887271,762.8059001127292,11.293184922262823,2.7458001515250526e-08,5.803054095238996e-08,762.8059000272406,0,0,0,0,0,,,,,,G2=1;G3=1;G4=1;G5=1;G9=1;G10=1
190,optimal,1011492.5199560132,248686.6193971213,762805.9005588919,6754.5684,5991.7624998938645,762.8059001061357,11.293184922165207,2.592100411685079e-08,5.486681039887349e-08,762.805900025348,0,1,0,1,0,,L36,,,L36,G2=1;G3=1;G4=1;G5=1;G9=1;G10=1
191,optimal,1011492.5199887936,248686.61939682037,762805.9005919733,6754.5684,5991.762499887271,762.8059001127292,11.293184922262823,2.7458001515250526e-08,5.803054095238996e-08,762.8059000272406,0,0,0,0,0,,,,,,G2=1;G3=1;G4=1;G5=1;G9=1;G10=1
192,optimal,1011492.5199887936,248686.61939682037,762805.9005919733,6754.5684,5991.762499887271,762.8059001127292,11.293184922262823,2.7458001515250526e-08,5.803054095238996e-08,762.8059000272406,0,0,0,0,0,,,,,,G2=1;G3=1;G4=1;G5=1;G9=1;G10=1
193,optimal,1760144.3196719813,217338.41940008034,1542805.900271901,6754.5684,5211.762499954262,1542.8059000457379,22.840924966364064,1.2671097422401753e-08,2.803087046639168e-08,1542.8059000050362,1,0,0,0,1,G3,,,,,G2=1;G3=0;G4=1;G5=1;G9=1;G10=1
194,optimal,1011492.5199887936,248686.61939682037,762805.9005919733,6754.5684,5991.762499887271,762.8059001127292,11.293184922262823,2.7458001515250526e-08,5.803054095238996e-08,762.8059000272406,0,0,0,0,0,,,,,,G2=1;G3=1;G4=1;G5=1;G9=1;G10=1
195,optimal,1011492.5199887936,248686.61939682037,762805.9005919733,6754.5684,5991.762499887271,762.8059001127292,11.293184922262823,2.7458001515250526e-08,5.803054095238996e-08,762.8059000272406,0,0,0,0,0,,,,,,G2=1;G3=1;G4=1;G5=1;G9=1;G10=1
196,optimal,1011492.5199887936,248686.61939682037,762805.9005919733,6754.5684,5991.762499887271,762.8059001127292,11.293184922262823,2.7458001515250526e-08,5.803054095238996e-08,762.8059000272406,0,0,0,0,0,,,,,,G2=1;G3=1;G4=1;G5=1;G9=1;G10=1
197,optimal,1011492.5199887936,248686.61939682037,762805.9005919733,6754.5684,5991.762499887271,762.8059001127292,11.293184922262823,2.7458001515250526e-08,5.803054095238996e-08,762.8059000272406,0,0,0,0,0,,,,,,G2=1;G3=1;G4=1;G5=1;G9=1;G10=1
198,optimal,1011492.5199887936,248686.61939682037,762805.9005919733,6754.5684,5991.762499887271,762.8059001127292,11.293184922262823,2.7458001515250526e-08,5.803054095238996e-08,762.8059000272406,0,0,0,0,0,,,,,,G2=1;G3=1;G4=1;G5=1;G9=1;G10=1
199,optimal,1183124.3197193726,240318.41939936177,942805.9003200107,6754.5684,5811.762499947186,942.8059000528137,13.95804800870495,1.4920159021464624e-08,3.322893986277687e-08,942.8059000046644,0,1,0,1,0,,L19,,,L19,G2=1;G3=1;G4=1;G5=1;G9=1;G10=1
200,optimal,1011492.5199887936,248686.61939682037,762805.9005919733,6754.5684,5991.762499887271,762.8059001127292,11.293184922262823,2.7458001515250526e-08,5.803054095238996e-08,762.8059000272406,1,0,0,0,0,G8,,,,,G2=1;G3=1;G4=1;G5=1;G9=1;G10=1
201,optimal,1011492.5199887936,248686.61939682037,762805.9005919733,6754.5684,5991.762499887271,762.8059001127292,11.293184922262823,2.7458001515250526e-08,5.803054095238996e-08,762.8059000272406,0,0,0,0,0,,,,,,G2=1;G3=1;G4=1;G5=1;G9=1;G10=1
202,optimal,1011492.5199887936,248686.61939682037,762805.9005919733,6754.5684,5991.762499887271,762.8059001127292,11.293184922262823,2.7458001515250526e-08,5.803054095238996e-08,762.8059000272406,0,0,0,0,0,,,,,,G2=1;G3=1;G4=1;G5=1;G9=1;G10=1
203,optimal,1183124.3194760673,240318.41940060625,942805.900075461,6754.5684,5811.762499986177,942.805900013823,13.9580480081277,3.3780650802142544e-09,7.808887296790137e-09,942.805900002636,0,1,0,1,0,,L18,,,L18,G2=1;G3=1;G4=1;G5=1;G9=1;G10=1
204,optimal,1011492.5199887936,248686.61939682037,762805.9005919733,6754.5684,5991.762499887271,762.8059001127292,11.293184922262823,2.7458001515250526e-08,5.803054095238996e-08,762.8059000272406,0,0,0,0,0,,,,,,G2=1;G3=1;G4=1;G5=1;G9=1;G10=1
205,optimal,1856229.960667825,215924.06002137897,1640305.900646446,6754.5684,5114.2624998873,1640.3059001127006,24.284392472992064,2.971388210049674e-08,6.65801420753459e-08,1640.3059000164064,1,0,0,0,1,G9,,,,,G2=1;G3=1;G4=1;G5=1;G9=0;G10=1
206,optimal,1011492.5199481501,248686.61939720306,762805.9005509471,6754.5684,5991.762499894975,762.805900105025,11.293184922148763,2.5376478516065674e-08,5.438341616243902e-08,762.8059000252651,0,1,0,1,0,,L38,,,L38,G2=1;G3=1;G4=1;G5=1;G9=1;G10=1
207,optimal,1011492.5199887936,248686.61939682037,762805.9005919733,6754.5684,5991.762499887271,762.8059001127292,11.293184922262823,2.7458001515250526e-08,5.803054095238996e-08,762.8059000272406,0,0,0,0,0,,,,,,G2=1;G3=1;G4=1;G5=1;G9=1;G10=1
208,optimal,1011492.5199887936,248686.61939682037,762805.9005919733,6754.5684,5991.762499887271,762.8059001127292,11.293184922262823,2.7458001515250526e-08,5.803054095238996e-08,762.8059000272406,0,0,0,0,0,,,,,,G2=1;G3=1;G4=1;G5=1;G9=1;G10=1
209,optimal,1011492.5199887936,248686.61939682037,762805.9005919733,6754.5684,5991.762499887271,762.8059001127292,11.293184922262823,2.7458001515250526e-08,5.803054095238996e-08,762.8059000272406,0,0,0,0,0,,,,,,G2=1;G3=1;G4=1;G5=1;G9=1;G10=1
210,optimal,1011492.5199887936,248686.61939682037,762805.9005919733,6754.5684,5991.762499887271,762.8059001127292,11.293184922262823,2.7458001515250526e-08,5.803054095238996e-08,762.8059000272406,0,0,0,0,0,,,,,,G2=1;G3=1;G4=1;G5=1;G9=1;G10=1
211,optimal,1011492.5199887936,248686.61939682037,762805.9005919733,6754.5684,5991.762499887271,762.8059001127292,11.293184922262823,2.7458001515250526e-08,5.803054095238996e-08,762.8059000272406,0,0,0,0,0,,,,,,G2=1;G3=1;G4=1;G5=1;G9=1;G10=1
212,optimal,1011492.5199887936,248686.61939682037,762805.9005919733,6754.5684,5991.762499887271,762.8059001127292,11.293184922262823,2.7458001515250526e-08,5.803054095238996e-08,762.8059000272406,0,0,0,0,0,,,,,,G2=1;G3=1;G4=1;G5=1;G9=1;G10=1
213,optimal,1011492.5202408661,248686.6194325539,762805.9008083122,6754.5684,5991.762499851767,762.8059001482333,11.293184922788454,3.6184019919627077e-08,8.360569066035258e-08,762.8059000284436,0,1,0,1,0,,L45,,,L45,G2=1;G3=1;G4=1;G5=1;G9=1;G10=1
214,optimal,1809272.2391835516,238966.33814384614,1570305.9010397056,6754.5684,5184.262499825423,1570.305900174577,23.24805682883568,4.869627558902072e-08,1.0671562093651315e-07,1570.3059000191647,1,0,0,0,0,G1,,,,,G2=1;G3=1;G4=1;G5=1;G9=1;G10=1
215,optimal,1011492.5199887936,248686.61939682037,762805.9005919733,6754.5684,5991.762499887271,762.8059001127292,11.293184922262823,2.7458001515250526e-08,5.803054095238996e-08,762.8059000272406,0,0,0,0,0,,,,,,G2=1;G3=1;G4=1;G5=1;G9=1;G10=1
216,optimal,1651070.9307264644,222365.03024655534,1428705.900479909,6754.5684,5325.86249991447,1428.7059000855293,21.151697865485072,2.2397464574565604e-08,4.820062919553181e-08,1428.705900014931,1,0,0,0,1,G5,,,,,G2=1;G3=1;G4=1;G5=0;G9=1;G10=1
217,optimal,1011492.5199887936,248686.61939682037,762805.9005919733,6754.5684,5991.762499887271,762.8059001127292,11.293184922262823,2.7458001515250526e-08,5.803054095238996e-08,762.8059000272406,0,0,0,0,0,,,,,,G2=1;G3=1;G4=1;G5=1;G9=1;G10=1
218,optimal,1011492.5199887936,248686.61939682037,762805.9005919733,6754.5684,5991.762499887271,762.8059001127292,11.293184922262823,2.7458001515250526e-08,5.803054095238996e-08,762.8059000272406,0,0,0,0,0,,,,,,G2=1;G3=1;G4=1;G5=1;G9=1;G10=1
219,optimal,2581584.3247002997,150128.4243727324,2431455.9003275675,6754.5684,4323.112499944371,2431.4559000556287,35.997205980705274,1.5573996758644172e-08,3.2943354183120575e-08,2431.4559000071113,2,0,0,0,2,G5;G10,,,,,G2=1;G3=1;G4=1;G5=0;G9=1;G10=0
220,optimal,1011492.5198578504,248686.61939773144,762805.900460119,6754.5684,5991.762499908011,762.8059000919891,11.293184921955769,2.0762048508068897e-08,4.531783302383731e-08,762.8059000259093,0,1,0,1,0,,L12,,,L12,G2=1;G3=1;G4=1;G5=1;G9=1;G10=1
221,optimal,1651070.9307264644,222365.03024655534,1428705.900479909,6754.5684,5325.86249991447,1428.7059000855293,21.151697865485072,2.2397464574565604e-08,4.820062919553181e-08,1428.705900014931,1,0,0,0,1,G5,,,,,G2=1;G3=1;G4=1;G5=0;G9=1;G10=1
222,optimal,1011492.5199887936,248686.61939682037,762805.9005919733,6754.5684,5991.762499887271,762.8059001127292,11.293184922262823,2.7458001515250526e-08,5.803054095238996e-08,762.8059000272406,0,0,0,0,0,,,,,,G2=1;G3=1;G4=1;G5=1;G9=1;G10=1
223,optimal,1011492.5199887936,248686.61939682037,762805.9005919733,6754.5684,5991.762499887271,762.8059001127292,11.293184922262823,2.7458001515250526e-08,5.803054095238996e-08,762.8059000272406,1,0,0,0,0,G6,,,,,G2=1;G3=1;G4=1;G5=1;G9=1;G10=1
224,optimal,1011492.5199887936,248686.61939682037,762805.9005919733,6754.5684,5991.762499887271,762.8059001127292,11.293184922262823,2.7458001515250526e-08,5.803054095238996e-08,762.8059000272406,0,0,0,0,0,,,,,,G2=1;G3=1;G4=1;G5=1;G9=1;G10=1
225,optimal,1011492.5199887936,248686.61939682037,762805.9005919733,6754.5684,5991.762499887271,762.8059001127292,11.293184922262823,2.7458001515250526e-08,5.803054095238996e-08,762.8059000272406,0,0,0,0,0,,,,,,G2=1;G3=1;G4=1;G5=1;G9=1;G10=1
226,optimal,1011492.5199887936,248686.61939682037,762805.9005919733,6754.5684,5991.762499887271,762.8059001127292,11.293184922262823,2.7458001515250526e-08,5.803054095238996e-08,762.8059000272406,0,0,0,0,0,,,,,,G2=1;G3=1;G4=1;G5=1;G9=1;G10=1
227,optimal,1011492.5199887936,248686.61939682037,762805.9005919733,6754.5684,5991.762499887271,762.8059001127292,11.293184922262823,2.7458001515250526e-08,5.803054095238996e-08,762.8059000272406,0,0,0,0,0,,,,,,G2=1;G3=1;G4=1;G5=1;G9=1;G10=1
228,optimal,1011492.5199887936,248686.61939682037,762805.9005919733,6754.5684,5991.762499887271,762.8059001127292,11.293184922262823,2.7458001515250526e-08,5.803054095238996e-08,762.8059000272406,0,0,0,0,0,,,,,,G2=1;G3=1;G4=1;G5=1;G9=1;G10=1
229,optimal,1011492.5199887936,248686.61939682037,762805.9005919733,6754.5684,5991.762499887271,762.8059001127292,11.293184922262823,2.7458001515250526e-08,5.803054095238996e-08,762.8059000272406,0,0,0,0,0,,,,,,G2=1;G3=1;G4=1;G5=1;G9=1;G10=1
230,optimal,1011492.5199887936,248686.61939682037,762805.9005919733,6754.5684,5991.762499887271,762.8059001127292,11.293184922262823,2.7458001515250526e-08,5.803054095238996e-08,762.8059000272406,0,0,0,0,0,,,,,,G2=1;G3=1;G4=1;G5=1;G9=1;G10=1
231,optimal,1011492.5199887936,248686.61939682037,762805.9005919733,6754.5684,5991.762499887271,762.8059001127292,11.293184922262823,2.7458001515250526e-08,5.803054095238996e-08,762.8059000272406,0,0,0,0,0,,,,,,G2=1;G3=1;G4=1;G5=1;G9=1;G10=1
232,optimal,1760144.3196719813,217338.41940008034,1542805.900271901,6754.5684,5211.762499954262,1542.8059000457379,22.840924966364064,1.2671097422401753e-08,2.803087046639168e-08,1542.8059000050362,1,0,0,0,1,G3,,,,,G2=1;G3=0;G4=1;G5=1;G9=1;G10=1
233,optimal,1011492.5199887936,248686.61939682037,762805.9005919733,6754.5684,5991.762499887271,762.8059001127292,11.293184922262823,2.7458001515250526e-08,5.803054095238996e-08,762.8059000272406,1,0,0,0,0,G8,,,,,G2=1;G3=1;G4=1;G5=1;G9=1;G10=1
234,optimal,1050385.2421281475,246727.7419585112,803657.5001696362,6754.5684,5950.910899950781,803.6575000492193,11.897984481868882,6.819111613143224e-09,1.4761330403713158e-08,803.6575000276387,0,1,0,1,0,,L10,,,L10,G2=1;G3=1;G4=1;G5=1;G9=1;G10=1
235,optimal,1011492.5199887936,248686.61939682037,762805.9005919733,6754.5684,5991.762499887271,762.8059001127292,11.293184922262823,2.7458001515250526e-08,5.803054095238996e-08,762.8059000272406,0,0,0,0,0,,,,,,G2=1;G3=1;G4=1;G5=1;G9=1;G10=1
236,optimal,1011492.5199887936,248686.61939682037,762805.9005919733,6754.5684,5991.762499887271,762.8059001127292,11.293184922262823,2.7458001515250526e-08,5.803054095238996e-08,762.8059000272406,0,0,0,0,0,,,,,,G2=1;G3=1;G4=1;G5=1;G9=1;G10=1
237,optimal,1011492.5199887936,248686.61939682037,762805.9005919733,6754.5684,5991.762499887271,762.8059001127292,11.293184922262823,2.7458001515250526e-08,5.803054095238996e-08,762.8059000272406,0,0,0,0,0,,,,,,G2=1;G3=1;G4=1;G5=1;G9=1;G10=1
238,optimal,1011492.5199887936,248686.61939682037,762805.9005919733,6754.5684,5991.762499887271,762.8059001127292,11.293184922262823,2.7458001515250526e-08,5.803054095238996e-08,762.8059000272406,0,0,0,0,0,,,,,,G2=1;G3=1;G4=1;G5=1;G9=1;G10=1
239,optimal,1011492.5199887936,248686.61939682037,762805.9005919733,6754.5684,5991.762499887271,762.8059001127292,11.293184922262823,2.7458001515250526e-08,5.803054095238996e-08,762.8059000272406,0,0,0,0,0,,,,,,G2=1;G3=1;G4=1;G5=1;G9=1;G10=1
240,optimal,1011492.5199887936,248686.61939682037,762805.9005919733,6754.5684,5991.762499887271,762.8059001127292,11.293184922262823,2.7458001515250526e-08,5.803054095238996e-08,762.8059000272406,0,0,0,0,0,,,,,,G2=1;G3=1;G4=1;G5=1;G9=1;G10=1
241,optimal,1011492.5199887936,248686.61939682037,762805.9005919733,6754.5684,5991.762499887271,762.8059001127292,11.293184922262823,2.7458001515250526e-08,5.803054095238996e-08,762.8059000272406,0,0,0,0,0,,,,,,G2=1;G3=1;G4=1;G5=1;G9=1;G10=1
242,optimal,1011492.5199887936,248686.61939682037,762805.9005919733,6754.5684,5991.762499887271,762.8059001127292,11.293184922262823,2.7458001515250526e-08,5.803054095238996e-08,762.8059000272406,0,0,0,0,0,,,,,,G2=1;G3=1;G4=1;G5=1;G9=1;G10=1
243,optimal,1651070.9307264644,222365.03024655534,1428705.900479909,6754.5684,5325.86249991447,1428.7059000855293,21.151697865485072,2.2397464574565604e-08,4.820062919553181e-08,1428.705900014931,1,0,0,0,1,G5,,,,,G2=1;G3=1;G4=1;G5=0;G9=1;G10=1
244,optimal,1011492.5199887936,248686.61939682037,762805.9005919733,6754.5684,5991.762499887271,762.8059001127292,11.293184922262823,2.7458001515250526e-08,5.803054095238996e-08,762.8059000272406,0,0,0,0,0,,,,,,G2=1;G3=1;G4=1;G5=1;G9=1;G10=1
245,optimal,1011492.5199887936,248686.61939682037,762805.9005919733,6754.5684,5991.762499887271,762.8059001127292,11.293184922262823,2.7458001515250526e-08,5.803054095238996e-08,762.8059000272406,0,0,0,0,0,,,,,,G2=1;G3=1;G4=1;G5=1;G9=1;G10=1
246,optimal,1011492.5200974084,248686.61939573797,762805.9007016704,6754.5684,5991.762499865159,762.805900134841,11.293184922590182,3.246596291644292e-08,6.86589279458331e-08,762.8059000337163,0,1,0,1,0,,L16,,,L16,G2=1;G3=1;G4=1;G5=1;G9=1;G10=1
247,optimal,1011492.5199887936,248686.61939682037,762805.9005919733,6754.5684,5991.762499887271,762.8059001127292,11.293184922262823,2.7458001515250526e-08,5.803054095238996e-08,762.8059000272406,0,0,0,0,0,,,,,,G2=1;G3=1;G4=1;G5=1;G9=1;G10=1
248,optimal,1011492.5199887936,248686.61939682037,762805.9005919733,6754.5684,5991.762499887271,762.8059001127292,11.293184922262823,2.7458001515250526e-08,5.803054095238996e-08,762.8059000272406,0,0,0,0,0,,,,,,G2=1;G3=1;G4=1;G5=1;G9=1;G10=1
249,optimal,1011492.5199887936,248686.61939682037,762805.9005919733,6754.5684,5991.762499887271,762.8059001127292,11.293184922262823,2.7458001515250526e-08,5.803054095238996e-08,762.8059000272406,0,0,0,0,0,,,,,,G2=1;G3=1;G4=1;G5=1;G9=1;G10=1
250,optimal,1762008.5196608987,219202.6194002331,1542805.9002606657,6754.5684,5211.7624999602185,1542.8059000397816,22.840924966275885,1.2386286324785578e-08,2.7351815042006216e-08,1542.8059000000437,1,0,0,0,1,G2,,,,,G2=0;G3=1;G4=1;G5=1;G9=1;G10=1
251,optimal,1011492.5199887936,248686.61939682037,762805.9005919733,6754.5684,5991.762499887271,762.8059001127292,11.293184922262823,2.7458001515250526e-08,5.803054095238996e-08,762.8059000272406,0,0,0,0,0,,,,,,G2=1;G3=1;G4=1;G5=1;G9=1;G10=1
252,optimal,1856229.960667825,215924.06002137897,1640305.900646446,6754.5684,5114.2624998873,1640.3059001127006,24.284392472992064,2.971388210049674e-08,6.65801420753459e-08,1640.3059000164064,1,0,0,0,1,G9,,,,,G2=1;G3=1;G4=1;G5=1;G9=0;G10=1
253,optimal,1011492.5199887936,248686.61939682037,762805.9005919733,6754.5684,5991.762499887271,762.8059001127292,11.293184922262823,2.7458001515250526e-08,5.803054095238996e-08,762.8059000272406,0,0,0,0,0,,,,,,G2=1;G3=1;G4=1;G5=1;G9=1;G10=1
254,optimal,1011492.5199887936,248686.61939682037,762805.9005919733,6754.5684,5991.762499887271,762.8059001127292,11.293184922262823,2.7458001515250526e-08,5.803054095238996e-08,762.8059000272406,0,0,0,0,0,,,,,,G2=1;G3=1;G4=1;G5=1;G9=1;G10=1
255,optimal,1011492.5199887936,248686.61939682037,762805.9005919733,6754.5684,5991.762499887271,762.8059001127292,11.293184922262823,2.7458001515250526e-08,5.803054095238996e-08,762.8059000272406,0,0,0,0,0,,,,,,G2=1;G3=1;G4=1;G5=1;G9=1;G10=1
256,optimal,1011492.5199887936,248686.61939682037,762805.9005919733,6754.5684,5991.762499887271,762.8059001127292,11.293184922262823,2.7458001515250526e-08,5.803054095238996e-08,762.8059000272406,0,0,0,0,0,,,,,,G2=1;G3=1;G4=1;G5=1;G9=1;G10=1
257,optimal,1011492.5199887936,248686.61939682037,762805.9005919733,6754.5684,5991.762499887271,762.8059001127292,11.293184922262823,2.7458001515250526e-08,5.803054095238996e-08,762.8059000272406,0,0,0,0,0,,,,,,G2=1;G3=1;G4=1;G5=1;G9=1;G10=1
258,optimal,1011492.5199887936,248686.61939682037,762805.9005919733,6754.5684,5991.762499887271,762.8059001127292,11.293184922262823,2.7458001515250526e-08,5.803054095238996e-08,762.8059000272406,0,0,0,0,0,,,,,,G2=1;G3=1;G4=1;G5=1;G9=1;G10=1
259,optimal,1011492.5199887936,248686.61939682037,762805.9005919733,6754.5684,5991.762499887271,762.8059001127292,11.293184922262823,2.7458001515250526e-08,5.803054095238996e-08,762.8059000272406,0,0,0,0,0,,,,,,G2=1;G3=1;G4=1;G5=1;G9=1;G10=1
260,optimal,1011492.5199887936,248686.61939682037,762805.9005919733,6754.5684,5991.762499887271,762.8059001127292,11.293184922262823,2.7458001515250526e-08,5.803054095238996e-08,762.8059000272406,0,0,0,0,0,,,,,,G2=1;G3=1;G4=1;G5=1;G9=1;G10=1
261,optimal,1011492.5199887936,248686.61939682037,762805.9005919733,6754.5684,5991.762499887271,762.8059001127292,11.293184922262823,2.7458001515250526e-08,5.803054095238996e-08,762.8059000272406,0,0,0,0,0,,,,,,G2=1;G3=1;G4=1;G5=1;G9=1;G10=1
262,optimal,1011492.5199887936,248686.61939682037,762805.9005919733,6754.5684,5991.762499887271,762.8059001127292,11.293184922262823,2.7458001515250526e-08,5.803054095238996e-08,762.8059000272406,0,0,0,0,0,,,,,,G2=1;G3=1;G4=1;G5=1;G9=1;G10=1
263,optimal,1011492.5199887936,248686.61939682037,762805.9005919733,6754.5684,5991.762499887271,762.8059001127292,11.293184922262823,2.7458001515250526e-08,5.803054095238996e-08,762.8059000272406,0,0,0,0,0,,,,,,G2=1;G3=1;G4=1;G5=1;G9=1;G10=1
264,optimal,1011492.5199887936,248686.61939682037,762805.9005919733,6754.5684,5991.762499887271,762.8059001127292,11.293184922262823,2.7458001515250526e-08,5.803054095238996e-08,762.8059000272406,0,0,0,0,0,,,,,,G2=1;G3=1;G4=1;G5=1;G9=1;G10=1
265,optimal,1809272.2391835516,238966.33814384614,1570305.9010397056,6754.5684,5184.262499825423,1570.305900174577,23.24805682883568,4.869627558902072e-08,1.0671562093651315e-07,1570.3059000191647,1,0,0,0,0,G1,,,,,G2=1;G3=1;G4=1;G5=1;G9=1;G10=1
266,optimal,1011492.5199481501,248686.61939720306,762805.9005509471,6754.5684,5991.762499894975,762.805900105025,11.293184922148763,2.5376478516065674e-08,5.438341616243902e-08,762.8059000252651,0,1,0,1,0,,L38,,,L38,G2=1;G3=1;G4=1;G5=1;G9=1;G10=1
267,optimal,1011492.5199887936,248686.61939682037,762805.9005919733,6754.5684,5991.762499887271,762.8059001127292,11.293184922262823,2.7458001515250526e-08,5.803054095238996e-08,762.8059000272406,0,0,0,0,0,,,,,,G2=1;G3=1;G4=1;G5=1;G9=1;G10=1
268,optimal,1011492.5199887936,248686.61939682037,762805.9005919733,6754.5684,5991.762499887271,762.8059001127292,11.293184922262823,2.7458001515250526e-08,5.803054095238996e-08,762.8059000272406,0,0,0,0,0,,,,,,G2=1;G3=1;G4=1;G5=1;G9=1;G10=1
269,optimal,1856229.960667825,215924.06002137897,1640305.900646446,6754.5684,5114.2624998873,1640.3059001127006,24.284392472992064,2.971388210049674e-08,6.65801420753459e-08,1640.3059000164064,1,0,0,0,1,G9,,,,,G2=1;G3=1;G4=1;G5=1;G9=0;G10=1
270,optimal,1011492.5199887936,248686.61939682037,762805.9005919733,6754.5684,5991.762499887271,762.8059001127292,11.293184922262823,2.7458001515250526e-08,5.803054095238996e-08,762.8059000272406,0,0,0,0,0,,,,,,G2=1;G3=1;G4=1;G5=1;G9=1;G10=1
271,optimal,1011492.5199887936,248686.61939682037,762805.9005919733,6754.5684,5991.762499887271,762.8059001127292,11.293184922262823,2.7458001515250526e-08,5.803054095238996e-08,762.8059000272406,0,0,0,0,0,,,,,,G2=1;G3=1;G4=1;G5=1;G9=1;G10=1
272,optimal,1011492.5199887936,248686.61939682037,762805.9005919733,6754.5684,5991.762499887271,762.8059001127292,11.293184922262823,2.7458001515250526e-08,5.803054095238996e-08,762.8059000272406,0,0,0,0,0,,,,,,G2=1;G3=1;G4=1;G5=1;G9=1;G10=1
273,optimal,1011492.5199887936,248686.61939682037,762805.9005919733,6754.5684,5991.762499887271,762.8059001127292,11.293184922262823,2.7458001515250526e-08,5.803054095238996e-08,762.8059000272406,0,0,0,0,0,,,,,,G2=1;G3=1;G4=1;G5=1;G9=1;G10=1
274,optimal,2557924.0388000086,207618.13815286107,2350305.9006471476,6754.5684,4404.2624998804995,2350.3059001195006,34.795796873113325,2.8476162410615e-08,6.784027419338427e-08,2350.305900023184,2,0,0,0,1,G1;G3,,,,,G2=1;G3=0;G4=1;G5=1;G9=1;G10=1
275,optimal,2218884.7404575264,238966.3381407885,1979918.402316738,6754.5684,4774.649999698195,1979.9184003018054,29.312285893822697,1.1670066691898488e-07,2.411564784289096e-07,1979.9183999439488,2,0,0,0,0,G1;G7,,,,,G2=1;G3=1;G4=1;G5=1;G9=1;G10=1
276,optimal,1011492.5199887936,248686.61939682037,762805.9005919733,6754.5684,5991.762499887271,762.8059001127292,11.293184922262823,2.7458001515250526e-08,5.803054095238996e-08,762.8059000272406,0,0,0,0,0,,,,,,G2=1;G3=1;G4=1;G5=1;G9=1;G10=1
277,optimal,1011492.5199887936,248686.61939682037,762805.9005919733,6754.5684,5991.762499887271,762.8059001127292,11.293184922262823,2.7458001515250526e-08,5.803054095238996e-08,762.8059000272406,0,0,0,0,0,,,,,,G2=1;G3=1;G4=1;G5=1;G9=1;G10=1
278,optimal,1011492.5199101808,248686.61939749436,762805.9005126865,6754.5684,5991.7624999029995,762.8059000970006,11.293184922029964,2.373691777507629e-08,5.051338230595122e-08,762.8059000227504,0,1,0,1,0,,L25,,,L25,G2=1;G3=1;G4=1;G5=1;G9=1;G10=1
279,optimal,1011492.5199887936,248686.61939682037,762805.9005919733,6754.5684,5991.762499887271,762.8059001127292,11.293184922262823,2.7458001515250526e-08,5.803054095238996e-08,762.8059000272406,0,0,0,0,0,,,,,,G2=1;G3=1;G4=1;G5=1;G9=1;G10=1
280,optimal,1617903.9156180217,203198.01524760606,1414705.9003704158,6754.5684,5339.862499933909,1414.7059000660913,20.944430736182806,1.7099460517201584e-08,3.7607266965054984e-08,1414.7059000113845,1,0,0,0,1,G4,,,,,G2=1;G3=1;G4=0;G5=1;G9=1;G10=1
281,optimal,1011492.5199887936,248686.61939682037,762805.9005919733,6754.5684,5991.762499887271,762.8059001127292,11.293184922262823,2.7458001515250526e-08,5.803054095238996e-08,762.8059000272406,0,0,0,0,0,,,,,,G2=1;G3=1;G4=1;G5=1;G9=1;G10=1
282,optimal,1011492.5201162217,248686.61939562004,762805.9007206017,6754.5684,5991.762499859609,762.8059001403907,11.293184922672346,3.3261229135326456e-08,7.021494363101387e-08,762.8059000369145,0,1,0,1,0,,L26,,,L26,G2=1;G3=1;G4=1;G5=1;G9=1;G10=1
283,optimal,1760144.3196719813,217338.41940008034,1542805.900271901,6754.5684,5211.762499954262,1542.8059000457379,22.840924966364064,1.2671097422401753e-08,2.803087046639168e-08,1542.8059000050362,1,0,0,0,1,G3,,,,,G2=1;G3=0;G4=1;G5=1;G9=1;G10=1
284,optimal,1011492.5199887936,248686.61939682037,762805.9005919733,6754.5684,5991.762499887271,762.8059001127292,11.293184922262823,2.7458001515250526e-08,5.803054095238996e-08,762.8059000272406,0,0,0,0,0,,,,,,G2=1;G3=1;G4=1;G5=1;G9=1;G10=1
285,optimal,1011492.5199887936,248686.61939682037,762805.9005919733,6754.5684,5991.762499887271,762.8059001127292,11.293184922262823,2.7458001515250526e-08,5.803054095238996e-08,762.8059000272406,0,0,0,0,0,,,,,,G2=1;G3=1;G4=1;G5=1;G9=1;G10=1
286,optimal,1011492.5199887936,248686.61939682037,762805.9005919733,6754.5684,5991.762499887271,762.8059001127292,11.293184922262823,2.7458001515250526e-08,5.803054095238996e-08,762.8059000272406,0,0,0,0,0,,,,,,G2=1;G3=1;G4=1;G5=1;G9=1;G10=1
287,optimal,1011492.5199560132,248686.6193971213,762805.9005588919,6754.5684,5991.7624998938645,762.8059001061357,11.293184922165207,2.592100411685079e-08,5.486681039887349e-08,762.805900025348,0,1,0,1,0,,L36,,,L36,G2=1;G3=1;G4=1;G5=1;G9=1;G10=1
288,optimal,1011492.5199887936,248686.61939682037,762805.9005919733,6754.5684,5991.762499887271,762.8059001127292,11.293184922262823,2.7458001515250526e-08,5.803054095238996e-08,762.8059000272406,0,0,0,0,0,,,,,,G2=1;G3=1;G4=1;G5=1;G9=1;G10=1
289,optimal,1011492.5199887936,248686.61939682037,762805.9005919733,6754.5684,5991.762499887271,762.8059001127292,11.293184922262823,2.7458001515250526e-08,5.803054095238996e-08,762.8059000272406,0,0,0,0,0,,,,,,G2=1;G3=1;G4=1;G5=1;G9=1;G10=1
290,optimal,1011492.5199887936,248686.61939682037,762805.9005919733,6754.5684,5991.762499887271,762.8059001127292,11.293184922262823,2.7458001515250526e-08,5.803054095238996e-08,762.8059000272406,0,0,0,0,0,,,,,,G2=1;G3=1;G4=1;G5=1;G9=1;G10=1
291,optimal,1762008.5196608987,219202.6194002331,1542805.9002606657,6754.5684,5211.7624999602185,1542.8059000397816,22.840924966275885,1.2386286324785578e-08,2.7351815042006216e-08,1542.8059000000437,1,0,0,0,1,G2,,,,,G2=0;G3=1;G4=1;G5=1;G9=1;G10=1
292,optimal,1617903.9156180217,203198.01524760606,1414705.9003704158,6754.5684,5339.862499933909,1414.7059000660913,20.944430736182806,1.7099460517201584e-08,3.7607266965054984e-08,1414.7059000113845,1,0,0,0,1,G4,,,,,G2=1;G3=1;G4=0;G5=1;G9=1;G10=1
293,optimal,1011492.5199887936,248686.61939682037,762805.9005919733,6754.5684,5991.762499887271,762.8059001127292,11.293184922262823,2.7458001515250526e-08,5.803054095238996e-08,762.8059000272406,0,0,0,0,0,,,,,,G2=1;G3=1;G4=1;G5=1;G9=1;G10=1
294,optimal,1011492.5199887936,248686.61939682037,762805.9005919733,6754.5684,5991.762499887271,762.8059001127292,11.293184922262823,2.7458001515250526e-08,5.803054095238996e-08,762.8059000272406,0,0,0,0,0,,,,,,G2=1;G3=1;G4=1;G5=1;G9=1;G10=1
295,optimal,1011492.5199887936,248686.61939682037,762805.9005919733,6754.5684,5991.762499887271,762.8059001127292,11.293184922262823,2.7458001515250526e-08,5.803054095238996e-08,762.8059000272406,0,0,0,0,0,,,,,,G2=1;G3=1;G4=1;G5=1;G9=1;G10=1
296,optimal,1011492.5199887936,248686.61939682037,762805.9005919733,6754.5684,5991.762499887271,762.8059001127292,11.293184922262823,2.7458001515250526e-08,5.803054095238996e-08,762.8059000272406,0,0,0,0,0,,,,,,G2=1;G3=1;G4=1;G5=1;G9=1;G10=1
297,optimal,1617903.9156180217,203198.01524760606,1414705.9003704158,6754.5684,5339.862499933909,1414.7059000660913,20.944430736182806,1.7099460517201584e-08,3.7607266965054984e-08,1414.7059000113845,1,0,0,0,1,G4,,,,,G2=1;G3=1;G4=0;G5=1;G9=1;G10=1
298,optimal,1942005.9141787183,176450.01352167473,1765555.9006570436,6754.5684,4989.012499876619,1765.555900123381,26.138693038083392,2.9752059733918543e-08,6.64735338223288e-08,1765.5559000271553,1,0,0,0,1,G10,,,,,G2=1;G3=1;G4=1;G5=1;G9=1;G10=0
299,optimal,1651070.9307264644,222365.03024655534,1428705.900479909,6754.5684,5325.86249991447,1428.7059000855293,21.151697865485072,2.2397464574565604e-08,4.820062919553181e-08,1428.705900014931,1,0,0,0,1,G5,,,,,G2=1;G3=1;G4=1;G5=0;G9=1;G10=1
300,optimal,1011492.5199887936,248686.61939682037,762805.9005919733,6754.5684,5991.762499887271,762.8059001127292,11.293184922262823,2.7458001515250526e-08,5.803054095238996e-08,762.8059000272406,0,0,0,0,0,,,,,,G2=1;G3=1;G4=1;G5=1;G9=1;G10=1
301,optimal,1011492.5199887936,248686.61939682037,762805.9005919733,6754.5684,5991.762499887271,762.8059001127292,11.293184922262823,2.7458001515250526e-08,5.803054095238996e-08,762.8059000272406,0,0,0,0,0,,,,,,G2=1;G3=1;G4=1;G5=1;G9=1;G10=1
302,optimal,1651070.9307264644,222365.03024655534,1428705.900479909,6754.5684,5325.86249991447,1428.7059000855293,21.151697865485072,2.2397464574565604e-08,4.820062919553181e-08,1428.705900014931,1,0,0,0,1,G5,,,,,G2=1;G3=1;G4=1;G5=0;G9=1;G10=1
303,optimal,1011492.5199887936,248686.61939682037,762805.9005919733,6754.5684,5991.762499887271,762.8059001127292,11.293184922262823,2.7458001515250526e-08,5.803054095238996e-08,762.8059000272406,0,0,0,0,0,,,,,,G2=1;G3=1;G4=1;G5=1;G9=1;G10=1
304,optimal,1617903.9156180217,203198.01524760606,1414705.9003704158,6754.5684,5339.862499933909,1414.7059000660913,20.944430736182806,1.7099460517201584e-08,3.7607266965054984e-08,1414.7059000113845,1,0,0,0,1,G4,,,,,G2=1;G3=1;G4=0;G5=1;G9=1;G10=1
305,optimal,2272757.5475211497,175551.64649433442,2097205.901026815,6754.5684,4657.362499841225,2097.2059001587754,31.048703277011384,4.821627598609084e-08,1.0852339726305997e-07,2097.205900002036,1,1,0,1,2,G5,L33,,,L33,G2=1;G3=1;G4=0;G5=0;G9=1;G10=1
306,optimal,1011492.5199887936,248686.61939682037,762805.9005919733,6754.5684,5991.762499887271,762.8059001127292,11.293184922262823,2.7458001515250526e-08,5.803054095238996e-08,762.8059000272406,0,0,0,0,0,,,,,,G2=1;G3=1;G4=1;G5=1;G9=1;G10=1
307,optimal,1011492.5199887936,248686.61939682037,762805.9005919733,6754.5684,5991.762499887271,762.8059001127292,11.293184922262823,2.7458001515250526e-08,5.803054095238996e-08,762.8059000272406,0,0,0,0,0,,,,,,G2=1;G3=1;G4=1;G5=1;G9=1;G10=1
308,optimal,1011492.5199887936,248686.61939682037,762805.9005919733,6754.5684,5991.762499887271,762.8059001127292,11.293184922262823,2.7458001515250526e-08,5.803054095238996e-08,762.8059000272406,0,0,0,0,0,,,,,,G2=1;G3=1;G4=1;G5=1;G9=1;G10=1
309,optimal,1011492.5199887936,248686.61939682037,762805.9005919733,6754.5684,5991.762499887271,762.8059001127292,11.293184922262823,2.7458001515250526e-08,5.803054095238996e-08,762.8059000272406,0,0,0,0,0,,,,,,G2=1;G3=1;G4=1;G5=1;G9=1;G10=1
310,optimal,1011492.5199887936,248686.61939682037,762805.9005919733,6754.5684,5991.762499887271,762.8059001127292,11.293184922262823,2.7458001515250526e-08,5.803054095238996e-08,762.8059000272406,0,0,0,0,0,,,,,,G2=1;G3=1;G4=1;G5=1;G9=1;G10=1
311,optimal,1011492.5199887936,248686.61939682037,762805.9005919733,6754.5684,5991.762499887271,762.8059001127292,11.293184922262823,2.7458001515250526e-08,5.803054095238996e-08,762.8059000272406,0,0,0,0,0,,,,,,G2=1;G3=1;G4=1;G5=1;G9=1;G10=1
312,optimal,1011492.5199887936,248686.61939682037,762805.9005919733,6754.5684,5991.762499887271,762.8059001127292,11.293184922262823,2.7458001515250526e-08,5.803054095238996e-08,762.8059000272406,0,0,0,0,0,,,,,,G2=1;G3=1;G4=1;G5=1;G9=1;G10=1
313,optimal,1011492.5199887936,248686.61939682037,762805.9005919733,6754.5684,5991.762499887271,762.8059001127292,11.293184922262823,2.7458001515250526e-08,5.803054095238996e-08,762.8059000272406,0,0,0,0,0,,,,,,G2=1;G3=1;G4=1;G5=1;G9=1;G10=1
314,optimal,1011492.5199887936,248686.61939682037,762805.9005919733,6754.5684,5991.762499887271,762.8059001127292,11.293184922262823,2.7458001515250526e-08,5.803054095238996e-08,762.8059000272406,0,0,0,0,0,,,,,,G2=1;G3=1;G4=1;G5=1;G9=1;G10=1
315,optimal,1011492.5199887936,248686.61939682037,762805.9005919733,6754.5684,5991.762499887271,762.8059001127292,11.293184922262823,2.7458001515250526e-08,5.803054095238996e-08,762.8059000272406,0,0,0,0,0,,,,,,G2=1;G3=1;G4=1;G5=1;G9=1;G10=1
316,optimal,1011492.5199887936,248686.61939682037,762805.9005919733,6754.5684,5991.762499887271,762.8059001127292,11.293184922262823,2.7458001515250526e-08,5.803054095238996e-08,762.8059000272406,0,0,0,0,0,,,,,,G2=1;G3=1;G4=1;G5=1;G9=1;G10=1
317,optimal,1011492.5199887936,248686.61939682037,762805.9005919733,6754.5684,5991.762499887271,762.8059001127292,11.293184922262823,2.7458001515250526e-08,5.803054095238996e-08,762.8059000272406,1,0,0,0,0,G8,,,,,G2=1;G3=1;G4=1;G5=1;G9=1;G10=1
318,optimal,1856229.960677115,215924.0600212886,1640305.9006558263,6754.5684,5114.262499885711,1640.3059001142892,24.284392473015583,3.0134841637619665e-08,6.758088313967037e-08,1640.3059000165733,0,1,0,1,1,,L46,,,L46,G2=1;G3=1;G4=1;G5=1;G9=0;G10=1
319,optimal,1011492.5199887936,248686.61939682037,762805.9005919733,6754.5684,5991.762499887271,762.8059001127292,11.293184922262823,2.7458001515250526e-08,5.803054095238996e-08,762.8059000272406,0,0,0,0,0,,,,,,G2=1;G3=1;G4=1;G5=1;G9=1;G10=1
320,optimal,1011492.5199887936,248686.61939682037,762805.9005919733,6754.5684,5991.762499887271,762.8059001127292,11.293184922262823,2.7458001515250526e-08,5.803054095238996e-08,762.8059000272406,0,0,0,0,0,,,,,,G2=1;G3=1;G4=1;G5=1;G9=1;G10=1
321,optimal,1011492.5199887936,248686.61939682037,762805.9005919733,6754.5684,5991.762499887271,762.8059001127292,11.293184922262823,2.7458001515250526e-08,5.803054095238996e-08,762.8059000272406,0,0,0,0,0,,,,,,G2=1;G3=1;G4=1;G5=1;G9=1;G10=1
322,optimal,1011492.5199887936,248686.61939682037,762805.9005919733,6754.5684,5991.762499887271,762.8059001127292,11.293184922262823,2.7458001515250526e-08,5.803054095238996e-08,762.8059000272406,0,0,0,0,0,,,,,,G2=1;G3=1;G4=1;G5=1;G9=1;G10=1
323,optimal,1011492.5199887936,248686.61939682037,762805.9005919733,6754.5684,5991.762499887271,762.8059001127292,11.293184922262823,2.7458001515250526e-08,5.803054095238996e-08,762.8059000272406,0,0,0,0,0,,,,,,G2=1;G3=1;G4=1;G5=1;G9=1;G10=1
324,optimal,1760144.3196719813,217338.41940008034,1542805.900271901,6754.5684,5211.762499954262,1542.8059000457379,22.840924966364064,1.2671097422401753e-08,2.803087046639168e-08,1542.8059000050362,1,0,0,0,1,G3,,,,,G2=1;G3=0;G4=1;G5=1;G9=1;G10=1
325,optimal,1011492.5199887936,248686.61939682037,762805.9005919733,6754.5684,5991.762499887271,762.8059001127292,11.293184922262823,2.7458001515250526e-08,5.803054095238996e-08,762.8059000272406,0,0,0,0,0,,,,,,G2=1;G3=1;G4=1;G5=1;G9=1;G10=1
326,optimal,1011492.5199887936,248686.61939682037,762805.9005919733,6754.5684,5991.762499887271,762.8059001127292,11.293184922262823,2.7458001515250526e-08,5.803054095238996e-08,762.8059000272406,0,0,0,0,0,,,,,,G2=1;G3=1;G4=1;G5=1;G9=1;G10=1
327,optimal,1011492.5199887936,248686.61939682037,762805.9005919733,6754.5684,5991.762499887271,762.8059001127292,11.293184922262823,2.7458001515250526e-08,5.803054095238996e-08,762.8059000272406,0,0,0,0,0,,,,,,G2=1;G3=1;G4=1;G5=1;G9=1;G10=1
328,optimal,1011492.5199887936,248686.61939682037,762805.9005919733,6754.5684,5991.762499887271,762.8059001127292,11.293184922262823,2.7458001515250526e-08,5.803054095238996e-08,762.8059000272406,0,0,0,0,0,,,,,,G2=1;G3=1;G4=1;G5=1;G9=1;G10=1
329,optimal,1011492.5199887936,248686.61939682037,762805.9005919733,6754.5684,5991.762499887271,762.8059001127292,11.293184922262823,2.7458001515250526e-08,5.803054095238996e-08,762.8059000272406,0,0,0,0,0,,,,,,G2=1;G3=1;G4=1;G5=1;G9=1;G10=1
330,optimal,1011492.5199887936,248686.61939682037,762805.9005919733,6754.5684,5991.762499887271,762.8059001127292,11.293184922262823,2.7458001515250526e-08,5.803054095238996e-08,762.8059000272406,0,0,0,0,0,,,,,,G2=1;G3=1;G4=1;G5=1;G9=1;G10=1
331,optimal,1011492.5199887936,248686.61939682037,762805.9005919733,6754.5684,5991.762499887271,762.8059001127292,11.293184922262823,2.7458001515250526e-08,5.803054095238996e-08,762.8059000272406,0,0,0,0,0,,,,,,G2=1;G3=1;G4=1;G5=1;G9=1;G10=1
332,optimal,1011492.5199887936,248686.61939682037,762805.9005919733,6754.5684,5991.762499887271,762.8059001127292,11.293184922262823,2.7458001515250526e-08,5.803054095238996e-08,762.8059000272406,0,0,0,0,0,,,,,,G2=1;G3=1;G4=1;G5=1;G9=1;G10=1
333,optimal,1011492.5199887936,248686.61939682037,762805.9005919733,6754.5684,5991.762499887271,762.8059001127292,11.293184922262823,2.7458001515250526e-08,5.803054095238996e-08,762.8059000272406,0,0,0,0,0,,,,,,G2=1;G3=1;G4=1;G5=1;G9=1;G10=1
334,optimal,1011492.5199887936,248686.61939682037,762805.9005919733,6754.5684,5991.762499887271,762.8059001127292,11.293184922262823,2.7458001515250526e-08,5.803054095238996e-08,762.8059000272406,0,0,0,0,0,,,,,,G2=1;G3=1;G4=1;G5=1;G9=1;G10=1
335,optimal,1856229.960667825,215924.06002137897,1640305.900646446,6754.5684,5114.2624998873,1640.3059001127006,24.284392472992064,2.971388210049674e-08,6.65801420753459e-08,1640.3059000164064,1,0,0,0,1,G9,,,,,G2=1;G3=1;G4=1;G5=1;G9=0;G10=1
336,optimal,1011492.5199887936,248686.61939682037,762805.9005919733,6754.5684,5991.762499887271,762.8059001127292,11.293184922262823,2.7458001515250526e-08,5.803054095238996e-08,762.8059000272406,0,0,0,0,0,,,,,,G2=1;G3=1;G4=1;G5=1;G9=1;G10=1
337,optimal,1011492.5199887936,248686.61939682037,762805.9005919733,6754.5684,5991.762499887271,762.8059001127292,11.293184922262823,2.7458001515250526e-08,5.803054095238996e-08,762.8059000272406,0,0,0,0,0,,,,,,G2=1;G3=1;G4=1;G5=1;G9=1;G10=1
338,optimal,1617903.9156180217,203198.01524760606,1414705.9003704158,6754.5684,5339.862499933909,1414.7059000660913,20.944430736182806,1.7099460517201584e-08,3.7607266965054984e-08,1414.7059000113845,1,0,0,0,1,G4,,,,,G2=1;G3=1;G4=0;G5=1;G9=1;G10=1
339,optimal,1011492.5199887936,248686.61939682037,762805.9005919733,6754.5684,5991.762499887271,762.8059001127292,11.293184922262823,2.7458001515250526e-08,5.803054095238996e-08,762.8059000272406,0,0,0,0,0,,,,,,G2=1;G3=1;G4=1;G5=1;G9=1;G10=1
340,optimal,1011492.5199887936,248686.61939682037,762805.9005919733,6754.5684,5991.762499887271,762.8059001127292,11.293184922262823,2.7458001515250526e-08,5.803054095238996e-08,762.8059000272406,0,0,0,0,0,,,,,,G2=1;G3=1;G4=1;G5=1;G9=1;G10=1
341,optimal,1011492.5199887936,248686.61939682037,762805.9005919733,6754.5684,5991.762499887271,762.8059001127292,11.293184922262823,2.7458001515250526e-08,5.803054095238996e-08,762.8059000272406,0,0,0,0,0,,,,,,G2=1;G3=1;G4=1;G5=1;G9=1;G10=1
342,optimal,1617903.9156180217,203198.01524760606,1414705.9003704158,6754.5684,5339.862499933909,1414.7059000660913,20.944430736182806,1.7099460517201584e-08,3.7607266965054984e-08,1414.7059000113845,1,0,0,0,1,G4,,,,,G2=1;G3=1;G4=0;G5=1;G9=1;G10=1
343,optimal,1011492.5199887936,248686.61939682037,762805.9005919733,6754.5684,5991.762499887271,762.8059001127292,11.293184922262823,2.7458001515250526e-08,5.803054095238996e-08,762.8059000272406,0,0,0,0,0,,,,,,G2=1;G3=1;G4=1;G5=1;G9=1;G10=1
344,optimal,1760144.3196719813,217338.41940008034,1542805.900271901,6754.5684,5211.762499954262,1542.8059000457379,22.840924966364064,1.2671097422401753e-08,2.803087046639168e-08,1542.8059000050362,1,0,0,0,1,G3,,,,,G2=1;G3=0;G4=1;G5=1;G9=1;G10=1
345,optimal,1011492.5199887936,248686.61939682037,762805.9005919733,6754.5684,5991.762499887271,762.8059001127292,11.293184922262823,2.7458001515250526e-08,5.803054095238996e-08,762.8059000272406,0,0,0,0,0,,,,,,G2=1;G3=1;G4=1;G5=1;G9=1;G10=1
346,optimal,1011492.5199887936,248686.61939682037,762805.9005919733,6754.5684,5991.762499887271,762.8059001127292,11.293184922262823,2.7458001515250526e-08,5.803054095238996e-08,762.8059000272406,0,0,0,0,0,,,,,,G2=1;G3=1;G4=1;G5=1;G9=1;G10=1
347,optimal,1011492.5199887936,248686.61939682037,762805.9005919733,6754.5684,5991.762499887271,762.8059001127292,11.293184922262823,2.7458001515250526e-08,5.803054095238996e-08,762.8059000272406,0,0,0,0,0,,,,,,G2=1;G3=1;G4=1;G5=1;G9=1;G10=1
348,optimal,1011492.5199887936,248686.61939682037,762805.9005919733,6754.5684,5991.762499887271,762.8059001127292,11.293184922262823,2.7458001515250526e-08,5.803054095238996e-08,762.8059000272406,0,0,0,0,0,,,,,,G2=1;G3=1;G4=1;G5=1;G9=1;G10=1
349,optimal,1011492.5199689873,248686.61939698865,762805.9005719987,6754.5684,5991.762499891154,762.8059001088454,11.293184922205324,2.650074912750454e-08,5.6161585102115394e-08,762.8059000261832,0,1,0,1,0,,L22,,,L22,G2=1;G3=1;G4=1;G5=1;G9=1;G10=1
350,optimal,1011492.5200381498,248686.61939626903,762805.9006418807,6754.5684,5991.762499875977,762.805900124024,11.29318492243004,2.9662259974083655e-08,6.272405522346802e-08,762.8059000316377,0,1,0,1,0,,L7,,,L7,G2=1;G3=1;G4=1;G5=1;G9=1;G10=1
351,optimal,1011492.5199887936,248686.61939682037,762805.9005919733,6754.5684,5991.762499887271,762.8059001127292,11.293184922262823,2.7458001515250526e-08,5.803054095238996e-08,762.8059000272406,0,0,0,0,0,,,,,,G2=1;G3=1;G4=1;G5=1;G9=1;G10=1
352,optimal,1024861.5756706464,248048.7521596579,776812.8235109885,6754.5684,5977.755577582811,776.8128224171883,11.50055453457527,6.476155157301488e-08,1.2773657856038054e-07,776.8128222246902,0,1,0,1,0,,L42,,,L42,G2=1;G3=1;G4=1;G5=1;G9=1;G10=1
353,optimal,1762008.5196608987,219202.6194002331,1542805.9002606657,6754.5684,5211.7624999602185,1542.8059000397816,22.840924966275885,1.2386286324785578e-08,2.7351815042006216e-08,1542.8059000000437,1,0,0,0,1,G2,,,,,G2=0;G3=1;G4=1;G5=1;G9=1;G10=1
354,optimal,1011492.5199887936,248686.61939682037,762805.9005919733,6754.5684,5991.762499887271,762.8059001127292,11.293184922262823,2.7458001515250526e-08,5.803054095238996e-08,762.8059000272406,0,0,0,0,0,,,,,,G2=1;G3=1;G4=1;G5=1;G9=1;G10=1
355,optimal,1011492.5199887936,248686.61939682037,762805.9005919733,6754.5684,5991.762499887271,762.8059001127292,11.293184922262823,2.7458001515250526e-08,5.803054095238996e-08,762.8059000272406,0,0,0,0,0,,,,,,G2=1;G3=1;G4=1;G5=1;G9=1;G10=1
356,optimal,1011492.5199887936,248686.61939682037,762805.9005919733,6754.5684,5991.762499887271,762.8059001127292,11.293184922262823,2.7458001515250526e-08,5.803054095238996e-08,762.8059000272406,0,0,0,0,0,,,,,,G2=1;G3=1;G4=1;G5=1;G9=1;G10=1
357,optimal,1011492.5199887936,248686.61939682037,762805.9005919733,6754.5684,5991.762499887271,762.8059001127292,11.293184922262823,2.7458001515250526e-08,5.803054095238996e-08,762.8059000272406,0,0,0,0,0,,,,,,G2=1;G3=1;G4=1;G5=1;G9=1;G10=1
358,optimal,1011492.5199887936,248686.61939682037,762805.9005919733,6754.5684,5991.762499887271,762.8059001127292,11.293184922262823,2.7458001515250526e-08,5.803054095238996e-08,762.8059000272406,0,0,0,0,0,,,,,,G2=1;G3=1;G4=1;G5=1;G9=1;G10=1
359,optimal,1011492.5199887936,248686.61939682037,762805.9005919733,6754.5684,5991.762499887271,762.8059001127292,11.293184922262823,2.7458001515250526e-08,5.803054095238996e-08,762.8059000272406,0,0,0,0,0,,,,,,G2=1;G3=1;G4=1;G5=1;G9=1;G10=1
360,optimal,1011492.5199887936,248686.61939682037,762805.9005919733,6754.5684,5991.762499887271,762.8059001127292,11.293184922262823,2.7458001515250526e-08,5.803054095238996e-08,762.8059000272406,0,0,0,0,0,,,,,,G2=1;G3=1;G4=1;G5=1;G9=1;G10=1
361,optimal,1011492.5199887936,248686.61939682037,762805.9005919733,6754.5684,5991.762499887271,762.8059001127292,11.293184922262823,2.7458001515250526e-08,5.803054095238996e-08,762.8059000272406,0,0,0,0,0,,,,,,G2=1;G3=1;G4=1;G5=1;G9=1;G10=1
362,optimal,1011492.5199887936,248686.61939682037,762805.9005919733,6754.5684,5991.762499887271,762.8059001127292,11.293184922262823,2.7458001515250526e-08,5.803054095238996e-08,762.8059000272406,0,0,0,0,0,,,,,,G2=1;G3=1;G4=1;G5=1;G9=1;G10=1
363,optimal,2368419.916567741,173714.01524223923,2194705.9013255015,6754.5684,4559.862499790608,2194.705900209392,32.492170783397384,6.197249707548857e-08,1.395892447612405e-07,2194.7059000078307,2,1,0,1,2,G2;G4,L26,,,L26,G2=0;G3=1;G4=0;G5=1;G9=1;G10=1
364,optimal,1011492.5199887936,248686.61939682037,762805.9005919733,6754.5684,5991.762499887271,762.8059001127292,11.293184922262823,2.7458001515250526e-08,5.803054095238996e-08,762.8059000272406,0,0,0,0,0,,,,,,G2=1;G3=1;G4=1;G5=1;G9=1;G10=1
365,optimal,1011492.5199887936,248686.61939682037,762805.9005919733,6754.5684,5991.762499887271,762.8059001127292,11.293184922262823,2.7458001515250526e-08,5.803054095238996e-08,762.8059000272406,0,0,0,0,0,,,,,,G2=1;G3=1;G4=1;G5=1;G9=1;G10=1
366,optimal,1617903.9156180217,203198.01524760606,1414705.9003704158,6754.5684,5339.862499933909,1414.7059000660913,20.944430736182806,1.7099460517201584e-08,3.7607266965054984e-08,1414.7059000113845,1,0,0,0,1,G4,,,,,G2=1;G3=1;G4=0;G5=1;G9=1;G10=1
367,optimal,1011492.5199887936,248686.61939682037,762805.9005919733,6754.5684,5991.762499887271,762.8059001127292,11.293184922262823,2.7458001515250526e-08,5.803054095238996e-08,762.8059000272406,0,0,0,0,0,,,,,,G2=1;G3=1;G4=1;G5=1;G9=1;G10=1
368,optimal,1011492.5199887936,248686.61939682037,762805.9005919733,6754.5684,5991.762499887271,762.8059001127292,11.293184922262823,2.7458001515250526e-08,5.803054095238996e-08,762.8059000272406,0,0,0,0,0,,,,,,G2=1;G3=1;G4=1;G5=1;G9=1;G10=1
369,optimal,1942005.9141787183,176450.01352167473,1765555.9006570436,6754.5684,4989.012499876619,1765.555900123381,26.138693038083392,2.9752059733918543e-08,6.64735338223288e-08,1765.5559000271553,1,0,0,0,1,G10,,,,,G2=1;G3=1;G4=1;G5=1;G9=1;G10=0
370,optimal,1011492.5199887936,248686.61939682037,762805.9005919733,6754.5684,5991.762499887271,762.8059001127292,11.293184922262823,2.7458001515250526e-08,5.803054095238996e-08,762.8059000272406,0,0,0,0,0,,,,,,G2=1;G3=1;G4=1;G5=1;G9=1;G10=1
371,optimal,1942005.9141787183,176450.01352167473,1765555.9006570436,6754.5684,4989.012499876619,1765.555900123381,26.138693038083392,2.9752059733918543e-08,6.64735338223288e-08,1765.5559000271553,1,0,0,0,1,G10,,,,,G2=1;G3=1;G4=1;G5=1;G9=1;G10=0
372,optimal,1011492.5199887936,248686.61939682037,762805.9005919733,6754.5684,5991.762499887271,762.8059001127292,11.293184922262823,2.7458001515250526e-08,5.803054095238996e-08,762.8059000272406,0,0,0,0,0,,,,,,G2=1;G3=1;G4=1;G5=1;G9=1;G10=1
373,optimal,1856229.960667825,215924.06002137897,1640305.900646446,6754.5684,5114.2624998873,1640.3059001127006,24.284392472992064,2.971388210049674e-08,6.65801420753459e-08,1640.3059000164064,1,0,0,0,1,G9,,,,,G2=1;G3=1;G4=1;G5=1;G9=0;G10=1
374,optimal,1011492.5199887936,248686.61939682037,762805.9005919733,6754.5684,5991.762499887271,762.8059001127292,11.293184922262823,2.7458001515250526e-08,5.803054095238996e-08,762.8059000272406,0,0,0,0,0,,,,,,G2=1;G3=1;G4=1;G5=1;G9=1;G10=1
375,optimal,1011492.5199887936,248686.61939682037,762805.9005919733,6754.5684,5991.762499887271,762.8059001127292,11.293184922262823,2.7458001515250526e-08,5.803054095238996e-08,762.8059000272406,0,0,0,0,0,,,,,,G2=1;G3=1;G4=1;G5=1;G9=1;G10=1
376,optimal,1011492.5199887936,248686.61939682037,762805.9005919733,6754.5684,5991.762499887271,762.8059001127292,11.293184922262823,2.7458001515250526e-08,5.803054095238996e-08,762.8059000272406,0,0,0,0,0,,,,,,G2=1;G3=1;G4=1;G5=1;G9=1;G10=1
377,optimal,1011492.5199887936,248686.61939682037,762805.9005919733,6754.5684,5991.762499887271,762.8059001127292,11.293184922262823,2.7458001515250526e-08,5.803054095238996e-08,762.8059000272406,1,0,0,0,0,G8,,,,,G2=1;G3=1;G4=1;G5=1;G9=1;G10=1
378,optimal,1011492.5199887936,248686.61939682037,762805.9005919733,6754.5684,5991.762499887271,762.8059001127292,11.293184922262823,2.7458001515250526e-08,5.803054095238996e-08,762.8059000272406,0,0,0,0,0,,,,,,G2=1;G3=1;G4=1;G5=1;G9=1;G10=1
379,optimal,1011492.5199887936,248686.61939682037,762805.9005919733,6754.5684,5991.762499887271,762.8059001127292,11.293184922262823,2.7458001515250526e-08,5.803054095238996e-08,762.8059000272406,0,0,0,0,0,,,,,,G2=1;G3=1;G4=1;G5=1;G9=1;G10=1
380,optimal,1011492.5199887936,248686.61939682037,762805.9005919733,6754.5684,5991.762499887271,762.8059001127292,11.293184922262823,2.7458001515250526e-08,5.803054095238996e-08,762.8059000272406,0,0,0,0,0,,,,,,G2=1;G3=1;G4=1;G5=1;G9=1;G10=1
381,optimal,1011492.5199887936,248686.61939682037,762805.9005919733,6754.5684,5991.762499887271,762.8059001127292,11.293184922262823,2.7458001515250526e-08,5.803054095238996e-08,762.8059000272406,0,0,0,0,0,,,,,,G2=1;G3=1;G4=1;G5=1;G9=1;G10=1
382,optimal,1011492.5199887936,248686.61939682037,762805.9005919733,6754.5684,5991.762499887271,762.8059001127292,11.293184922262823,2.7458001515250526e-08,5.803054095238996e-08,762.8059000272406,0,0,0,0,0,,,,,,G2=1;G3=1;G4=1;G5=1;G9=1;G10=1
383,optimal,1011492.5199887936,248686.61939682037,762805.9005919733,6754.5684,5991.762499887271,762.8059001127292,11.293184922262823,2.7458001515250526e-08,5.803054095238996e-08,762.8059000272406,0,0,0,0,0,,,,,,G2=1;G3=1;G4=1;G5=1;G9=1;G10=1
384,optimal,1011492.5199887936,248686.61939682037,762805.9005919733,6754.5684,5991.762499887271,762.8059001127292,11.293184922262823,2.7458001515250526e-08,5.803054095238996e-08,762.8059000272406,0,0,0,0,0,,,,,,G2=1;G3=1;G4=1;G5=1;G9=1;G10=1
385,optimal,1011492.5199887936,248686.61939682037,762805.9005919733,6754.5684,5991.762499887271,762.8059001127292,11.293184922262823,2.7458001515250526e-08,5.803054095238996e-08,762.8059000272406,0,0,0,0,0,,,,,,G2=1;G3=1;G4=1;G5=1;G9=1;G10=1
386,optimal,1011492.5199887936,248686.61939682037,762805.9005919733,6754.5684,5991.762499887271,762.8059001127292,11.293184922262823,2.7458001515250526e-08,5.803054095238996e-08,762.8059000272406,0,0,0,0,0,,,,,,G2=1;G3=1;G4=1;G5=1;G9=1;G10=1
387,optimal,1011492.5199887936,248686.61939682037,762805.9005919733,6754.5684,5991.762499887271,762.8059001127292,11.293184922262823,2.7458001515250526e-08,5.803054095238996e-08,762.8059000272406,0,0,0,0,0,,,,,,G2=1;G3=1;G4=1;G5=1;G9=1;G10=1
388,optimal,1011492.5199887936,248686.61939682037,762805.9005919733,6754.5684,5991.762499887271,762.8059001127292,11.293184922262823,2.7458001515250526e-08,5.803054095238996e-08,762.8059000272406,0,0,0,0,0,,,,,,G2=1;G3=1;G4=1;G5=1;G9=1;G10=1
389,optimal,1011492.5199887936,248686.61939682037,762805.9005919733,6754.5684,5991.762499887271,762.8059001127292,11.293184922262823,2.7458001515250526e-08,5.803054095238996e-08,762.8059000272406,0,0,0,0,0,,,,,,G2=1;G3=1;G4=1;G5=1;G9=1;G10=1
390,optimal,1011492.5199887936,248686.61939682037,762805.9005919733,6754.5684,5991.762499887271,762.8059001127292,11.293184922262823,2.7458001515250526e-08,5.803054095238996e-08,762.8059000272406,0,0,0,0,0,,,,,,G2=1;G3=1;G4=1;G5=1;G9=1;G10=1
391,optimal,1011492.5199887936,248686.61939682037,762805.9005919733,6754.5684,5991.762499887271,762.8059001127292,11.293184922262823,2.7458001515250526e-08,5.803054095238996e-08,762.8059000272406,0,0,0,0,0,,,,,,G2=1;G3=1;G4=1;G5=1;G9=1;G10=1
392,optimal,1011492.5199887936,248686.61939682037,762805.9005919733,6754.5684,5991.762499887271,762.8059001127292,11.293184922262823,2.7458001515250526e-08,5.803054095238996e-08,762.8059000272406,0,0,0,0,0,,,,,,G2=1;G3=1;G4=1;G5=1;G9=1;G10=1
393,optimal,1809272.2391835516,238966.33814384614,1570305.9010397056,6754.5684,5184.262499825423,1570.305900174577,23.24805682883568,4.869627558902072e-08,1.0671562093651315e-07,1570.3059000191647,1,0,0,0,0,G1,,,,,G2=1;G3=1;G4=1;G5=1;G9=1;G10=1
394,optimal,1011492.5199887936,248686.61939682037,762805.9005919733,6754.5684,5991.762499887271,762.8059001127292,11.293184922262823,2.7458001515250526e-08,5.803054095238996e-08,762.8059000272406,0,0,0,0,0,,,,,,G2=1;G3=1;G4=1;G5=1;G9=1;G10=1
395,optimal,1421105.0200076625,248686.61939763324,1172418.4006100292,6754.5684,5582.149999912271,1172.4184000877294,17.357413984996132,2.9548047475535493e-08,6.409181553006159e-08,1172.4183999940894,1,0,0,0,0,G7,,,,,G2=1;G3=1;G4=1;G5=1;G9=1;G10=1
396,optimal,1760144.3196719813,217338.41940008034,1542805.900271901,6754.5684,5211.762499954262,1542.8059000457379,22.840924966364064,1.2671097422401753e-08,2.803087046639168e-08,1542.8059000050362,1,0,0,0,1,G3,,,,,G2=1;G3=0;G4=1;G5=1;G9=1;G10=1
397,optimal,1011492.5199887936,248686.61939682037,762805.9005919733,6754.5684,5991.762499887271,762.8059001127292,11.293184922262823,2.7458001515250526e-08,5.803054095238996e-08,762.8059000272406,0,0,0,0,0,,,,,,G2=1;G3=1;G4=1;G5=1;G9=1;G10=1
398,optimal,1011492.5199887936,248686.61939682037,762805.9005919733,6754.5684,5991.762499887271,762.8059001127292,11.293184922262823,2.7458001515250526e-08,5.803054095238996e-08,762.8059000272406,0,0,0,0,0,,,,,,G2=1;G3=1;G4=1;G5=1;G9=1;G10=1
399,optimal,1011492.5199887936,248686.61939682037,762805.9005919733,6754.5684,5991.762499887271,762.8059001127292,11.293184922262823,2.7458001515250526e-08,5.803054095238996e-08,762.8059000272406,0,0,0,0,0,,,,,,G2=1;G3=1;G4=1;G5=1;G9=1;G10=1
400,optimal,1011492.5199887936,248686.61939682037,762805.9005919733,6754.5684,5991.762499887271,762.8059001127292,11.293184922262823,2.7458001515250526e-08,5.803054095238996e-08,762.8059000272406,0,0,0,0,0,,,,,,G2=1;G3=1;G4=1;G5=1;G9=1;G10=1
401,optimal,1011492.5199887936,248686.61939682037,762805.9005919733,6754.5684,5991.762499887271,762.8059001127292,11.293184922262823,2.7458001515250526e-08,5.803054095238996e-08,762.8059000272406,0,0,0,0,0,,,,,,G2=1;G3=1;G4=1;G5=1;G9=1;G10=1
402,optimal,1011492.5200230477,248686.6193965535,762805.9006264942,6754.5684,5991.762499879581,762.8059001204189,11.293184922376668,2.8975934492874466e-08,6.13230024064626e-08,762.8059000301198,0,1,0,1,0,,L31,,,L31,G2=1;G3=1;G4=1;G5=1;G9=1;G10=1
403,optimal,1011492.5199887936,248686.61939682037,762805.9005919733,6754.5684,5991.762499887271,762.8059001127292,11.293184922262823,2.7458001515250526e-08,5.803054095238996e-08,762.8059000272406,0,0,0,0,0,,,,,,G2=1;G3=1;G4=1;G5=1;G9=1;G10=1
404,optimal,1651070.9307264644,222365.03024655534,1428705.900479909,6754.5684,5325.86249991447,1428.7059000855293,21.151697865485072,2.2397464574565604e-08,4.820062919553181e-08,1428.705900014931,1,0,0,0,1,G5,,,,,G2=1;G3=1;G4=1;G5=0;G9=1;G10=1
405,optimal,1011492.5199887936,248686.61939682037,762805.9005919733,6754.5684,5991.762499887271,762.8059001127292,11.293184922262823,2.7458001515250526e-08,5.803054095238996e-08,762.8059000272406,0,0,0,0,0,,,,,,G2=1;G3=1;G4=1;G5=1;G9=1;G10=1
406,optimal,1651070.9334424492,222365.03022397775,1428705.9032184714,6754.5684,5325.862499354742,1428.7059006452578,21.151697873771738,1.4028196308015267e-07,3.276690044954179e-07,1428.7059001773068,1,1,0,1,1,G5,L1,,,L1,G2=1;G3=1;G4=1;G5=0;G9=1;G10=1
407,optimal,1011492.5199887936,248686.61939682037,762805.9005919733,6754.5684,5991.762499887271,762.8059001127292,11.293184922262823,2.7458001515250526e-08,5.803054095238996e-08,762.8059000272406,0,0,0,0,0,,,,,,G2=1;G3=1;G4=1;G5=1;G9=1;G10=1
408,optimal,1011492.5199887936,248686.61939682037,762805.9005919733,6754.5684,5991.762499887271,762.8059001127292,11.293184922262823,2.7458001515250526e-08,5.803054095238996e-08,762.8059000272406,0,0,0,0,0,,,,,,G2=1;G3=1;G4=1;G5=1;G9=1;G10=1
409,optimal,1011492.5199887936,248686.61939682037,762805.9005919733,6754.5684,5991.762499887271,762.8059001127292,11.293184922262823,2.7458001515250526e-08,5.803054095238996e-08,762.8059000272406,0,0,0,0,0,,,,,,G2=1;G3=1;G4=1;G5=1;G9=1;G10=1
410,optimal,1011492.5199887936,248686.61939682037,762805.9005919733,6754.5684,5991.762499887271,762.8059001127292,11.293184922262823,2.7458001515250526e-08,5.803054095238996e-08,762.8059000272406,0,0,0,0,0,,,,,,G2=1;G3=1;G4=1;G5=1;G9=1;G10=1
411,optimal,1011492.5200275244,248686.61939637654,762805.9006311479,6754.5684,5991.762499877824,762.8059001221766,11.29318492240269,2.9021913510884073e-08,6.19435385398313e-08,762.8059000312112,0,1,0,1,0,,L28,,,L28,G2=1;G3=1;G4=1;G5=1;G9=1;G10=1
412,optimal,2604881.760433289,184575.8600230086,2420305.9004102806,6754.5684,4334.262499926341,2420.3059000736594,35.832132517507105,1.9081000258561377e-08,4.122299942186746e-08,2420.3059000133553,3,0,0,0,2,G3;G6;G9,,,,,G2=1;G3=0;G4=1;G5=1;G9=0;G10=1
413,optimal,1011492.5199887936,248686.61939682037,762805.9005919733,6754.5684,5991.762499887271,762.8059001127292,11.293184922262823,2.7458001515250526e-08,5.803054095238996e-08,762.8059000272406,0,0,0,0,0,,,,,,G2=1;G3=1;G4=1;G5=1;G9=1;G10=1
414,optimal,1011492.5199887936,248686.61939682037,762805.9005919733,6754.5684,5991.762499887271,762.8059001127292,11.293184922262823,2.7458001515250526e-08,5.803054095238996e-08,762.8059000272406,0,0,0,0,0,,,,,,G2=1;G3=1;G4=1;G5=1;G9=1;G10=1
415,optimal,1011492.5199887936,248686.61939682037,762805.9005919733,6754.5684,5991.762499887271,762.8059001127292,11.293184922262823,2.7458001515250526e-08,5.803054095238996e-08,762.8059000272406,0,0,0,0,0,,,,,,G2=1;G3=1;G4=1;G5=1;G9=1;G10=1
416,optimal,1011492.5199887936,248686.61939682037,762805.9005919733,6754.5684,5991.762499887271,762.8059001127292,11.293184922262823,2.7458001515250526e-08,5.803054095238996e-08,762.8059000272406,0,0,0,0,0,,,,,,G2=1;G3=1;G4=1;G5=1;G9=1;G10=1
417,optimal,1011492.5199887936,248686.61939682037,762805.9005919733,6754.5684,5991.762499887271,762.8059001127292,11.293184922262823,2.7458001515250526e-08,5.803054095238996e-08,762.8059000272406,0,0,0,0,0,,,,,,G2=1;G3=1;G4=1;G5=1;G9=1;G10=1
418,optimal,1011492.5199887936,248686.61939682037,762805.9005919733,6754.5684,5991.762499887271,762.8059001127292,11.293184922262823,2.7458001515250526e-08,5.803054095238996e-08,762.8059000272406,1,0,0,0,0,G6,,,,,G2=1;G3=1;G4=1;G5=1;G9=1;G10=1
419,optimal,1011492.5199887936,248686.61939682037,762805.9005919733,6754.5684,5991.762499887271,762.8059001127292,11.293184922262823,2.7458001515250526e-08,5.803054095238996e-08,762.8059000272406,0,0,0,0,0,,,,,,G2=1;G3=1;G4=1;G5=1;G9=1;G10=1
420,optimal,1760144.3196737499,217338.4194000712,1542805.9002736786,6754.5684,5211.762499953955,1542.8059000460457,22.840924966368625,1.2754664950509395e-08,2.8210272134791956e-08,1542.805900005081,0,1,0,1,1,,L20,,,L20,G2=1;G3=0;G4=1;G5=1;G9=1;G10=1
421,optimal,1011492.5199887936,248686.61939682037,762805.9005919733,6754.5684,5991.762499887271,762.8059001127292,11.293184922262823,2.7458001515250526e-08,5.803054095238996e-08,762.8059000272406,0,0,0,0,0,,,,,,G2=1;G3=1;G4=1;G5=1;G9=1;G10=1
422,optimal,1011492.5199887936,248686.61939682037,762805.9005919733,6754.5684,5991.762499887271,762.8059001127292,11.293184922262823,2.7458001515250526e-08,5.803054095238996e-08,762.8059000272406,0,0,0,0,0,,,,,,G2=1;G3=1;G4=1;G5=1;G9=1;G10=1
423,optimal,2786927.8185823383,244494.31815432874,2542433.5004280093,6754.5684,5903.414899880751,851.1535001192486,12.601153022882242,112.75200001727792,169.12800003831495,569.2735000636558,0,1,1,4,0,,L29,T8,8,L11;L15;L16;L29,G2=1;G3=1;G4=1;G5=1;G9=1;G10=1
424,optimal,1421105.0200076625,248686.61939763324,1172418.4006100292,6754.5684,5582.149999912271,1172.4184000877294,17.357413984996132,2.9548047475535493e-08,6.409181553006159e-08,1172.4183999940894,1,0,0,0,0,G7,,,,,G2=1;G3=1;G4=1;G5=1;G9=1;G10=1
425,optimal,1942005.9141787183,176450.01352167473,1765555.9006570436,6754.5684,4989.012499876619,1765.555900123381,26.138693038083392,2.9752059733918543e-08,6.64735338223288e-08,1765.5559000271553,1,0,0,0,1,G10,,,,,G2=1;G3=1;G4=1;G5=1;G9=1;G10=0
426,optimal,1651070.9307264644,222365.03024655534,1428705.900479909,6754.5684,5325.86249991447,1428.7059000855293,21.151697865485072,2.2397464574565604e-08,4.820062919553181e-08,1428.705900014931,1,0,0,0,1,G5,,,,,G2=1;G3=1;G4=1;G5=0;G9=1;G10=1
427,optimal,1011492.5199887936,248686.61939682037,762805.9005919733,6754.5684,5991.762499887271,762.8059001127292,11.293184922262823,2.7458001515250526e-08,5.803054095238996e-08,762.8059000272406,0,0,0,0,0,,,,,,G2=1;G3=1;G4=1;G5=1;G9=1;G10=1
428,optimal,1011492.5199887936,248686.61939682037,762805.9005919733,6754.5684,5991.762499887271,762.8059001127292,11.293184922262823,2.7458001515250526e-08,5.803054095238996e-08,762.8059000272406,0,0,0,0,0,,,,,,G2=1;G3=1;G4=1;G5=1;G9=1;G10=1
429,optimal,1011492.5199887936,248686.61939682037,762805.9005919733,6754.5684,5991.762499887271,762.8059001127292,11.293184922262823,2.7458001515250526e-08,5.803054095238996e-08,762.8059000272406,0,0,0,0,0,,,,,,G2=1;G3=1;G4=1;G5=1;G9=1;G10=1
430,optimal,1011492.5199887936,248686.61939682037,762805.9005919733,6754.5684,5991.762499887271,762.8059001127292,11.293184922262823,2.7458001515250526e-08,5.803054095238996e-08,762.8059000272406,0,0,0,0,0,,,,,,G2=1;G3=1;G4=1;G5=1;G9=1;G10=1
431,optimal,1011492.5199887936,248686.61939682037,762805.9005919733,6754.5684,5991.762499887271,762.8059001127292,11.293184922262823,2.7458001515250526e-08,5.803054095238996e-08,762.8059000272406,0,0,0,0,0,,,,,,G2=1;G3=1;G4=1;G5=1;G9=1;G10=1
432,optimal,1011492.5199887936,248686.61939682037,762805.9005919733,6754.5684,5991.762499887271,762.8059001127292,11.293184922262823,2.7458001515250526e-08,5.803054095238996e-08,762.8059000272406,0,0,0,0,0,,,,,,G2=1;G3=1;G4=1;G5=1;G9=1;G10=1
433,optimal,1011492.5199887936,248686.61939682037,762805.9005919733,6754.5684,5991.762499887271,762.8059001127292,11.293184922262823,2.7458001515250526e-08,5.803054095238996e-08,762.8059000272406,0,0,0,0,0,,,,,,G2=1;G3=1;G4=1;G5=1;G9=1;G10=1
434,optimal,1011492.5199887936,248686.61939682037,762805.9005919733,6754.5684,5991.762499887271,762.8059001127292,11.293184922262823,2.7458001515250526e-08,5.803054095238996e-08,762.8059000272406,0,0,0,0,0,,,,,,G2=1;G3=1;G4=1;G5=1;G9=1;G10=1
435,optimal,1011492.5199887936,248686.61939682037,762805.9005919733,6754.5684,5991.762499887271,762.8059001127292,11.293184922262823,2.7458001515250526e-08,5.803054095238996e-08,762.8059000272406,0,0,0,0,0,,,,,,G2=1;G3=1;G4=1;G5=1;G9=1;G10=1
436,optimal,1011492.5199887936,248686.61939682037,762805.9005919733,6754.5684,5991.762499887271,762.8059001127292,11.293184922262823,2.7458001515250526e-08,5.803054095238996e-08,762.8059000272406,0,0,0,0,0,,,,,,G2=1;G3=1;G4=1;G5=1;G9=1;G10=1
437,optimal,1011492.5199887936,248686.61939682037,762805.9005919733,6754.5684,5991.762499887271,762.8059001127292,11.293184922262823,2.7458001515250526e-08,5.803054095238996e-08,762.8059000272406,0,0,0,0,0,,,,,,G2=1;G3=1;G4=1;G5=1;G9=1;G10=1
438,optimal,1011492.5199887936,248686.61939682037,762805.9005919733,6754.5684,5991.762499887271,762.8059001127292,11.293184922262823,2.7458001515250526e-08,5.803054095238996e-08,762.8059000272406,0,0,0,0,0,,,,,,G2=1;G3=1;G4=1;G5=1;G9=1;G10=1
439,optimal,1011492.5199887936,248686.61939682037,762805.9005919733,6754.5684,5991.762499887271,762.8059001127292,11.293184922262823,2.7458001515250526e-08,5.803054095238996e-08,762.8059000272406,0,0,0,0,0,,,,,,G2=1;G3=1;G4=1;G5=1;G9=1;G10=1
440,optimal,1011492.5199887936,248686.61939682037,762805.9005919733,6754.5684,5991.762499887271,762.8059001127292,11.293184922262823,2.7458001515250526e-08,5.803054095238996e-08,762.8059000272406,0,0,0,0,0,,,,,,G2=1;G3=1;G4=1;G5=1;G9=1;G10=1
441,optimal,1011492.5199887936,248686.61939682037,762805.9005919733,6754.5684,5991.762499887271,762.8059001127292,11.293184922262823,2.7458001515250526e-08,5.803054095238996e-08,762.8059000272406,0,0,0,0,0,,,,,,G2=1;G3=1;G4=1;G5=1;G9=1;G10=1
442,optimal,1011492.5199887936,248686.61939682037,762805.9005919733,6754.5684,5991.762499887271,762.8059001127292,11.293184922262823,2.7458001515250526e-08,5.803054095238996e-08,762.8059000272406,0,0,0,0,0,,,,,,G2=1;G3=1;G4=1;G5=1;G9=1;G10=1
443,optimal,1011492.5199887936,248686.61939682037,762805.9005919733,6754.5684,5991.762499887271,762.8059001127292,11.293184922262823,2.7458001515250526e-08,5.803054095238996e-08,762.8059000272406,0,0,0,0,0,,,,,,G2=1;G3=1;G4=1;G5=1;G9=1;G10=1
444,optimal,1011492.5199887936,248686.61939682037,762805.9005919733,6754.5684,5991.762499887271,762.8059001127292,11.293184922262823,2.7458001515250526e-08,5.803054095238996e-08,762.8059000272406,0,0,0,0,0,,,,,,G2=1;G3=1;G4=1;G5=1;G9=1;G10=1
445,optimal,1760144.3196719813,217338.41940008034,1542805.900271901,6754.5684,5211.762499954262,1542.8059000457379,22.840924966364064,1.2671097422401753e-08,2.803087046639168e-08,1542.8059000050362,1,0,0,0,1,G3,,,,,G2=1;G3=0;G4=1;G5=1;G9=1;G10=1
446,optimal,1011492.5199887936,248686.61939682037,762805.9005919733,6754.5684,5991.762499887271,762.8059001127292,11.293184922262823,2.7458001515250526e-08,5.803054095238996e-08,762.8059000272406,0,0,0,0,0,,,,,,G2=1;G3=1;G4=1;G5=1;G9=1;G10=1
447,optimal,1011492.5199887936,248686.61939682037,762805.9005919733,6754.5684,5991.762499887271,762.8059001127292,11.293184922262823,2.7458001515250526e-08,5.803054095238996e-08,762.8059000272406,0,0,0,0,0,,,,,,G2=1;G3=1;G4=1;G5=1;G9=1;G10=1
448,optimal,1011492.5199887936,248686.61939682037,762805.9005919733,6754.5684,5991.762499887271,762.8059001127292,11.293184922262823,2.7458001515250526e-08,5.803054095238996e-08,762.8059000272406,0,0,0,0,0,,,,,,G2=1;G3=1;G4=1;G5=1;G9=1;G10=1
449,optimal,1011492.5199887936,248686.61939682037,762805.9005919733,6754.5684,5991.762499887271,762.8059001127292,11.293184922262823,2.7458001515250526e-08,5.803054095238996e-08,762.8059000272406,0,0,0,0,0,,,,,,G2=1;G3=1;G4=1;G5=1;G9=1;G10=1
450,optimal,1011492.5199887936,248686.61939682037,762805.9005919733,6754.5684,5991.762499887271,762.8059001127292,11.293184922262823,2.7458001515250526e-08,5.803054095238996e-08,762.8059000272406,0,0,0,0,0,,,,,,G2=1;G3=1;G4=1;G5=1;G9=1;G10=1
451,optimal,1011492.5199887936,248686.61939682037,762805.9005919733,6754.5684,5991.762499887271,762.8059001127292,11.293184922262823,2.7458001515250526e-08,5.803054095238996e-08,762.8059000272406,0,0,0,0,0,,,,,,G2=1;G3=1;G4=1;G5=1;G9=1;G10=1
452,optimal,1011492.5199887936,248686.61939682037,762805.9005919733,6754.5684,5991.762499887271,762.8059001127292,11.293184922262823,2.7458001515250526e-08,5.803054095238996e-08,762.8059000272406,0,0,0,0,0,,,,,,G2=1;G3=1;G4=1;G5=1;G9=1;G10=1
453,optimal,1011492.5199887936,248686.61939682037,762805.9005919733,6754.5684,5991.762499887271,762.8059001127292,11.293184922262823,2.7458001515250526e-08,5.803054095238996e-08,762.8059000272406,0,0,0,0,0,,,,,,G2=1;G3=1;G4=1;G5=1;G9=1;G10=1
454,optimal,1011492.5199887936,248686.61939682037,762805.9005919733,6754.5684,5991.762499887271,762.8059001127292,11.293184922262823,2.7458001515250526e-08,5.803054095238996e-08,762.8059000272406,0,0,0,0,0,,,,,,G2=1;G3=1;G4=1;G5=1;G9=1;G10=1
455,optimal,1421105.0200076625,248686.61939763324,1172418.4006100292,6754.5684,5582.149999912271,1172.4184000877294,17.357413984996132,2.9548047475535493e-08,6.409181553006159e-08,1172.4183999940894,1,0,0,0,0,G7,,,,,G2=1;G3=1;G4=1;G5=1;G9=1;G10=1
456,optimal,1011492.5199887936,248686.61939682037,762805.9005919733,6754.5684,5991.762499887271,762.8059001127292,11.293184922262823,2.7458001515250526e-08,5.803054095238996e-08,762.8059000272406,0,0,0,0,0,,,,,,G2=1;G3=1;G4=1;G5=1;G9=1;G10=1
457,optimal,1011492.5199887936,248686.61939682037,762805.9005919733,6754.5684,5991.762499887271,762.8059001127292,11.293184922262823,2.7458001515250526e-08,5.803054095238996e-08,762.8059000272406,0,0,0,0,0,,,,,,G2=1;G3=1;G4=1;G5=1;G9=1;G10=1
458,optimal,1011492.5199887936,248686.61939682037,762805.9005919733,6754.5684,5991.762499887271,762.8059001127292,11.293184922262823,2.7458001515250526e-08,5.803054095238996e-08,762.8059000272406,0,0,0,0,0,,,,,,G2=1;G3=1;G4=1;G5=1;G9=1;G10=1
459,optimal,1011492.5199887936,248686.61939682037,762805.9005919733,6754.5684,5991.762499887271,762.8059001127292,11.293184922262823,2.7458001515250526e-08,5.803054095238996e-08,762.8059000272406,0,0,0,0,0,,,,,,G2=1;G3=1;G4=1;G5=1;G9=1;G10=1
460,optimal,1617903.9156180217,203198.01524760606,1414705.9003704158,6754.5684,5339.862499933909,1414.7059000660913,20.944430736182806,1.7099460517201584e-08,3.7607266965054984e-08,1414.7059000113845,1,0,0,0,1,G4,,,,,G2=1;G3=1;G4=0;G5=1;G9=1;G10=1
461,optimal,1760144.3196745194,217338.41940006224,1542805.9002744572,6754.5684,5211.762499953639,1542.8059000463609,22.840924966373287,1.2779276903178535e-08,2.827068163579692e-08,1542.8059000053108,0,1,0,1,1,,L23,,,L23,G2=1;G3=0;G4=1;G5=1;G9=1;G10=1
462,optimal,1183124.3197193726,240318.41939936177,942805.9003200107,6754.5684,5811.762499947186,942.8059000528137,13.95804800870495,1.4920159021464624e-08,3.322893986277687e-08,942.8059000046644,0,1,0,1,0,,L19,,,L19,G2=1;G3=1;G4=1;G5=1;G9=1;G10=1
463,optimal,1760144.3196719813,217338.41940008034,1542805.900271901,6754.5684,5211.762499954262,1542.8059000457379,22.840924966364064,1.2671097422401753e-08,2.803087046639168e-08,1542.8059000050362,1,0,0,0,1,G3,,,,,G2=1;G3=0;G4=1;G5=1;G9=1;G10=1
464,optimal,1760144.3196719813,217338.41940008034,1542805.900271901,6754.5684,5211.762499954262,1542.8059000457379,22.840924966364064,1.2671097422401753e-08,2.803087046639168e-08,1542.8059000050362,1,0,0,0,1,G3,,,,,G2=1;G3=0;G4=1;G5=1;G9=1;G10=1
465,optimal,1011492.5199887936,248686.61939682037,762805.9005919733,6754.5684,5991.762499887271,762.8059001127292,11.293184922262823,2.7458001515250526e-08,5.803054095238996e-08,762.8059000272406,0,0,0,0,0,,,,,,G2=1;G3=1;G4=1;G5=1;G9=1;G10=1
466,optimal,1011492.5199887936,248686.61939682037,762805.9005919733,6754.5684,5991.762499887271,762.8059001127292,11.293184922262823,2.7458001515250526e-08,5.803054095238996e-08,762.8059000272406,0,0,0,0,0,,,,,,G2=1;G3=1;G4=1;G5=1;G9=1;G10=1
467,optimal,1011492.5199887936,248686.61939682037,762805.9005919733,6754.5684,5991.762499887271,762.8059001127292,11.293184922262823,2.7458001515250526e-08,5.803054095238996e-08,762.8059000272406,0,0,0,0,0,,,,,,G2=1;G3=1;G4=1;G5=1;G9=1;G10=1
468,optimal,1011492.5199887936,248686.61939682037,762805.9005919733,6754.5684,5991.762499887271,762.8059001127292,11.293184922262823,2.7458001515250526e-08,5.803054095238996e-08,762.8059000272406,0,0,0,0,0,,,,,,G2=1;G3=1;G4=1;G5=1;G9=1;G10=1
469,optimal,1011492.5199887936,248686.61939682037,762805.9005919733,6754.5684,5991.762499887271,762.8059001127292,11.293184922262823,2.7458001515250526e-08,5.803054095238996e-08,762.8059000272406,0,0,0,0,0,,,,,,G2=1;G3=1;G4=1;G5=1;G9=1;G10=1
470,optimal,1011492.5199887936,248686.61939682037,762805.9005919733,6754.5684,5991.762499887271,762.8059001127292,11.293184922262823,2.7458001515250526e-08,5.803054095238996e-08,762.8059000272406,0,0,0,0,0,,,,,,G2=1;G3=1;G4=1;G5=1;G9=1;G10=1
471,optimal,1011492.5199887936,248686.61939682037,762805.9005919733,6754.5684,5991.762499887271,762.8059001127292,11.293184922262823,2.7458001515250526e-08,5.803054095238996e-08,762.8059000272406,0,0,0,0,0,,,,,,G2=1;G3=1;G4=1;G5=1;G9=1;G10=1
472,optimal,2368419.9163568704,173714.01524319727,2194705.901113673,6754.5684,4559.862499804,2194.7059001959997,32.49217078319911,5.101113923102722e-08,1.1464331284427171e-07,2194.705900030345,2,0,0,0,2,G2;G4,,,,,G2=0;G3=1;G4=0;G5=1;G9=1;G10=1
473,optimal,1942005.9141787183,176450.01352167473,1765555.9006570436,6754.5684,4989.012499876619,1765.555900123381,26.138693038083392,2.9752059733918543e-08,6.64735338223288e-08,1765.5559000271553,1,0,0,0,1,G10,,,,,G2=1;G3=1;G4=1;G5=1;G9=1;G10=0
474,optimal,1011492.5199887936,248686.61939682037,762805.9005919733,6754.5684,5991.762499887271,762.8059001127292,11.293184922262823,2.7458001515250526e-08,5.803054095238996e-08,762.8059000272406,0,0,0,0,0,,,,,,G2=1;G3=1;G4=1;G5=1;G9=1;G10=1
475,optimal,1809272.2391835516,238966.33814384614,1570305.9010397056,6754.5684,5184.262499825423,1570.305900174577,23.24805682883568,4.869627558902072e-08,1.0671562093651315e-07,1570.3059000191647,1,0,0,0,0,G1,,,,,G2=1;G3=1;G4=1;G5=1;G9=1;G10=1
476,optimal,1011492.5200296848,248686.61939644103,762805.9006332437,6754.5684,5991.7624998787915,762.8059001212088,11.293184922388361,2.9377790424011868e-08,6.190874407205029e-08,762.8059000299222,0,1,0,1,0,,L30,,,L30,G2=1;G3=1;G4=1;G5=1;G9=1;G10=1
477,optimal,1011492.5199887936,248686.61939682037,762805.9005919733,6754.5684,5991.762499887271,762.8059001127292,11.293184922262823,2.7458001515250526e-08,5.803054095238996e-08,762.8059000272406,0,0,0,0,0,,,,,,G2=1;G3=1;G4=1;G5=1;G9=1;G10=1
478,optimal,1011492.5199887936,248686.61939682037,762805.9005919733,6754.5684,5991.762499887271,762.8059001127292,11.293184922262823,2.7458001515250526e-08,5.803054095238996e-08,762.8059000272406,0,0,0,0,0,,,,,,G2=1;G3=1;G4=1;G5=1;G9=1;G10=1
479,optimal,1760144.3196719813,217338.41940008034,1542805.900271901,6754.5684,5211.762499954262,1542.8059000457379,22.840924966364064,1.2671097422401753e-08,2.803087046639168e-08,1542.8059000050362,1,0,0,0,1,G3,,,,,G2=1;G3=0;G4=1;G5=1;G9=1;G10=1
480,optimal,1011492.5199887936,248686.61939682037,762805.9005919733,6754.5684,5991.762499887271,762.8059001127292,11.293184922262823,2.7458001515250526e-08,5.803054095238996e-08,762.8059000272406,0,0,0,0,0,,,,,,G2=1;G3=1;G4=1;G5=1;G9=1;G10=1
481,optimal,1760144.3196719813,217338.41940008034,1542805.900271901,6754.5684,5211.762499954262,1542.8059000457379,22.840924966364064,1.2671097422401753e-08,2.803087046639168e-08,1542.8059000050362,1,0,0,0,1,G3,,,,,G2=1;G3=0;G4=1;G5=1;G9=1;G10=1
482,optimal,1011492.5199887936,248686.61939682037,762805.9005919733,6754.5684,5991.762499887271,762.8059001127292,11.293184922262823,2.7458001515250526e-08,5.803054095238996e-08,762.8059000272406,0,0,0,0,0,,,,,,G2=1;G3=1;G4=1;G5=1;G9=1;G10=1
483,optimal,1011492.5199887936,248686.61939682037,762805.9005919733,6754.5684,5991.762499887271,762.8059001127292,11.293184922262823,2.7458001515250526e-08,5.803054095238996e-08,762.8059000272406,0,0,0,0,0,,,,,,G2=1;G3=1;G4=1;G5=1;G9=1;G10=1
484,optimal,1011492.5199887936,248686.61939682037,762805.9005919733,6754.5684,5991.762499887271,762.8059001127292,11.293184922262823,2.7458001515250526e-08,5.803054095238996e-08,762.8059000272406,0,0,0,0,0,,,,,,G2=1;G3=1;G4=1;G5=1;G9=1;G10=1
485,optimal,2604881.760433289,184575.8600230086,2420305.9004102806,6754.5684,4334.262499926341,2420.3059000736594,35.832132517507105,1.9081000258561377e-08,4.122299942186746e-08,2420.3059000133553,2,0,0,0,2,G3;G9,,,,,G2=1;G3=0;G4=1;G5=1;G9=0;G10=1
486,optimal,1011492.5199745423,248686.61939694124,762805.900577601,6754.5684,5991.7624998891215,762.805900110879,11.29318492223543,2.674408241908505e-08,5.6506276230345745e-08,762.8059000276287,1,1,0,1,0,G6,L6,,,L6,G2=1;G3=1;G4=1;G5=1;G9=1;G10=1
487,optimal,1011492.5199887936,248686.61939682037,762805.9005919733,6754.5684,5991.762499887271,762.8059001127292,11.293184922262823,2.7458001515250526e-08,5.803054095238996e-08,762.8059000272406,0,0,0,0,0,,,,,,G2=1;G3=1;G4=1;G5=1;G9=1;G10=1
488,optimal,1011492.5199887936,248686.61939682037,762805.9005919733,6754.5684,5991.762499887271,762.8059001127292,11.293184922262823,2.7458001515250526e-08,5.803054095238996e-08,762.8059000272406,0,0,0,0,0,,,,,,G2=1;G3=1;G4=1;G5=1;G9=1;G10=1
489,optimal,1011492.5199887936,248686.61939682037,762805.9005919733,6754.5684,5991.762499887271,762.8059001127292,11.293184922262823,2.7458001515250526e-08,5.803054095238996e-08,762.8059000272406,0,0,0,0,0,,,,,,G2=1;G3=1;G4=1;G5=1;G9=1;G10=1
490,optimal,1011492.5199887936,248686.61939682037,762805.9005919733,6754.5684,5991.762499887271,762.8059001127292,11.293184922262823,2.7458001515250526e-08,5.803054095238996e-08,762.8059000272406,0,0,0,0,0,,,,,,G2=1;G3=1;G4=1;G5=1;G9=1;G10=1
491,optimal,1011492.5199887936,248686.61939682037,762805.9005919733,6754.5684,5991.762499887271,762.8059001127292,11.293184922262823,2.7458001515250526e-08,5.803054095238996e-08,762.8059000272406,0,0,0,0,0,,,,,,G2=1;G3=1;G4=1;G5=1;G9=1;G10=1
492,optimal,1011492.5199887936,248686.61939682037,762805.9005919733,6754.5684,5991.762499887271,762.8059001127292,11.293184922262823,2.7458001515250526e-08,5.803054095238996e-08,762.8059000272406,0,0,0,0,0,,,,,,G2=1;G3=1;G4=1;G5=1;G9=1;G10=1
493,optimal,1942005.9141787183,176450.01352167473,1765555.9006570436,6754.5684,4989.012499876619,1765.555900123381,26.138693038083392,2.9752059733918543e-08,6.64735338223288e-08,1765.5559000271553,1,0,0,0,1,G10,,,,,G2=1;G3=1;G4=1;G5=1;G9=1;G10=0
494,optimal,1011492.5199887936,248686.61939682037,762805.9005919733,6754.5684,5991.762499887271,762.8059001127292,11.293184922262823,2.7458001515250526e-08,5.803054095238996e-08,762.8059000272406,0,0,0,0,0,,,,,,G2=1;G3=1;G4=1;G5=1;G9=1;G10=1
495,optimal,1011492.5199887936,248686.61939682037,762805.9005919733,6754.5684,5991.762499887271,762.8059001127292,11.293184922262823,2.7458001515250526e-08,5.803054095238996e-08,762.8059000272406,0,0,0,0,0,,,,,,G2=1;G3=1;G4=1;G5=1;G9=1;G10=1
496,optimal,1856229.960667825,215924.06002137897,1640305.900646446,6754.5684,5114.2624998873,1640.3059001127006,24.284392472992064,2.971388210049674e-08,6.65801420753459e-08,1640.3059000164064,1,0,0,0,1,G9,,,,,G2=1;G3=1;G4=1;G5=1;G9=0;G10=1
497,optimal,1942005.9141787183,176450.01352167473,1765555.9006570436,6754.5684,4989.012499876619,1765.555900123381,26.138693038083392,2.9752059733918543e-08,6.64735338223288e-08,1765.5559000271553,1,0,0,0,1,G10,,,,,G2=1;G3=1;G4=1;G5=1;G9=1;G10=0
498,optimal,1011492.5199887936,248686.61939682037,762805.9005919733,6754.5684,5991.762499887271,762.8059001127292,11.293184922262823,2.7458001515250526e-08,5.803054095238996e-08,762.8059000272406,0,0,0,0,0,,,,,,G2=1;G3=1;G4=1;G5=1;G9=1;G10=1
499,optimal,1421105.0199525116,248686.61939802274,1172418.4005544889,6754.5684,5582.149999920852,1172.4184000791483,17.35741398486909,2.6825432631213157e-08,5.847792762293429e-08,1172.4183999938448,0,1,0,1,0,,L39,,,L39,G2=1;G3=1;G4=1;G5=1;G9=1;G10=1
500,optimal,1011492.5199887936,248686.61939682037,762805.9005919733,6754.5684,5991.762499887271,762.8059001127292,11.293184922262823,2.7458001515250526e-08,5.803054095238996e-08,762.8059000272406,0,0,0,0,0,,,,,,G2=1;G3=1;G4=1;G5=1;G9=1;G10=1
501,optimal,1011492.5199887936,248686.61939682037,762805.9005919733,6754.5684,5991.762499887271,762.8059001127292,11.293184922262823,2.7458001515250526e-08,5.803054095238996e-08,762.8059000272406,0,0,0,0,0,,,,,,G2=1;G3=1;G4=1;G5=1;G9=1;G10=1
502,optimal,1011492.5200261334,248686.61939652177,762805.9006296117,6754.5684,5991.76249988022,762.8059001197803,11.293184922367212,2.9275142634603918e-08,6.158872775840025e-08,762.8059000289165,0,1,0,1,0,,L43,,,L43,G2=1;G3=1;G4=1;G5=1;G9=1;G10=1
503,optimal,1011492.5199887936,248686.61939682037,762805.9005919733,6754.5684,5991.762499887271,762.8059001127292,11.293184922262823,2.7458001515250526e-08,5.803054095238996e-08,762.8059000272406,0,0,0,0,0,,,,,,G2=1;G3=1;G4=1;G5=1;G9=1;G10=1
504,optimal,1011492.5199887936,248686.61939682037,762805.9005919733,6754.5684,5991.762499887271,762.8059001127292,11.293184922262823,2.7458001515250526e-08,5.803054095238996e-08,762.8059000272406,0,0,0,0,0,,,,,,G2=1;G3=1;G4=1;G5=1;G9=1;G10=1
505,optimal,1617903.9156180217,203198.01524760606,1414705.9003704158,6754.5684,5339.862499933909,1414.7059000660913,20.944430736182806,1.7099460517201584e-08,3.7607266965054984e-08,1414.7059000113845,1,0,0,0,1,G4,,,,,G2=1;G3=1;G4=0;G5=1;G9=1;G10=1
506,optimal,1011492.5199887936,248686.61939682037,762805.9005919733,6754.5684,5991.762499887271,762.8059001127292,11.293184922262823,2.7458001515250526e-08,5.803054095238996e-08,762.8059000272406,0,0,0,0,0,,,,,,G2=1;G3=1;G4=1;G5=1;G9=1;G10=1
507,optimal,1011492.5199887936,248686.61939682037,762805.9005919733,6754.5684,5991.762499887271,762.8059001127292,11.293184922262823,2.7458001515250526e-08,5.803054095238996e-08,762.8059000272406,0,0,0,0,0,,,,,,G2=1;G3=1;G4=1;G5=1;G9=1;G10=1
508,optimal,1011492.5199887936,248686.61939682037,762805.9005919733,6754.5684,5991.762499887271,762.8059001127292,11.293184922262823,2.7458001515250526e-08,5.803054095238996e-08,762.8059000272406,0,0,0,0,0,,,,,,G2=1;G3=1;G4=1;G5=1;G9=1;G10=1
509,optimal,1011492.5199887936,248686.61939682037,762805.9005919733,6754.5684,5991.762499887271,762.8059001127292,11.293184922262823,2.7458001515250526e-08,5.803054095238996e-08,762.8059000272406,0,0,0,0,0,,,,,,G2=1;G3=1;G4=1;G5=1;G9=1;G10=1
510,optimal,1011492.5199887936,248686.61939682037,762805.9005919733,6754.5684,5991.762499887271,762.8059001127292,11.293184922262823,2.7458001515250526e-08,5.803054095238996e-08,762.8059000272406,0,0,0,0,0,,,,,,G2=1;G3=1;G4=1;G5=1;G9=1;G10=1
511,optimal,1011492.5199887936,248686.61939682037,762805.9005919733,6754.5684,5991.762499887271,762.8059001127292,11.293184922262823,2.7458001515250526e-08,5.803054095238996e-08,762.8059000272406,0,0,0,0,0,,,,,,G2=1;G3=1;G4=1;G5=1;G9=1;G10=1
512,optimal,1011492.5199887936,248686.61939682037,762805.9005919733,6754.5684,5991.762499887271,762.8059001127292,11.293184922262823,2.7458001515250526e-08,5.803054095238996e-08,762.8059000272406,0,0,0,0,0,,,,,,G2=1;G3=1;G4=1;G5=1;G9=1;G10=1
513,optimal,1011492.5199887936,248686.61939682037,762805.9005919733,6754.5684,5991.762499887271,762.8059001127292,11.293184922262823,2.7458001515250526e-08,5.803054095238996e-08,762.8059000272406,0,0,0,0,0,,,,,,G2=1;G3=1;G4=1;G5=1;G9=1;G10=1
514,optimal,1942005.9141787183,176450.01352167473,1765555.9006570436,6754.5684,4989.012499876619,1765.555900123381,26.138693038083392,2.9752059733918543e-08,6.64735338223288e-08,1765.5559000271553,1,0,0,0,1,G10,,,,,G2=1;G3=1;G4=1;G5=1;G9=1;G10=0
515,optimal,1617903.9156180217,203198.01524760606,1414705.9003704158,6754.5684,5339.862499933909,1414.7059000660913,20.944430736182806,1.7099460517201584e-08,3.7607266965054984e-08,1414.7059000113845,2,0,0,0,1,G4;G6,,,,,G2=1;G3=1;G4=0;G5=1;G9=1;G10=1
516,optimal,1011492.5205401392,248686.61943680578,762805.9011033333,6754.5684,5991.76249976542,762.8059002345797,11.293184924066795,4.97412444643926e-08,1.052705820411713e-07,762.8059000795679,0,1,0,1,0,,L9,,,L9,G2=1;G3=1;G4=1;G5=1;G9=1;G10=1
517,optimal,1011492.5199887936,248686.61939682037,762805.9005919733,6754.5684,5991.762499887271,762.8059001127292,11.293184922262823,2.7458001515250526e-08,5.803054095238996e-08,762.8059000272406,0,0,0,0,0,,,,,,G2=1;G3=1;G4=1;G5=1;G9=1;G10=1
518,optimal,1617903.9156180217,203198.01524760606,1414705.9003704158,6754.5684,5339.862499933909,1414.7059000660913,20.944430736182806,1.7099460517201584e-08,3.7607266965054984e-08,1414.7059000113845,1,0,0,0,1,G4,,,,,G2=1;G3=1;G4=0;G5=1;G9=1;G10=1
519,optimal,1011492.5199887936,248686.61939682037,762805.9005919733,6754.5684,5991.762499887271,762.8059001127292,11.293184922262823,2.7458001515250526e-08,5.803054095238996e-08,762.8059000272406,0,0,0,0,0,,,,,,G2=1;G3=1;G4=1;G5=1;G9=1;G10=1
520,optimal,1011492.5199887936,248686.61939682037,762805.9005919733,6754.5684,5991.762499887271,762.8059001127292,11.293184922262823,2.7458001515250526e-08,5.803054095238996e-08,762.8059000272406,0,0,0,0,0,,,,,,G2=1;G3=1;G4=1;G5=1;G9=1;G10=1
521,optimal,2027516.4156233906,203198.01524739375,1824318.4003759967,6754.5684,4930.249999937464,1824.3184000625358,27.00865979923359,1.8048263268634532e-08,3.775651021682874e-08,1824.318400006731,2,0,0,0,1,G4;G7,,,,,G2=1;G3=1;G4=0;G5=1;G9=1;G10=1
522,optimal,1011492.5199887936,248686.61939682037,762805.9005919733,6754.5684,5991.762499887271,762.8059001127292,11.293184922262823,2.7458001515250526e-08,5.803054095238996e-08,762.8059000272406,0,0,0,0,0,,,,,,G2=1;G3=1;G4=1;G5=1;G9=1;G10=1
523,optimal,1011492.5199887936,248686.61939682037,762805.9005919733,6754.5684,5991.762499887271,762.8059001127292,11.293184922262823,2.7458001515250526e-08,5.803054095238996e-08,762.8059000272406,0,0,0,0,0,,,,,,G2=1;G3=1;G4=1;G5=1;G9=1;G10=1
524,optimal,1011492.5199101808,248686.61939749436,762805.9005126865,6754.5684,5991.7624999029995,762.8059000970006,11.293184922029964,2.373691777507629e-08,5.051338230595122e-08,762.8059000227504,0,1,0,1,0,,L25,,,L25,G2=1;G3=1;G4=1;G5=1;G9=1;G10=1
525,optimal,1011492.5200974084,248686.61939573797,762805.9007016704,6754.5684,5991.762499865159,762.805900134841,11.293184922590182,3.246596291644292e-08,6.86589279458331e-08,762.8059000337163,0,1,0,1,0,,L16,,,L16,G2=1;G3=1;G4=1;G5=1;G9=1;G10=1
526,optimal,1011492.5199887936,248686.61939682037,762805.9005919733,6754.5684,5991.762499887271,762.8059001127292,11.293184922262823,2.7458001515250526e-08,5.803054095238996e-08,762.8059000272406,0,0,0,0,0,,,,,,G2=1;G3=1;G4=1;G5=1;G9=1;G10=1
527,optimal,1011492.5199887936,248686.61939682037,762805.9005919733,6754.5684,5991.762499887271,762.8059001127292,11.293184922262823,2.7458001515250526e-08,5.803054095238996e-08,762.8059000272406,0,0,0,0,0,,,,,,G2=1;G3=1;G4=1;G5=1;G9=1;G10=1
528,optimal,1762008.5196608987,219202.6194002331,1542805.9002606657,6754.5684,5211.7624999602185,1542.8059000397816,22.840924966275885,1.2386286324785578e-08,2.7351815042006216e-08,1542.8059000000437,1,0,0,0,1,G2,,,,,G2=0;G3=1;G4=1;G5=1;G9=1;G10=1
529,optimal,1011492.5199887936,248686.61939682037,762805.9005919733,6754.5684,5991.762499887271,762.8059001127292,11.293184922262823,2.7458001515250526e-08,5.803054095238996e-08,762.8059000272406,0,0,0,0,0,,,,,,G2=1;G3=1;G4=1;G5=1;G9=1;G10=1
530,optimal,1011492.5199887936,248686.61939682037,762805.9005919733,6754.5684,5991.762499887271,762.8059001127292,11.293184922262823,2.7458001515250526e-08,5.803054095238996e-08,762.8059000272406,0,0,0,0,0,,,,,,G2=1;G3=1;G4=1;G5=1;G9=1;G10=1
531,optimal,1011492.5199887936,248686.61939682037,762805.9005919733,6754.5684,5991.762499887271,762.8059001127292,11.293184922262823,2.7458001515250526e-08,5.803054095238996e-08,762.8059000272406,0,0,0,0,0,,,,,,G2=1;G3=1;G4=1;G5=1;G9=1;G10=1
532,optimal,1942005.9141787183,176450.01352167473,1765555.9006570436,6754.5684,4989.012499876619,1765.555900123381,26.138693038083392,2.9752059733918543e-08,6.64735338223288e-08,1765.5559000271553,1,0,0,0,1,G10,,,,,G2=1;G3=1;G4=1;G5=1;G9=1;G10=0
533,optimal,1011492.5199887936,248686.61939682037,762805.9005919733,6754.5684,5991.762499887271,762.8059001127292,11.293184922262823,2.7458001515250526e-08,5.803054095238996e-08,762.8059000272406,0,0,0,0,0,,,,,,G2=1;G3=1;G4=1;G5=1;G9=1;G10=1
534,optimal,1011492.5199887936,248686.61939682037,762805.9005919733,6754.5684,5991.762499887271,762.8059001127292,11.293184922262823,2.7458001515250526e-08,5.803054095238996e-08,762.8059000272406,0,0,0,0,0,,,,,,G2=1;G3=1;G4=1;G5=1;G9=1;G10=1
535,optimal,1011492.5199887936,248686.61939682037,762805.9005919733,6754.5684,5991.762499887271,762.8059001127292,11.293184922262823,2.7458001515250526e-08,5.803054095238996e-08,762.8059000272406,0,0,0,0,0,,,,,,G2=1;G3=1;G4=1;G5=1;G9=1;G10=1
536,optimal,2272757.547492544,175551.64649449103,2097205.900998053,6754.5684,4657.3624998455225,2097.2059001544776,31.048703276947755,4.68336208740609e-08,1.0551834684085238e-07,2097.2059000021254,2,0,0,0,2,G4;G5,,,,,G2=1;G3=1;G4=0;G5=0;G9=1;G10=1
537,optimal,1011492.5199887936,248686.61939682037,762805.9005919733,6754.5684,5991.762499887271,762.8059001127292,11.293184922262823,2.7458001515250526e-08,5.803054095238996e-08,762.8059000272406,0,0,0,0,0,,,,,,G2=1;G3=1;G4=1;G5=1;G9=1;G10=1
538,optimal,1011492.5199887936,248686.61939682037,762805.9005919733,6754.5684,5991.762499887271,762.8059001127292,11.293184922262823,2.7458001515250526e-08,5.803054095238996e-08,762.8059000272406,0,0,0,0,0,,,,,,G2=1;G3=1;G4=1;G5=1;G9=1;G10=1
539,optimal,1011492.5199887936,248686.61939682037,762805.9005919733,6754.5684,5991.762499887271,762.8059001127292,11.293184922262823,2.7458001515250526e-08,5.803054095238996e-08,762.8059000272406,0,0,0,0,0,,,,,,G2=1;G3=1;G4=1;G5=1;G9=1;G10=1
540,optimal,1942005.9141787183,176450.01352167473,1765555.9006570436,6754.5684,4989.012499876619,1765.555900123381,26.138693038083392,2.9752059733918543e-08,6.64735338223288e-08,1765.5559000271553,1,0,0,0,1,G10,,,,,G2=1;G3=1;G4=1;G5=1;G9=1;G10=0
541,optimal,1011492.5199887936,248686.61939682037,762805.9005919733,6754.5684,5991.762499887271,762.8059001127292,11.293184922262823,2.7458001515250526e-08,5.803054095238996e-08,762.8059000272406,0,0,0,0,0,,,,,,G2=1;G3=1;G4=1;G5=1;G9=1;G10=1
542,optimal,1011492.5199887936,248686.61939682037,762805.9005919733,6754.5684,5991.762499887271,762.8059001127292,11.293184922262823,2.7458001515250526e-08,5.803054095238996e-08,762.8059000272406,0,0,0,0,0,,,,,,G2=1;G3=1;G4=1;G5=1;G9=1;G10=1
543,optimal,1011492.5199887936,248686.61939682037,762805.9005919733,6754.5684,5991.762499887271,762.8059001127292,11.293184922262823,2.7458001515250526e-08,5.803054095238996e-08,762.8059000272406,0,0,0,0,0,,,,,,G2=1;G3=1;G4=1;G5=1;G9=1;G10=1
544,optimal,1856229.9606771949,215924.0600212876,1640305.9006559073,6754.5684,5114.262499885753,1640.3059001142474,24.284392473014965,3.0138602810687917e-08,6.760316709421136e-08,1640.3059000165056,1,1,0,1,1,G9,L21,,,L21,G2=1;G3=1;G4=1;G5=1;G9=0;G10=1
545,optimal,1011492.5199887936,248686.61939682037,762805.9005919733,6754.5684,5991.762499887271,762.8059001127292,11.293184922262823,2.7458001515250526e-08,5.803054095238996e-08,762.8059000272406,0,0,0,0,0,,,,,,G2=1;G3=1;G4=1;G5=1;G9=1;G10=1
546,optimal,1617903.9156180217,203198.01524760606,1414705.9003704158,6754.5684,5339.862499933909,1414.7059000660913,20.944430736182806,1.7099460517201584e-08,3.7607266965054984e-08,1414.7059000113845,1,0,0,0,1,G4,,,,,G2=1;G3=1;G4=0;G5=1;G9=1;G10=1
547,optimal,1011492.5199887936,248686.61939682037,762805.9005919733,6754.5684,5991.762499887271,762.8059001127292,11.293184922262823,2.7458001515250526e-08,5.803054095238996e-08,762.8059000272406,0,0,0,0,0,,,,,,G2=1;G3=1;G4=1;G5=1;G9=1;G10=1
548,optimal,1011492.5199887936,248686.61939682037,762805.9005919733,6754.5684,5991.762499887271,762.8059001127292,11.293184922262823,2.7458001515250526e-08,5.803054095238996e-08,762.8059000272406,0,0,0,0,0,,,,,,G2=1;G3=1;G4=1;G5=1;G9=1;G10=1
549,optimal,1762008.5196608987,219202.6194002331,1542805.9002606657,6754.5684,5211.7624999602185,1542.8059000397816,22.840924966275885,1.2386286324785578e-08,2.7351815042006216e-08,1542.8059000000437,1,0,0,0,1,G2,,,,,G2=0;G3=1;G4=1;G5=1;G9=1;G10=1
550,optimal,1011492.5199887936,248686.61939682037,762805.9005919733,6754.5684,5991.762499887271,762.8059001127292,11.293184922262823,2.7458001515250526e-08,5.803054095238996e-08,762.8059000272406,0,0,0,0,0,,,,,,G2=1;G3=1;G4=1;G5=1;G9=1;G10=1
551,optimal,1011492.5199887936,248686.61939682037,762805.9005919733,6754.5684,5991.762499887271,762.8059001127292,11.293184922262823,2.7458001515250526e-08,5.803054095238996e-08,762.8059000272406,0,0,0,0,0,,,,,,G2=1;G3=1;G4=1;G5=1;G9=1;G10=1
552,optimal,1011492.5199887936,248686.61939682037,762805.9005919733,6754.5684,5991.762499887271,762.8059001127292,11.293184922262823,2.7458001515250526e-08,5.803054095238996e-08,762.8059000272406,0,0,0,0,0,,,,,,G2=1;G3=1;G4=1;G5=1;G9=1;G10=1
553,optimal,1011492.5199887936,248686.61939682037,762805.9005919733,6754.5684,5991.762499887271,762.8059001127292,11.293184922262823,2.7458001515250526e-08,5.803054095238996e-08,762.8059000272406,0,0,0,0,0,,,,,,G2=1;G3=1;G4=1;G5=1;G9=1;G10=1
554,optimal,1762008.5196608987,219202.6194002331,1542805.9002606657,6754.5684,5211.7624999602185,1542.8059000397816,22.840924966275885,1.2386286324785578e-08,2.7351815042006216e-08,1542.8059000000437,1,0,0,0,1,G2,,,,,G2=0;G3=1;G4=1;G5=1;G9=1;G10=1
555,optimal,1011492.5199887936,248686.61939682037,762805.9005919733,6754.5684,5991.762499887271,762.8059001127292,11.293184922262823,2.7458001515250526e-08,5.803054095238996e-08,762.8059000272406,0,0,0,0,0,,,,,,G2=1;G3=1;G4=1;G5=1;G9=1;G10=1
556,optimal,1011492.5199887936,248686.61939682037,762805.9005919733,6754.5684,5991.762499887271,762.8059001127292,11.293184922262823,2.7458001515250526e-08,5.803054095238996e-08,762.8059000272406,0,0,0,0,0,,,,,,G2=1;G3=1;G4=1;G5=1;G9=1;G10=1
557,optimal,1011492.5199887936,248686.61939682037,762805.9005919733,6754.5684,5991.762499887271,762.8059001127292,11.293184922262823,2.7458001515250526e-08,5.803054095238996e-08,762.8059000272406,0,0,0,0,0,,,,,,G2=1;G3=1;G4=1;G5=1;G9=1;G10=1
558,optimal,1011492.5199887936,248686.61939682037,762805.9005919733,6754.5684,5991.762499887271,762.8059001127292,11.293184922262823,2.7458001515250526e-08,5.803054095238996e-08,762.8059000272406,0,0,0,0,0,,,,,,G2=1;G3=1;G4=1;G5=1;G9=1;G10=1
559,optimal,1011492.5199887936,248686.61939682037,762805.9005919733,6754.5684,5991.762499887271,762.8059001127292,11.293184922262823,2.7458001515250526e-08,5.803054095238996e-08,762.8059000272406,0,0,0,0,0,,,,,,G2=1;G3=1;G4=1;G5=1;G9=1;G10=1
560,optimal,1617903.9156180217,203198.01524760606,1414705.9003704158,6754.5684,5339.862499933909,1414.7059000660913,20.944430736182806,1.7099460517201584e-08,3.7607266965054984e-08,1414.7059000113845,1,0,0,0,1,G4,,,,,G2=1;G3=1;G4=0;G5=1;G9=1;G10=1
561,optimal,1011492.5199887936,248686.61939682037,762805.9005919733,6754.5684,5991.762499887271,762.8059001127292,11.293184922262823,2.7458001515250526e-08,5.803054095238996e-08,762.8059000272406,0,0,0,0,0,,,,,,G2=1;G3=1;G4=1;G5=1;G9=1;G10=1
562,optimal,1760144.3196719813,217338.41940008034,1542805.900271901,6754.5684,5211.762499954262,1542.8059000457379,22.840924966364064,1.2671097422401753e-08,2.803087046639168e-08,1542.8059000050362,1,0,0,0,1,G3,,,,,G2=1;G3=0;G4=1;G5=1;G9=1;G10=1
563,optimal,1933019.4025866746,248157.36329971053,1684862.039286964,6754.5684,5980.146361877523,774.4220381224767,11.46515946337114,60.69600006643268,91.04400014164828,622.6820379143957,0,0,1,2,0,,,T27,27,L31;L42,G2=1;G3=1;G4=1;G5=1;G9=1;G10=1
564,optimal,1011492.5199887936,248686.61939682037,762805.9005919733,6754.5684,5991.762499887271,762.8059001127292,11.293184922262823,2.7458001515250526e-08,5.803054095238996e-08,762.8059000272406,0,0,0,0,0,,,,,,G2=1;G3=1;G4=1;G5=1;G9=1;G10=1
565,optimal,1011492.5199887936,248686.61939682037,762805.9005919733,6754.5684,5991.762499887271,762.8059001127292,11.293184922262823,2.7458001515250526e-08,5.803054095238996e-08,762.8059000272406,0,0,0,0,0,,,,,,G2=1;G3=1;G4=1;G5=1;G9=1;G10=1
566,optimal,1174323.6837238972,240730.1835572929,933593.5001666042,6754.5684,5820.974899966091,933.5935000339098,13.821660315615572,7.3930791040909756e-09,1.653917156938887e-08,933.5935000099774,0,1,0,1,0,,L13,,,L13,G2=1;G3=1;G4=1;G5=1;G9=1;G10=1
567,optimal,2060683.4307975876,222365.03024542608,1838318.4005521615,6754.5684,4916.249999904133,1838.3184000958674,27.215926928741553,2.5937632404824894e-08,5.5713829483668e-08,1838.318400014216,2,1,0,1,1,G5;G7,L37,,,L37,G2=1;G3=1;G4=1;G5=0;G9=1;G10=1
568,optimal,1011492.5199887936,248686.61939682037,762805.9005919733,6754.5684,5991.762499887271,762.8059001127292,11.293184922262823,2.7458001515250526e-08,5.803054095238996e-08,762.8059000272406,0,0,0,0,0,,,,,,G2=1;G3=1;G4=1;G5=1;G9=1;G10=1
569,optimal,1011492.5199887936,248686.61939682037,762805.9005919733,6754.5684,5991.762499887271,762.8059001127292,11.293184922262823,2.7458001515250526e-08,5.803054095238996e-08,762.8059000272406,0,0,0,0,0,,,,,,G2=1;G3=1;G4=1;G5=1;G9=1;G10=1
570,optimal,1011492.5199887936,248686.61939682037,762805.9005919733,6754.5684,5991.762499887271,762.8059001127292,11.293184922262823,2.7458001515250526e-08,5.803054095238996e-08,762.8059000272406,0,0,0,0,0,,,,,,G2=1;G3=1;G4=1;G5=1;G9=1;G10=1
571,optimal,1856229.960667825,215924.06002137897,1640305.900646446,6754.5684,5114.2624998873,1640.3059001127006,24.284392472992064,2.971388210049674e-08,6.65801420753459e-08,1640.3059000164064,1,0,0,0,1,G9,,,,,G2=1;G3=1;G4=1;G5=1;G9=0;G10=1
572,optimal,1011492.5199887936,248686.61939682037,762805.9005919733,6754.5684,5991.762499887271,762.8059001127292,11.293184922262823,2.7458001515250526e-08,5.803054095238996e-08,762.8059000272406,0,0,0,0,0,,,,,,G2=1;G3=1;G4=1;G5=1;G9=1;G10=1
573,optimal,1617903.9156180217,203198.01524760606,1414705.9003704158,6754.5684,5339.862499933909,1414.7059000660913,20.944430736182806,1.7099460517201584e-08,3.7607266965054984e-08,1414.7059000113845,1,0,0,0,1,G4,,,,,G2=1;G3=1;G4=0;G5=1;G9=1;G10=1
574,optimal,1011492.5199887936,248686.61939682037,762805.9005919733,6754.5684,5991.762499887271,762.8059001127292,11.293184922262823,2.7458001515250526e-08,5.803054095238996e-08,762.8059000272406,0,0,0,0,0,,,,,,G2=1;G3=1;G4=1;G5=1;G9=1;G10=1
575,optimal,1011492.5199887936,248686.61939682037,762805.9005919733,6754.5684,5991.762499887271,762.8059001127292,11.293184922262823,2.7458001515250526e-08,5.803054095238996e-08,762.8059000272406,0,0,0,0,0,,,,,,G2=1;G3=1;G4=1;G5=1;G9=1;G10=1
576,optimal,1011492.5199887936,248686.61939682037,762805.9005919733,6754.5684,5991.762499887271,762.8059001127292,11.293184922262823,2.7458001515250526e-08,5.803054095238996e-08,762.8059000272406,1,0,0,0,0,G8,,,,,G2=1;G3=1;G4=1;G5=1;G9=1;G10=1
577,optimal,1011492.5199887936,248686.61939682037,762805.9005919733,6754.5684,5991.762499887271,762.8059001127292,11.293184922262823,2.7458001515250526e-08,5.803054095238996e-08,762.8059000272406,0,0,0,0,0,,,,,,G2=1;G3=1;G4=1;G5=1;G9=1;G10=1
578,optimal,1011492.5199887936,248686.61939682037,762805.9005919733,6754.5684,5991.762499887271,762.8059001127292,11.293184922262823,2.7458001515250526e-08,5.803054095238996e-08,762.8059000272406,0,0,0,0,0,,,,,,G2=1;G3=1;G4=1;G5=1;G9=1;G10=1
579,optimal,1942005.9141787183,176450.01352167473,1765555.9006570436,6754.5684,4989.012499876619,1765.555900123381,26.138693038083392,2.9752059733918543e-08,6.64735338223288e-08,1765.5559000271553,1,0,0,0,1,G10,,,,,G2=1;G3=1;G4=1;G5=1;G9=1;G10=0
580,optimal,1011492.5199887936,248686.61939682037,762805.9005919733,6754.5684,5991.762499887271,762.8059001127292,11.293184922262823,2.7458001515250526e-08,5.803054095238996e-08,762.8059000272406,0,0,0,0,0,,,,,,G2=1;G3=1;G4=1;G5=1;G9=1;G10=1
581,optimal,1011492.5199887936,248686.61939682037,762805.9005919733,6754.5684,5991.762499887271,762.8059001127292,11.293184922262823,2.7458001515250526e-08,5.803054095238996e-08,762.8059000272406,0,0,0,0,0,,,,,,G2=1;G3=1;G4=1;G5=1;G9=1;G10=1
582,optimal,1011492.5199887936,248686.61939682037,762805.9005919733,6754.5684,5991.762499887271,762.8059001127292,11.293184922262823,2.7458001515250526e-08,5.803054095238996e-08,762.8059000272406,0,0,0,0,0,,,,,,G2=1;G3=1;G4=1;G5=1;G9=1;G10=1
583,optimal,1651070.9307264644,222365.03024655534,1428705.900479909,6754.5684,5325.86249991447,1428.7059000855293,21.151697865485072,2.2397464574565604e-08,4.820062919553181e-08,1428.705900014931,1,0,0,0,1,G5,,,,,G2=1;G3=1;G4=1;G5=0;G9=1;G10=1
584,optimal,1011492.5199887936,248686.61939682037,762805.9005919733,6754.5684,5991.762499887271,762.8059001127292,11.293184922262823,2.7458001515250526e-08,5.803054095238996e-08,762.8059000272406,0,0,0,0,0,,,,,,G2=1;G3=1;G4=1;G5=1;G9=1;G10=1
585,optimal,1011492.5199887936,248686.61939682037,762805.9005919733,6754.5684,5991.762499887271,762.8059001127292,11.293184922262823,2.7458001515250526e-08,5.803054095238996e-08,762.8059000272406,0,0,0,0,0,,,,,,G2=1;G3=1;G4=1;G5=1;G9=1;G10=1
586,optimal,1011492.5199887936,248686.61939682037,762805.9005919733,6754.5684,5991.762499887271,762.8059001127292,11.293184922262823,2.7458001515250526e-08,5.803054095238996e-08,762.8059000272406,0,0,0,0,0,,,,,,G2=1;G3=1;G4=1;G5=1;G9=1;G10=1
587,optimal,1617903.9156180217,203198.01524760606,1414705.9003704158,6754.5684,5339.862499933909,1414.7059000660913,20.944430736182806,1.7099460517201584e-08,3.7607266965054984e-08,1414.7059000113845,1,0,0,0,1,G4,,,,,G2=1;G3=1;G4=0;G5=1;G9=1;G10=1
588,optimal,1011492.5199887936,248686.61939682037,762805.9005919733,6754.5684,5991.762499887271,762.8059001127292,11.293184922262823,2.7458001515250526e-08,5.803054095238996e-08,762.8059000272406,1,0,0,0,0,G8,,,,,G2=1;G3=1;G4=1;G5=1;G9=1;G10=1
589,optimal,1011492.5199887936,248686.61939682037,762805.9005919733,6754.5684,5991.762499887271,762.8059001127292,11.293184922262823,2.7458001515250526e-08,5.803054095238996e-08,762.8059000272406,0,0,0,0,0,,,,,,G2=1;G3=1;G4=1;G5=1;G9=1;G10=1
590,optimal,1011492.5199887936,248686.61939682037,762805.9005919733,6754.5684,5991.762499887271,762.8059001127292,11.293184922262823,2.7458001515250526e-08,5.803054095238996e-08,762.8059000272406,0,0,0,0,0,,,,,,G2=1;G3=1;G4=1;G5=1;G9=1;G10=1
591,optimal,2462641.355995298,170435.45587429812,2292205.9001209997,6754.5684,4462.362499980316,2292.2059000196846,33.93563828622543,5.720409060722642e-09,1.2457912972907094e-08,2292.2059000015065,2,0,0,0,2,G4;G9,,,,,G2=1;G3=1;G4=0;G5=1;G9=0;G10=1
592,optimal,1942005.9141787183,176450.01352167473,1765555.9006570436,6754.5684,4989.012499876619,1765.555900123381,26.138693038083392,2.9752059733918543e-08,6.64735338223288e-08,1765.5559000271553,1,0,0,0,1,G10,,,,,G2=1;G3=1;G4=1;G5=1;G9=1;G10=0
593,optimal,1011492.5199887936,248686.61939682037,762805.9005919733,6754.5684,5991.762499887271,762.8059001127292,11.293184922262823,2.7458001515250526e-08,5.803054095238996e-08,762.8059000272406,0,0,0,0,0,,,,,,G2=1;G3=1;G4=1;G5=1;G9=1;G10=1
594,optimal,1011492.5199887936,248686.61939682037,762805.9005919733,6754.5684,5991.762499887271,762.8059001127292,11.293184922262823,2.7458001515250526e-08,5.803054095238996e-08,762.8059000272406,0,0,0,0,0,,,,,,G2=1;G3=1;G4=1;G5=1;G9=1;G10=1
595,optimal,1011492.5199887936,248686.61939682037,762805.9005919733,6754.5684,5991.762499887271,762.8059001127292,11.293184922262823,2.7458001515250526e-08,5.803054095238996e-08,762.8059000272406,0,0,0,0,0,,,,,,G2=1;G3=1;G4=1;G5=1;G9=1;G10=1
596,optimal,1011492.5199887936,248686.61939682037,762805.9005919733,6754.5684,5991.762499887271,762.8059001127292,11.293184922262823,2.7458001515250526e-08,5.803054095238996e-08,762.8059000272406,1,0,0,0,0,G6,,,,,G2=1;G3=1;G4=1;G5=1;G9=1;G10=1
597,optimal,1011492.5199887936,248686.61939682037,762805.9005919733,6754.5684,5991.762499887271,762.8059001127292,11.293184922262823,2.7458001515250526e-08,5.803054095238996e-08,762.8059000272406,0,0,0,0,0,,,,,,G2=1;G3=1;G4=1;G5=1;G9=1;G10=1
598,optimal,1942005.9141787183,176450.01352167473,1765555.9006570436,6754.5684,4989.012499876619,1765.555900123381,26.138693038083392,2.9752059733918543e-08,6.64735338223288e-08,1765.5559000271553,1,0,0,0,1,G10,,,,,G2=1;G3=1;G4=1;G5=1;G9=1;G10=0
599,optimal,1011492.5199887936,248686.61939682037,762805.9005919733,6754.5684,5991.762499887271,762.8059001127292,11.293184922262823,2.7458001515250526e-08,5.803054095238996e-08,762.8059000272406,1,0,0,0,0,G6,,,,,G2=1;G3=1;G4=1;G5=1;G9=1;G10=1
600,optimal,1011492.5199887936,248686.61939682037,762805.9005919733,6754.5684,5991.762499887271,762.8059001127292,11.293184922262823,2.7458001515250526e-08,5.803054095238996e-08,762.8059000272406,0,0,0,0,0,,,,,,G2=1;G3=1;G4=1;G5=1;G9=1;G10=1
601,optimal,1011492.5199887936,248686.61939682037,762805.9005919733,6754.5684,5991.762499887271,762.8059001127292,11.293184922262823,2.7458001515250526e-08,5.803054095238996e-08,762.8059000272406,0,0,0,0,0,,,,,,G2=1;G3=1;G4=1;G5=1;G9=1;G10=1
602,optimal,1011492.5199887936,248686.61939682037,762805.9005919733,6754.5684,5991.762499887271,762.8059001127292,11.293184922262823,2.7458001515250526e-08,5.803054095238996e-08,762.8059000272406,0,0,0,0,0,,,,,,G2=1;G3=1;G4=1;G5=1;G9=1;G10=1
603,optimal,1011492.5199887936,248686.61939682037,762805.9005919733,6754.5684,5991.762499887271,762.8059001127292,11.293184922262823,2.7458001515250526e-08,5.803054095238996e-08,762.8059000272406,0,0,0,0,0,,,,,,G2=1;G3=1;G4=1;G5=1;G9=1;G10=1
604,optimal,1011492.5199887936,248686.61939682037,762805.9005919733,6754.5684,5991.762499887271,762.8059001127292,11.293184922262823,2.7458001515250526e-08,5.803054095238996e-08,762.8059000272406,0,0,0,0,0,,,,,,G2=1;G3=1;G4=1;G5=1;G9=1;G10=1
605,optimal,1011492.5199887936,248686.61939682037,762805.9005919733,6754.5684,5991.762499887271,762.8059001127292,11.293184922262823,2.7458001515250526e-08,5.803054095238996e-08,762.8059000272406,0,0,0,0,0,,,,,,G2=1;G3=1;G4=1;G5=1;G9=1;G10=1
606,optimal,1011492.5199887936,248686.61939682037,762805.9005919733,6754.5684,5991.762499887271,762.8059001127292,11.293184922262823,2.7458001515250526e-08,5.803054095238996e-08,762.8059000272406,0,0,0,0,0,,,,,,G2=1;G3=1;G4=1;G5=1;G9=1;G10=1
607,optimal,1942005.9141787183,176450.01352167473,1765555.9006570436,6754.5684,4989.012499876619,1765.555900123381,26.138693038083392,2.9752059733918543e-08,6.64735338223288e-08,1765.5559000271553,1,0,0,0,1,G10,,,,,G2=1;G3=1;G4=1;G5=1;G9=1;G10=0
608,optimal,1011492.5199887936,248686.61939682037,762805.9005919733,6754.5684,5991.762499887271,762.8059001127292,11.293184922262823,2.7458001515250526e-08,5.803054095238996e-08,762.8059000272406,0,0,0,0,0,,,,,,G2=1;G3=1;G4=1;G5=1;G9=1;G10=1
609,optimal,1011492.5199887936,248686.61939682037,762805.9005919733,6754.5684,5991.762499887271,762.8059001127292,11.293184922262823,2.7458001515250526e-08,5.803054095238996e-08,762.8059000272406,0,0,0,0,0,,,,,,G2=1;G3=1;G4=1;G5=1;G9=1;G10=1
610,optimal,2366555.7172264894,171849.81523749855,2194705.901988991,6754.5684,4559.86249962586,2194.705900374139,32.492170785836436,9.148928909200543e-08,1.9786212143858526e-07,2194.705900084788,2,0,0,0,2,G3;G4,,,,,G2=1;G3=0;G4=0;G5=1;G9=1;G10=1
611,optimal,1011492.5199887936,248686.61939682037,762805.9005919733,6754.5684,5991.762499887271,762.8059001127292,11.293184922262823,2.7458001515250526e-08,5.803054095238996e-08,762.8059000272406,1,0,0,0,0,G8,,,,,G2=1;G3=1;G4=1;G5=1;G9=1;G10=1
612,optimal,1011492.5199887936,248686.61939682037,762805.9005919733,6754.5684,5991.762499887271,762.8059001127292,11.293184922262823,2.7458001515250526e-08,5.803054095238996e-08,762.8059000272406,0,0,0,0,0,,,,,,G2=1;G3=1;G4=1;G5=1;G9=1;G10=1
613,optimal,1011492.5199887936,248686.61939682037,762805.9005919733,6754.5684,5991.762499887271,762.8059001127292,11.293184922262823,2.7458001515250526e-08,5.803054095238996e-08,762.8059000272406,0,0,0,0,0,,,,,,G2=1;G3=1;G4=1;G5=1;G9=1;G10=1
614,optimal,1011492.5199887936,248686.61939682037,762805.9005919733,6754.5684,5991.762499887271,762.8059001127292,11.293184922262823,2.7458001515250526e-08,5.803054095238996e-08,762.8059000272406,0,0,0,0,0,,,,,,G2=1;G3=1;G4=1;G5=1;G9=1;G10=1
615,optimal,1011492.5199887936,248686.61939682037,762805.9005919733,6754.5684,5991.762499887271,762.8059001127292,11.293184922262823,2.7458001515250526e-08,5.803054095238996e-08,762.8059000272406,0,0,0,0,0,,,,,,G2=1;G3=1;G4=1;G5=1;G9=1;G10=1
616,optimal,1011492.5199887936,248686.61939682037,762805.9005919733,6754.5684,5991.762499887271,762.8059001127292,11.293184922262823,2.7458001515250526e-08,5.803054095238996e-08,762.8059000272406,0,0,0,0,0,,,,,,G2=1;G3=1;G4=1;G5=1;G9=1;G10=1
617,optimal,1011492.5199887936,248686.61939682037,762805.9005919733,6754.5684,5991.762499887271,762.8059001127292,11.293184922262823,2.7458001515250526e-08,5.803054095238996e-08,762.8059000272406,0,0,0,0,0,,,,,,G2=1;G3=1;G4=1;G5=1;G9=1;G10=1
618,optimal,1011492.5199887936,248686.61939682037,762805.9005919733,6754.5684,5991.762499887271,762.8059001127292,11.293184922262823,2.7458001515250526e-08,5.803054095238996e-08,762.8059000272406,0,0,0,0,0,,,,,,G2=1;G3=1;G4=1;G5=1;G9=1;G10=1
619,optimal,1011492.5199887936,248686.61939682037,762805.9005919733,6754.5684,5991.762499887271,762.8059001127292,11.293184922262823,2.7458001515250526e-08,5.803054095238996e-08,762.8059000272406,0,0,0,0,0,,,,,,G2=1;G3=1;G4=1;G5=1;G9=1;G10=1
620,optimal,1942005.9141787183,176450.01352167473,1765555.9006570436,6754.5684,4989.012499876619,1765.555900123381,26.138693038083392,2.9752059733918543e-08,6.64735338223288e-08,1765.5559000271553,1,0,0,0,1,G10,,,,,G2=1;G3=1;G4=1;G5=1;G9=1;G10=0
621,optimal,1011492.5199887936,248686.61939682037,762805.9005919733,6754.5684,5991.762499887271,762.8059001127292,11.293184922262823,2.7458001515250526e-08,5.803054095238996e-08,762.8059000272406,0,0,0,0,0,,,,,,G2=1;G3=1;G4=1;G5=1;G9=1;G10=1
622,optimal,1011492.520036902,248686.61939631234,762805.9006405898,6754.5684,5991.762499876461,762.8059001235385,11.293184922422853,2.9633569914828803e-08,6.258723474736006e-08,762.8059000313178,0,1,0,1,0,,L11,,,L11,G2=1;G3=1;G4=1;G5=1;G9=1;G10=1
623,optimal,1760144.3196719813,217338.41940008034,1542805.900271901,6754.5684,5211.762499954262,1542.8059000457379,22.840924966364064,1.2671097422401753e-08,2.803087046639168e-08,1542.8059000050362,1,0,0,0,1,G3,,,,,G2=1;G3=0;G4=1;G5=1;G9=1;G10=1
624,optimal,1617903.9156180217,203198.01524760606,1414705.9003704158,6754.5684,5339.862499933909,1414.7059000660913,20.944430736182806,1.7099460517201584e-08,3.7607266965054984e-08,1414.7059000113845,1,0,0,0,1,G4,,,,,G2=1;G3=1;G4=0;G5=1;G9=1;G10=1
625,optimal,2495808.3710320485,189602.47087389737,2306205.900158151,6754.5684,4448.362499974157,2306.2059000258437,34.14290541533111,7.457169206041897e-09,1.629817228183519e-08,2306.205900002088,2,0,0,0,2,G5;G9,,,,,G2=1;G3=1;G4=1;G5=0;G9=0;G10=1
626,optimal,1011492.5199887936,248686.61939682037,762805.9005919733,6754.5684,5991.762499887271,762.8059001127292,11.293184922262823,2.7458001515250526e-08,5.803054095238996e-08,762.8059000272406,0,0,0,0,0,,,,,,G2=1;G3=1;G4=1;G5=1;G9=1;G10=1
627,optimal,1011492.5199887936,248686.61939682037,762805.9005919733,6754.5684,5991.762499887271,762.8059001127292,11.293184922262823,2.7458001515250526e-08,5.803054095238996e-08,762.8059000272406,0,0,0,0,0,,,,,,G2=1;G3=1;G4=1;G5=1;G9=1;G10=1
628,optimal,1011492.5199887936,248686.61939682037,762805.9005919733,6754.5684,5991.762499887271,762.8059001127292,11.293184922262823,2.7458001515250526e-08,5.803054095238996e-08,762.8059000272406,0,0,0,0,0,,,,,,G2=1;G3=1;G4=1;G5=1;G9=1;G10=1
629,optimal,1011492.5199887936,248686.61939682037,762805.9005919733,6754.5684,5991.762499887271,762.8059001127292,11.293184922262823,2.7458001515250526e-08,5.803054095238996e-08,762.8059000272406,0,0,0,0,0,,,,,,G2=1;G3=1;G4=1;G5=1;G9=1;G10=1
630,optimal,1011492.5199887936,248686.61939682037,762805.9005919733,6754.5684,5991.762499887271,762.8059001127292,11.293184922262823,2.7458001515250526e-08,5.803054095238996e-08,762.8059000272406,0,0,0,0,0,,,,,,G2=1;G3=1;G4=1;G5=1;G9=1;G10=1
631,optimal,1011492.5199887936,248686.61939682037,762805.9005919733,6754.5684,5991.762499887271,762.8059001127292,11.293184922262823,2.7458001515250526e-08,5.803054095238996e-08,762.8059000272406,0,0,0,0,0,,,,,,G2=1;G3=1;G4=1;G5=1;G9=1;G10=1
632,optimal,1856229.9600850728,215924.06002578366,1640305.900059289,6754.5684,5114.262499990767,1640.3059000092335,24.284392471460254,2.7684489025777007e-09,6.284841043436629e-09,1640.3059000001804,1,1,0,1,1,G9,L6,,,L6,G2=1;G3=1;G4=1;G5=1;G9=0;G10=1
633,optimal,1011492.5199887936,248686.61939682037,762805.9005919733,6754.5684,5991.762499887271,762.8059001127292,11.293184922262823,2.7458001515250526e-08,5.803054095238996e-08,762.8059000272406,0,0,0,0,0,,,,,,G2=1;G3=1;G4=1;G5=1;G9=1;G10=1
634,optimal,1011492.5199887936,248686.61939682037,762805.9005919733,6754.5684,5991.762499887271,762.8059001127292,11.293184922262823,2.7458001515250526e-08,5.803054095238996e-08,762.8059000272406,0,0,0,0,0,,,,,,G2=1;G3=1;G4=1;G5=1;G9=1;G10=1
635,optimal,1011492.5199887936,248686.61939682037,762805.9005919733,6754.5684,5991.762499887271,762.8059001127292,11.293184922262823,2.7458001515250526e-08,5.803054095238996e-08,762.8059000272406,0,0,0,0,0,,,,,,G2=1;G3=1;G4=1;G5=1;G9=1;G10=1
636,optimal,1011492.5199887936,248686.61939682037,762805.9005919733,6754.5684,5991.762499887271,762.8059001127292,11.293184922262823,2.7458001515250526e-08,5.803054095238996e-08,762.8059000272406,0,0,0,0,0,,,,,,G2=1;G3=1;G4=1;G5=1;G9=1;G10=1
637,optimal,1011492.5199887936,248686.61939682037,762805.9005919733,6754.5684,5991.762499887271,762.8059001127292,11.293184922262823,2.7458001515250526e-08,5.803054095238996e-08,762.8059000272406,0,0,0,0,0,,,,,,G2=1;G3=1;G4=1;G5=1;G9=1;G10=1
638,optimal,1011492.5199887936,248686.61939682037,762805.9005919733,6754.5684,5991.762499887271,762.8059001127292,11.293184922262823,2.7458001515250526e-08,5.803054095238996e-08,762.8059000272406,0,0,0,0,0,,,,,,G2=1;G3=1;G4=1;G5=1;G9=1;G10=1
639,optimal,1011492.5195047398,248686.61940033908,762805.9001044007,6754.5684,5991.76249997844,762.8059000215601,11.293184920913083,4.523258557815731e-09,1.0532772059339278e-08,762.8059000065041,0,1,0,1,0,,L1,,,L1,G2=1;G3=1;G4=1;G5=1;G9=1;G10=1
640,optimal,1011492.5199887936,248686.61939682037,762805.9005919733,6754.5684,5991.762499887271,762.8059001127292,11.293184922262823,2.7458001515250526e-08,5.803054095238996e-08,762.8059000272406,0,0,0,0,0,,,,,,G2=1;G3=1;G4=1;G5=1;G9=1;G10=1
641,optimal,1011492.5199887936,248686.61939682037,762805.9005919733,6754.5684,5991.762499887271,762.8059001127292,11.293184922262823,2.7458001515250526e-08,5.803054095238996e-08,762.8059000272406,0,0,0,0,0,,,,,,G2=1;G3=1;G4=1;G5=1;G9=1;G10=1
642,optimal,1617903.9156180217,203198.01524760606,1414705.9003704158,6754.5684,5339.862499933909,1414.7059000660913,20.944430736182806,1.7099460517201584e-08,3.7607266965054984e-08,1414.7059000113845,1,0,0,0,1,G4,,,,,G2=1;G3=1;G4=0;G5=1;G9=1;G10=1
643,optimal,1942005.9141787183,176450.01352167473,1765555.9006570436,6754.5684,4989.012499876619,1765.555900123381,26.138693038083392,2.9752059733918543e-08,6.64735338223288e-08,1765.5559000271553,1,0,0,0,1,G10,,,,,G2=1;G3=1;G4=1;G5=1;G9=1;G10=0
644,optimal,1856229.960667825,215924.06002137897,1640305.900646446,6754.5684,5114.2624998873,1640.3059001127006,24.284392472992064,2.971388210049674e-08,6.65801420753459e-08,1640.3059000164064,1,0,0,0,1,G9,,,,,G2=1;G3=1;G4=1;G5=1;G9=0;G10=1
645,optimal,1011492.5199887936,248686.61939682037,762805.9005919733,6754.5684,5991.762499887271,762.8059001127292,11.293184922262823,2.7458001515250526e-08,5.803054095238996e-08,762.8059000272406,0,0,0,0,0,,,,,,G2=1;G3=1;G4=1;G5=1;G9=1;G10=1
646,optimal,1011492.5199887936,248686.61939682037,762805.9005919733,6754.5684,5991.762499887271,762.8059001127292,11.293184922262823,2.7458001515250526e-08,5.803054095238996e-08,762.8059000272406,0,0,0,0,0,,,,,,G2=1;G3=1;G4=1;G5=1;G9=1;G10=1
647,optimal,1809272.2388663893,238966.33814548742,1570305.9007209018,6754.5684,5184.262499876734,1570.3059001232657,23.248056828076027,3.3444520431512225e-08,7.415880959456434e-08,1570.3059000156625,0,1,0,1,0,,L5,,,L5,G2=1;G3=1;G4=1;G5=1;G9=1;G10=1
648,optimal,1011492.5199887936,248686.61939682037,762805.9005919733,6754.5684,5991.762499887271,762.8059001127292,11.293184922262823,2.7458001515250526e-08,5.803054095238996e-08,762.8059000272406,0,0,0,0,0,,,,,,G2=1;G3=1;G4=1;G5=1;G9=1;G10=1
649,optimal,1011492.5199887936,248686.61939682037,762805.9005919733,6754.5684,5991.762499887271,762.8059001127292,11.293184922262823,2.7458001515250526e-08,5.803054095238996e-08,762.8059000272406,0,0,0,0,0,,,,,,G2=1;G3=1;G4=1;G5=1;G9=1;G10=1
650,optimal,1856229.960677115,215924.0600212886,1640305.9006558263,6754.5684,5114.262499885711,1640.3059001142892,24.284392473015583,3.0134841637619665e-08,6.758088313967037e-08,1640.3059000165733,0,1,0,1,1,,L46,,,L46,G2=1;G3=1;G4=1;G5=1;G9=0;G10=1
651,optimal,1011492.5199887936,248686.61939682037,762805.9005919733,6754.5684,5991.762499887271,762.8059001127292,11.293184922262823,2.7458001515250526e-08,5.803054095238996e-08,762.8059000272406,0,0,0,0,0,,,,,,G2=1;G3=1;G4=1;G5=1;G9=1;G10=1
652,optimal,1011492.5199887936,248686.61939682037,762805.9005919733,6754.5684,5991.762499887271,762.8059001127292,11.293184922262823,2.7458001515250526e-08,5.803054095238996e-08,762.8059000272406,0,0,0,0,0,,,,,,G2=1;G3=1;G4=1;G5=1;G9=1;G10=1
653,optimal,1011492.5199887936,248686.61939682037,762805.9005919733,6754.5684,5991.762499887271,762.8059001127292,11.293184922262823,2.7458001515250526e-08,5.803054095238996e-08,762.8059000272406,0,0,0,0,0,,,,,,G2=1;G3=1;G4=1;G5=1;G9=1;G10=1
654,optimal,1421105.0200076625,248686.61939763324,1172418.4006100292,6754.5684,5582.149999912271,1172.4184000877294,17.357413984996132,2.9548047475535493e-08,6.409181553006159e-08,1172.4183999940894,1,0,0,0,0,G7,,,,,G2=1;G3=1;G4=1;G5=1;G9=1;G10=1
655,optimal,1011492.5199887936,248686.61939682037,762805.9005919733,6754.5684,5991.762499887271,762.8059001127292,11.293184922262823,2.7458001515250526e-08,5.803054095238996e-08,762.8059000272406,0,0,0,0,0,,,,,,G2=1;G3=1;G4=1;G5=1;G9=1;G10=1
656,optimal,1617903.9156180217,203198.01524760606,1414705.9003704158,6754.5684,5339.862499933909,1414.7059000660913,20.944430736182806,1.7099460517201584e-08,3.7607266965054984e-08,1414.7059000113845,1,0,0,0,1,G4,,,,,G2=1;G3=1;G4=0;G5=1;G9=1;G10=1
657,optimal,1011492.5199887936,248686.61939682037,762805.9005919733,6754.5684,5991.762499887271,762.8059001127292,11.293184922262823,2.7458001515250526e-08,5.803054095238996e-08,762.8059000272406,0,0,0,0,0,,,,,,G2=1;G3=1;G4=1;G5=1;G9=1;G10=1
658,optimal,1011492.5199887936,248686.61939682037,762805.9005919733,6754.5684,5991.762499887271,762.8059001127292,11.293184922262823,2.7458001515250526e-08,5.803054095238996e-08,762.8059000272406,0,0,0,0,0,,,,,,G2=1;G3=1;G4=1;G5=1;G9=1;G10=1
659,optimal,1421105.0200076625,248686.61939763324,1172418.4006100292,6754.5684,5582.149999912271,1172.4184000877294,17.357413984996132,2.9548047475535493e-08,6.409181553006159e-08,1172.4183999940894,1,0,0,0,0,G7,,,,,G2=1;G3=1;G4=1;G5=1;G9=1;G10=1
660,optimal,1011492.5199887936,248686.61939682037,762805.9005919733,6754.5684,5991.762499887271,762.8059001127292,11.293184922262823,2.7458001515250526e-08,5.803054095238996e-08,762.8059000272406,0,0,0,0,0,,,,,,G2=1;G3=1;G4=1;G5=1;G9=1;G10=1
661,optimal,1011492.5199887936,248686.61939682037,762805.9005919733,6754.5684,5991.762499887271,762.8059001127292,11.293184922262823,2.7458001515250526e-08,5.803054095238996e-08,762.8059000272406,0,0,0,0,0,,,,,,G2=1;G3=1;G4=1;G5=1;G9=1;G10=1
662,optimal,1760144.3196745194,217338.41940006224,1542805.9002744572,6754.5684,5211.762499953639,1542.8059000463609,22.840924966373287,1.2779276903178535e-08,2.827068163579692e-08,1542.8059000053108,0,1,0,1,1,,L23,,,L23,G2=1;G3=0;G4=1;G5=1;G9=1;G10=1
663,optimal,1011492.5199887936,248686.61939682037,762805.9005919733,6754.5684,5991.762499887271,762.8059001127292,11.293184922262823,2.7458001515250526e-08,5.803054095238996e-08,762.8059000272406,0,0,0,0,0,,,,,,G2=1;G3=1;G4=1;G5=1;G9=1;G10=1
664,optimal,1760144.3196719813,217338.41940008034,1542805.900271901,6754.5684,5211.762499954262,1542.8059000457379,22.840924966364064,1.2671097422401753e-08,2.803087046639168e-08,1542.8059000050362,1,0,0,0,1,G3,,,,,G2=1;G3=0;G4=1;G5=1;G9=1;G10=1
665,optimal,1011492.5199887936,248686.61939682037,762805.9005919733,6754.5684,5991.762499887271,762.8059001127292,11.293184922262823,2.7458001515250526e-08,5.803054095238996e-08,762.8059000272406,0,0,0,0,0,,,,,,G2=1;G3=1;G4=1;G5=1;G9=1;G10=1
666,optimal,1011492.5199887936,248686.61939682037,762805.9005919733,6754.5684,5991.762499887271,762.8059001127292,11.293184922262823,2.7458001515250526e-08,5.803054095238996e-08,762.8059000272406,0,0,0,0,0,,,,,,G2=1;G3=1;G4=1;G5=1;G9=1;G10=1
667,optimal,1011492.5199887936,248686.61939682037,762805.9005919733,6754.5684,5991.762499887271,762.8059001127292,11.293184922262823,2.7458001515250526e-08,5.803054095238996e-08,762.8059000272406,0,0,0,0,0,,,,,,G2=1;G3=1;G4=1;G5=1;G9=1;G10=1
668,optimal,1760144.3196719813,217338.41940008034,1542805.900271901,6754.5684,5211.762499954262,1542.8059000457379,22.840924966364064,1.2671097422401753e-08,2.803087046639168e-08,1542.8059000050362,1,0,0,0,1,G3,,,,,G2=1;G3=0;G4=1;G5=1;G9=1;G10=1
669,optimal,1760144.3196719813,217338.41940008034,1542805.900271901,6754.5684,5211.762499954262,1542.8059000457379,22.840924966364064,1.2671097422401753e-08,2.803087046639168e-08,1542.8059000050362,1,0,0,0,1,G3,,,,,G2=1;G3=0;G4=1;G5=1;G9=1;G10=1
670,optimal,1421105.0200076625,248686.61939763324,1172418.4006100292,6754.5684,5582.149999912271,1172.4184000877294,17.357413984996132,2.9548047475535493e-08,6.409181553006159e-08,1172.4183999940894,1,0,0,0,0,G7,,,,,G2=1;G3=1;G4=1;G5=1;G9=1;G10=1
671,optimal,1011492.5201162217,248686.61939562004,762805.9007206017,6754.5684,5991.762499859609,762.8059001403907,11.293184922672346,3.3261229135326456e-08,7.021494363101387e-08,762.8059000369145,0,1,0,1,0,,L26,,,L26,G2=1;G3=1;G4=1;G5=1;G9=1;G10=1
672,optimal,1421105.0200076625,248686.61939763324,1172418.4006100292,6754.5684,5582.149999912271,1172.4184000877294,17.357413984996132,2.9548047475535493e-08,6.409181553006159e-08,1172.4183999940894,1,0,0,0,0,G7,,,,,G2=1;G3=1;G4=1;G5=1;G9=1;G10=1
673,optimal,1856229.960667825,215924.06002137897,1640305.900646446,6754.5684,5114.2624998873,1640.3059001127006,24.284392472992064,2.971388210049674e-08,6.65801420753459e-08,1640.3059000164064,1,0,0,0,1,G9,,,,,G2=1;G3=1;G4=1;G5=1;G9=0;G10=1
674,optimal,1617903.9156180217,203198.01524760606,1414705.9003704158,6754.5684,5339.862499933909,1414.7059000660913,20.944430736182806,1.7099460517201584e-08,3.7607266965054984e-08,1414.7059000113845,1,0,0,0,1,G4,,,,,G2=1;G3=1;G4=0;G5=1;G9=1;G10=1
675,optimal,1011492.5199560132,248686.6193971213,762805.9005588919,6754.5684,5991.7624998938645,762.8059001061357,11.293184922165207,2.592100411685079e-08,5.486681039887349e-08,762.805900025348,0,1,0,1,0,,L36,,,L36,G2=1;G3=1;G4=1;G5=1;G9=1;G10=1
676,optimal,1011492.5199887936,248686.61939682037,762805.9005919733,6754.5684,5991.762499887271,762.8059001127292,11.293184922262823,2.7458001515250526e-08,5.803054095238996e-08,762.8059000272406,0,0,0,0,0,,,,,,G2=1;G3=1;G4=1;G5=1;G9=1;G10=1
677,optimal,1011492.5199887936,248686.61939682037,762805.9005919733,6754.5684,5991.762499887271,762.8059001127292,11.293184922262823,2.7458001515250526e-08,5.803054095238996e-08,762.8059000272406,0,0,0,0,0,,,,,,G2=1;G3=1;G4=1;G5=1;G9=1;G10=1
678,optimal,1942005.9141787183,176450.01352167473,1765555.9006570436,6754.5684,4989.012499876619,1765.555900123381,26.138693038083392,2.9752059733918543e-08,6.64735338223288e-08,1765.5559000271553,1,0,0,0,1,G10,,,,,G2=1;G3=1;G4=1;G5=1;G9=1;G10=0
679,optimal,1011492.5199887936,248686.61939682037,762805.9005919733,6754.5684,5991.762499887271,762.8059001127292,11.293184922262823,2.7458001515250526e-08,5.803054095238996e-08,762.8059000272406,0,0,0,0,0,,,,,,G2=1;G3=1;G4=1;G5=1;G9=1;G10=1
680,optimal,1011492.5199887936,248686.61939682037,762805.9005919733,6754.5684,5991.762499887271,762.8059001127292,11.293184922262823,2.7458001515250526e-08,5.803054095238996e-08,762.8059000272406,0,0,0,0,0,,,,,,G2=1;G3=1;G4=1;G5=1;G9=1;G10=1
681,optimal,1011492.5199887936,248686.61939682037,762805.9005919733,6754.5684,5991.762499887271,762.8059001127292,11.293184922262823,2.7458001515250526e-08,5.803054095238996e-08,762.8059000272406,0,0,0,0,0,,,,,,G2=1;G3=1;G4=1;G5=1;G9=1;G10=1
682,optimal,1651070.9307407914,222365.03024648648,1428705.900494305,6754.5684,5325.862499914307,1428.7059000856932,21.151697865487503,2.332364073304232e-08,4.9674639480525127e-08,1428.705900012695,0,1,0,1,1,,L27,,,L27,G2=1;G3=1;G4=1;G5=0;G9=1;G10=1
683,optimal,1011492.5199887936,248686.61939682037,762805.9005919733,6754.5684,5991.762499887271,762.8059001127292,11.293184922262823,2.7458001515250526e-08,5.803054095238996e-08,762.8059000272406,0,0,0,0,0,,,,,,G2=1;G3=1;G4=1;G5=1;G9=1;G10=1
684,optimal,1011492.5199887936,248686.61939682037,762805.9005919733,6754.5684,5991.762499887271,762.8059001127292,11.293184922262823,2.7458001515250526e-08,5.803054095238996e-08,762.8059000272406,0,0,0,0,0,,,,,,G2=1;G3=1;G4=1;G5=1;G9=1;G10=1
685,optimal,1011492.5199887936,248686.61939682037,762805.9005919733,6754.5684,5991.762499887271,762.8059001127292,11.293184922262823,2.7458001515250526e-08,5.803054095238996e-08,762.8059000272406,0,0,0,0,0,,,,,,G2=1;G3=1;G4=1;G5=1;G9=1;G10=1
686,optimal,1011492.5199887936,248686.61939682037,762805.9005919733,6754.5684,5991.762499887271,762.8059001127292,11.293184922262823,2.7458001515250526e-08,5.803054095238996e-08,762.8059000272406,0,0,0,0,0,,,,,,G2=1;G3=1;G4=1;G5=1;G9=1;G10=1
687,optimal,1011492.5199887936,248686.61939682037,762805.9005919733,6754.5684,5991.762499887271,762.8059001127292,11.293184922262823,2.7458001515250526e-08,5.803054095238996e-08,762.8059000272406,0,0,0,0,0,,,,,,G2=1;G3=1;G4=1;G5=1;G9=1;G10=1
688,optimal,1011492.5199887936,248686.61939682037,762805.9005919733,6754.5684,5991.762499887271,762.8059001127292,11.293184922262823,2.7458001515250526e-08,5.803054095238996e-08,762.8059000272406,0,0,0,0,0,,,,,,G2=1;G3=1;G4=1;G5=1;G9=1;G10=1
689,optimal,1011492.5199887936,248686.61939682037,762805.9005919733,6754.5684,5991.762499887271,762.8059001127292,11.293184922262823,2.7458001515250526e-08,5.803054095238996e-08,762.8059000272406,0,0,0,0,0,,,,,,G2=1;G3=1;G4=1;G5=1;G9=1;G10=1
690,optimal,1933019.4025866746,248157.36329971053,1684862.039286964,6754.5684,5980.146361877523,774.4220381224767,11.46515946337114,60.69600006643268,91.04400014164828,622.6820379143957,0,0,1,2,0,,,T27,27,L31;L42,G2=1;G3=1;G4=1;G5=1;G9=1;G10=1
691,optimal,1011492.5199887936,248686.61939682037,762805.9005919733,6754.5684,5991.762499887271,762.8059001127292,11.293184922262823,2.7458001515250526e-08,5.803054095238996e-08,762.8059000272406,0,0,0,0,0,,,,,,G2=1;G3=1;G4=1;G5=1;G9=1;G10=1
692,optimal,1011492.520036902,248686.61939631234,762805.9006405898,6754.5684,5991.762499876461,762.8059001235385,11.293184922422853,2.9633569914828803e-08,6.258723474736006e-08,762.8059000313178,0,1,0,1,0,,L11,,,L11,G2=1;G3=1;G4=1;G5=1;G9=1;G10=1
693,optimal,1942005.9141787183,176450.01352167473,1765555.9006570436,6754.5684,4989.012499876619,1765.555900123381,26.138693038083392,2.9752059733918543e-08,6.64735338223288e-08,1765.5559000271553,1,0,0,0,1,G10,,,,,G2=1;G3=1;G4=1;G5=1;G9=1;G10=0
694,optimal,1011492.5194634877,248686.61940026708,762805.9000632206,6754.5684,5991.762499984212,762.8059000157884,11.293184920827635,2.65941088452405e-09,5.874355536586306e-09,762.8059000072546,0,1,0,1,0,,L8,,,L8,G2=1;G3=1;G4=1;G5=1;G9=1;G10=1
695,optimal,1183124.3194760673,240318.41940060625,942805.900075461,6754.5684,5811.762499986177,942.805900013823,13.9580480081277,3.3780650802142544e-09,7.808887296790137e-09,942.805900002636,0,1,0,1,0,,L18,,,L18,G2=1;G3=1;G4=1;G5=1;G9=1;G10=1
696,optimal,1760144.3196754141,217338.41940005758,1542805.9002753566,6754.5684,5211.762499953485,1542.8059000465157,22.84092496637558,1.2821973339903723e-08,2.8360773263756076e-08,1542.8059000053331,0,2,0,2,1,,L22;L23,,,L22;L23,G2=1;G3=0;G4=1;G5=1;G9=1;G10=1
697,optimal,1011492.5199887936,248686.61939682037,762805.9005919733,6754.5684,5991.762499887271,762.8059001127292,11.293184922262823,2.7458001515250526e-08,5.803054095238996e-08,762.8059000272406,0,0,0,0,0,,,,,,G2=1;G3=1;G4=1;G5=1;G9=1;G10=1
698,optimal,1011492.5199887936,248686.61939682037,762805.9005919733,6754.5684,5991.762499887271,762.8059001127292,11.293184922262823,2.7458001515250526e-08,5.803054095238996e-08,762.8059000272406,0,0,0,0,0,,,,,,G2=1;G3=1;G4=1;G5=1;G9=1;G10=1
699,optimal,1011492.5199887936,248686.61939682037,762805.9005919733,6754.5684,5991.762499887271,762.8059001127292,11.293184922262823,2.7458001515250526e-08,5.803054095238996e-08,762.8059000272406,0,0,0,0,0,,,,,,G2=1;G3=1;G4=1;G5=1;G9=1;G10=1
700,optimal,1011492.5200712052,248686.61939613664,762805.9006750686,6754.5684,5991.762499871232,762.8059001287681,11.293184922500275,3.14046425564355e-08,6.591466976111172e-08,762.8059000314487,0,1,0,1,0,,L37,,,L37,G2=1;G3=1;G4=1;G5=1;G9=1;G10=1
701,optimal,1011492.5199887936,248686.61939682037,762805.9005919733,6754.5684,5991.762499887271,762.8059001127292,11.293184922262823,2.7458001515250526e-08,5.803054095238996e-08,762.8059000272406,0,0,0,0,0,,,,,,G2=1;G3=1;G4=1;G5=1;G9=1;G10=1
702,optimal,1011492.5199887936,248686.61939682037,762805.9005919733,6754.5684,5991.762499887271,762.8059001127292,11.293184922262823,2.7458001515250526e-08,5.803054095238996e-08,762.8059000272406,0,0,0,0,0,,,,,,G2=1;G3=1;G4=1;G5=1;G9=1;G10=1
703,optimal,1011492.5199887936,248686.61939682037,762805.9005919733,6754.5684,5991.762499887271,762.8059001127292,11.293184922262823,2.7458001515250526e-08,5.803054095238996e-08,762.8059000272406,0,0,0,0,0,,,,,,G2=1;G3=1;G4=1;G5=1;G9=1;G10=1
704,optimal,1011492.5199887936,248686.61939682037,762805.9005919733,6754.5684,5991.762499887271,762.8059001127292,11.293184922262823,2.7458001515250526e-08,5.803054095238996e-08,762.8059000272406,0,0,0,0,0,,,,,,G2=1;G3=1;G4=1;G5=1;G9=1;G10=1
705,optimal,1011492.5199887936,248686.61939682037,762805.9005919733,6754.5684,5991.762499887271,762.8059001127292,11.293184922262823,2.7458001515250526e-08,5.803054095238996e-08,762.8059000272406,0,0,0,0,0,,,,,,G2=1;G3=1;G4=1;G5=1;G9=1;G10=1
706,optimal,1011492.5200261334,248686.61939652177,762805.9006296117,6754.5684,5991.76249988022,762.8059001197803,11.293184922367212,2.9275142634603918e-08,6.158872775840025e-08,762.8059000289165,0,1,0,1,0,,L43,,,L43,G2=1;G3=1;G4=1;G5=1;G9=1;G10=1
707,optimal,1011492.5199887936,248686.61939682037,762805.9005919733,6754.5684,5991.762499887271,762.8059001127292,11.293184922262823,2.7458001515250526e-08,5.803054095238996e-08,762.8059000272406,0,0,0,0,0,,,,,,G2=1;G3=1;G4=1;G5=1;G9=1;G10=1
708,optimal,1011492.5199772536,248686.61939679703,762805.9005804566,6754.5684,5991.7624998878755,762.8059001121248,11.293184922253875,2.6780497300613745e-08,5.682676280058436e-08,762.8059000285176,0,1,0,1,0,,L15,,,L15,G2=1;G3=1;G4=1;G5=1;G9=1;G10=1
709,optimal,1011492.5199887936,248686.61939682037,762805.9005919733,6754.5684,5991.762499887271,762.8059001127292,11.293184922262823,2.7458001515250526e-08,5.803054095238996e-08,762.8059000272406,0,0,0,0,0,,,,,,G2=1;G3=1;G4=1;G5=1;G9=1;G10=1
710,optimal,1617903.915572374,203198.01524739497,1414705.9003249789,6754.5684,5339.862499936176,1414.7059000638235,20.944430736149233,1.4554845127531814e-08,3.2540494375019024e-08,1414.705900016728,1,1,0,1,1,G4,L7,,,L7,G2=1;G3=1;G4=0;G5=1;G9=1;G10=1
711,optimal,1760144.3196719813,217338.41940008034,1542805.900271901,6754.5684,5211.762499954262,1542.8059000457379,22.840924966364064,1.2671097422401753e-08,2.803087046639168e-08,1542.8059000050362,1,0,0,0,1,G3,,,,,G2=1;G3=0;G4=1;G5=1;G9=1;G10=1
712,optimal,1011492.5199887936,248686.61939682037,762805.9005919733,6754.5684,5991.762499887271,762.8059001127292,11.293184922262823,2.7458001515250526e-08,5.803054095238996e-08,762.8059000272406,0,0,0,0,0,,,,,,G2=1;G3=1;G4=1;G5=1;G9=1;G10=1
713,optimal,1011492.5199887936,248686.61939682037,762805.9005919733,6754.5684,5991.762499887271,762.8059001127292,11.293184922262823,2.7458001515250526e-08,5.803054095238996e-08,762.8059000272406,0,0,0,0,0,,,,,,G2=1;G3=1;G4=1;G5=1;G9=1;G10=1
714,optimal,1617903.9156180217,203198.01524760606,1414705.9003704158,6754.5684,5339.862499933909,1414.7059000660913,20.944430736182806,1.7099460517201584e-08,3.7607266965054984e-08,1414.7059000113845,1,0,0,0,1,G4,,,,,G2=1;G3=1;G4=0;G5=1;G9=1;G10=1
715,optimal,1011492.5199887936,248686.61939682037,762805.9005919733,6754.5684,5991.762499887271,762.8059001127292,11.293184922262823,2.7458001515250526e-08,5.803054095238996e-08,762.8059000272406,0,0,0,0,0,,,,,,G2=1;G3=1;G4=1;G5=1;G9=1;G10=1
716,optimal,1011492.5198578504,248686.61939773144,762805.900460119,6754.5684,5991.762499908011,762.8059000919891,11.293184921955769,2.0762048508068897e-08,4.531783302383731e-08,762.8059000259093,0,1,0,1,0,,L12,,,L12,G2=1;G3=1;G4=1;G5=1;G9=1;G10=1
717,optimal,1011492.5199887936,248686.61939682037,762805.9005919733,6754.5684,5991.762499887271,762.8059001127292,11.293184922262823,2.7458001515250526e-08,5.803054095238996e-08,762.8059000272406,0,0,0,0,0,,,,,,G2=1;G3=1;G4=1;G5=1;G9=1;G10=1
718,optimal,1421105.0199525116,248686.61939802274,1172418.4005544889,6754.5684,5582.149999920852,1172.4184000791483,17.35741398486909,2.6825432631213157e-08,5.847792762293429e-08,1172.4183999938448,0,1,0,1,0,,L39,,,L39,G2=1;G3=1;G4=1;G5=1;G9=1;G10=1
719,optimal,1011492.5199887936,248686.61939682037,762805.9005919733,6754.5684,5991.762499887271,762.8059001127292,11.293184922262823,2.7458001515250526e-08,5.803054095238996e-08,762.8059000272406,0,0,0,0,0,,,,,,G2=1;G3=1;G4=1;G5=1;G9=1;G10=1
720,optimal,1011492.5199887936,248686.61939682037,762805.9005919733,6754.5684,5991.762499887271,762.8059001127292,11.293184922262823,2.7458001515250526e-08,5.803054095238996e-08,762.8059000272406,0,0,0,0,0,,,,,,G2=1;G3=1;G4=1;G5=1;G9=1;G10=1
721,optimal,1011492.5199887936,248686.61939682037,762805.9005919733,6754.5684,5991.762499887271,762.8059001127292,11.293184922262823,2.7458001515250526e-08,5.803054095238996e-08,762.8059000272406,0,0,0,0,0,,,,,,G2=1;G3=1;G4=1;G5=1;G9=1;G10=1
722,optimal,1011492.5199887936,248686.61939682037,762805.9005919733,6754.5684,5991.762499887271,762.8059001127292,11.293184922262823,2.7458001515250526e-08,5.803054095238996e-08,762.8059000272406,0,0,0,0,0,,,,,,G2=1;G3=1;G4=1;G5=1;G9=1;G10=1
723,optimal,1617903.9156180217,203198.01524760606,1414705.9003704158,6754.5684,5339.862499933909,1414.7059000660913,20.944430736182806,1.7099460517201584e-08,3.7607266965054984e-08,1414.7059000113845,1,0,0,0,1,G4,,,,,G2=1;G3=1;G4=0;G5=1;G9=1;G10=1
724,optimal,1011492.5199887936,248686.61939682037,762805.9005919733,6754.5684,5991.762499887271,762.8059001127292,11.293184922262823,2.7458001515250526e-08,5.803054095238996e-08,762.8059000272406,0,0,0,0,0,,,,,,G2=1;G3=1;G4=1;G5=1;G9=1;G10=1
725,optimal,1856229.9606717913,215924.06002134073,1640305.9006504505,6754.5684,5114.262499886684,1640.305900113316,24.284392473001176,2.9895945869515065e-08,6.701775238009547e-08,1640.3059000164026,1,1,0,1,1,G9,L36,,,L36,G2=1;G3=1;G4=1;G5=1;G9=0;G10=1
726,optimal,1809272.2391916974,238966.3381437976,1570305.9010478999,6754.5684,5184.262499824219,1570.305900175781,23.248056828853507,4.9110711579409294e-08,1.0753070150606588e-07,1570.3059000191392,1,1,0,1,0,G1,L5,,,L5,G2=1;G3=1;G4=1;G5=1;G9=1;G10=1
727,optimal,1011492.5199887936,248686.61939682037,762805.9005919733,6754.5684,5991.762499887271,762.8059001127292,11.293184922262823,2.7458001515250526e-08,5.803054095238996e-08,762.8059000272406,0,0,0,0,0,,,,,,G2=1;G3=1;G4=1;G5=1;G9=1;G10=1
728,optimal,1011492.5199887936,248686.61939682037,762805.9005919733,6754.5684,5991.762499887271,762.8059001127292,11.293184922262823,2.7458001515250526e-08,5.803054095238996e-08,762.8059000272406,0,0,0,0,0,,,,,,G2=1;G3=1;G4=1;G5=1;G9=1;G10=1
729,optimal,1011492.5199887936,248686.61939682037,762805.9005919733,6754.5684,5991.762499887271,762.8059001127292,11.293184922262823,2.7458001515250526e-08,5.803054095238996e-08,762.8059000272406,0,0,0,0,0,,,,,,G2=1;G3=1;G4=1;G5=1;G9=1;G10=1
730,optimal,1011492.5199887936,248686.61939682037,762805.9005919733,6754.5684,5991.762499887271,762.8059001127292,11.293184922262823,2.7458001515250526e-08,5.803054095238996e-08,762.8059000272406,0,0,0,0,0,,,,,,G2=1;G3=1;G4=1;G5=1;G9=1;G10=1
731,optimal,1011492.5199887936,248686.61939682037,762805.9005919733,6754.5684,5991.762499887271,762.8059001127292,11.293184922262823,2.7458001515250526e-08,5.803054095238996e-08,762.8059000272406,0,0,0,0,0,,,,,,G2=1;G3=1;G4=1;G5=1;G9=1;G10=1
732,optimal,1011492.5199887936,248686.61939682037,762805.9005919733,6754.5684,5991.762499887271,762.8059001127292,11.293184922262823,2.7458001515250526e-08,5.803054095238996e-08,762.8059000272406,0,0,0,0,0,,,,,,G2=1;G3=1;G4=1;G5=1;G9=1;G10=1
733,optimal,1011492.5199887936,248686.61939682037,762805.9005919733,6754.5684,5991.762499887271,762.8059001127292,11.293184922262823,2.7458001515250526e-08,5.803054095238996e-08,762.8059000272406,0,0,0,0,0,,,,,,G2=1;G3=1;G4=1;G5=1;G9=1;G10=1
734,optimal,1011492.5199887936,248686.61939682037,762805.9005919733,6754.5684,5991.762499887271,762.8059001127292,11.293184922262823,2.7458001515250526e-08,5.803054095238996e-08,762.8059000272406,0,0,0,0,0,,,,,,G2=1;G3=1;G4=1;G5=1;G9=1;G10=1
735,optimal,1011492.5199887936,248686.61939682037,762805.9005919733,6754.5684,5991.762499887271,762.8059001127292,11.293184922262823,2.7458001515250526e-08,5.803054095238996e-08,762.8059000272406,0,0,0,0,0,,,,,,G2=1;G3=1;G4=1;G5=1;G9=1;G10=1
736,optimal,1011492.5199887936,248686.61939682037,762805.9005919733,6754.5684,5991.762499887271,762.8059001127292,11.293184922262823,2.7458001515250526e-08,5.803054095238996e-08,762.8059000272406,0,0,0,0,0,,,,,,G2=1;G3=1;G4=1;G5=1;G9=1;G10=1
737,optimal,1011492.5199887936,248686.61939682037,762805.9005919733,6754.5684,5991.762499887271,762.8059001127292,11.293184922262823,2.7458001515250526e-08,5.803054095238996e-08,762.8059000272406,0,0,0,0,0,,,,,,G2=1;G3=1;G4=1;G5=1;G9=1;G10=1
738,optimal,2462641.355995298,170435.45587429812,2292205.9001209997,6754.5684,4462.362499980316,2292.2059000196846,33.93563828622543,5.720409060722642e-09,1.2457912972907094e-08,2292.2059000015065,2,0,0,0,2,G4;G9,,,,,G2=1;G3=1;G4=0;G5=1;G9=0;G10=1
739,optimal,1011492.5199887936,248686.61939682037,762805.9005919733,6754.5684,5991.762499887271,762.8059001127292,11.293184922262823,2.7458001515250526e-08,5.803054095238996e-08,762.8059000272406,0,0,0,0,0,,,,,,G2=1;G3=1;G4=1;G5=1;G9=1;G10=1
740,optimal,1011492.5199887936,248686.61939682037,762805.9005919733,6754.5684,5991.762499887271,762.8059001127292,11.293184922262823,2.7458001515250526e-08,5.803054095238996e-08,762.8059000272406,0,0,0,0,0,,,,,,G2=1;G3=1;G4=1;G5=1;G9=1;G10=1
741,optimal,1760144.3196999775,217338.41939972417,1542805.9003002534,6754.5684,5211.762499948611,1542.8059000513897,22.84092496644774,1.3894536422578322e-08,3.09532534144177e-08,1542.805900006542,1,1,0,1,1,G3,L45,,,L45,G2=1;G3=0;G4=1;G5=1;G9=1;G10=1
742,optimal,1011492.5199887936,248686.61939682037,762805.9005919733,6754.5684,5991.762499887271,762.8059001127292,11.293184922262823,2.7458001515250526e-08,5.803054095238996e-08,762.8059000272406,0,0,0,0,0,,,,,,G2=1;G3=1;G4=1;G5=1;G9=1;G10=1
743,optimal,1011492.5199887936,248686.61939682037,762805.9005919733,6754.5684,5991.762499887271,762.8059001127292,11.293184922262823,2.7458001515250526e-08,5.803054095238996e-08,762.8059000272406,0,0,0,0,0,,,,,,G2=1;G3=1;G4=1;G5=1;G9=1;G10=1
744,optimal,1011492.5199887936,248686.61939682037,762805.9005919733,6754.5684,5991.762499887271,762.8059001127292,11.293184922262823,2.7458001515250526e-08,5.803054095238996e-08,762.8059000272406,0,0,0,0,0,,,,,,G2=1;G3=1;G4=1;G5=1;G9=1;G10=1
745,optimal,1011492.5199887936,248686.61939682037,762805.9005919733,6754.5684,5991.762499887271,762.8059001127292,11.293184922262823,2.7458001515250526e-08,5.803054095238996e-08,762.8059000272406,0,0,0,0,0,,,,,,G2=1;G3=1;G4=1;G5=1;G9=1;G10=1
746,optimal,1011492.5199887936,248686.61939682037,762805.9005919733,6754.5684,5991.762499887271,762.8059001127292,11.293184922262823,2.7458001515250526e-08,5.803054095238996e-08,762.8059000272406,0,0,0,0,0,,,,,,G2=1;G3=1;G4=1;G5=1;G9=1;G10=1
747,optimal,1011492.5199887936,248686.61939682037,762805.9005919733,6754.5684,5991.762499887271,762.8059001127292,11.293184922262823,2.7458001515250526e-08,5.803054095238996e-08,762.8059000272406,0,0,0,0,0,,,,,,G2=1;G3=1;G4=1;G5=1;G9=1;G10=1
748,optimal,1760144.3196719813,217338.41940008034,1542805.900271901,6754.5684,5211.762499954262,1542.8059000457379,22.840924966364064,1.2671097422401753e-08,2.803087046639168e-08,1542.8059000050362,1,0,0,0,1,G3,,,,,G2=1;G3=0;G4=1;G5=1;G9=1;G10=1
749,optimal,2366555.7172264894,171849.81523749855,2194705.901988991,6754.5684,4559.86249962586,2194.705900374139,32.492170785836436,9.148928909200543e-08,1.9786212143858526e-07,2194.705900084788,2,0,0,0,2,G3;G4,,,,,G2=1;G3=0;G4=0;G5=1;G9=1;G10=1
750,optimal,1011492.5199887936,248686.61939682037,762805.9005919733,6754.5684,5991.762499887271,762.8059001127292,11.293184922262823,2.7458001515250526e-08,5.803054095238996e-08,762.8059000272406,0,0,0,0,0,,,,,,G2=1;G3=1;G4=1;G5=1;G9=1;G10=1
751,optimal,1011492.5199887936,248686.61939682037,762805.9005919733,6754.5684,5991.762499887271,762.8059001127292,11.293184922262823,2.7458001515250526e-08,5.803054095238996e-08,762.8059000272406,0,0,0,0,0,,,,,,G2=1;G3=1;G4=1;G5=1;G9=1;G10=1
752,optimal,1011492.5199887936,248686.61939682037,762805.9005919733,6754.5684,5991.762499887271,762.8059001127292,11.293184922262823,2.7458001515250526e-08,5.803054095238996e-08,762.8059000272406,0,0,0,0,0,,,,,,G2=1;G3=1;G4=1;G5=1;G9=1;G10=1
753,optimal,1651070.9307283643,222365.0302465437,1428705.9004818206,6754.5684,5325.86249991412,1428.7059000858799,21.151697865490263,2.2486909590367626e-08,4.8389697300570394e-08,1428.7059000150032,0,1,0,1,1,,L34,,,L34,G2=1;G3=1;G4=1;G5=0;G9=1;G10=1
754,optimal,1011492.5194634877,248686.61940026708,762805.9000632206,6754.5684,5991.762499984212,762.8059000157884,11.293184920827635,2.65941088452405e-09,5.874355536586306e-09,762.8059000072546,1,1,0,1,0,G6,L8,,,L8,G2=1;G3=1;G4=1;G5=1;G9=1;G10=1
755,optimal,1011492.5199887936,248686.61939682037,762805.9005919733,6754.5684,5991.762499887271,762.8059001127292,11.293184922262823,2.7458001515250526e-08,5.803054095238996e-08,762.8059000272406,0,0,0,0,0,,,,,,G2=1;G3=1;G4=1;G5=1;G9=1;G10=1
756,optimal,1011492.5199887936,248686.61939682037,762805.9005919733,6754.5684,5991.762499887271,762.8059001127292,11.293184922262823,2.7458001515250526e-08,5.803054095238996e-08,762.8059000272406,0,0,0,0,0,,,,,,G2=1;G3=1;G4=1;G5=1;G9=1;G10=1
757,optimal,1617903.9156180217,203198.01524760606,1414705.9003704158,6754.5684,5339.862499933909,1414.7059000660913,20.944430736182806,1.7099460517201584e-08,3.7607266965054984e-08,1414.7059000113845,1,0,0,0,1,G4,,,,,G2=1;G3=1;G4=0;G5=1;G9=1;G10=1
758,optimal,2462641.355995298,170435.45587429812,2292205.9001209997,6754.5684,4462.362499980316,2292.2059000196846,33.93563828622543,5.720409060722642e-09,1.2457912972907094e-08,2292.2059000015065,2,0,0,0,2,G4;G9,,,,,G2=1;G3=1;G4=0;G5=1;G9=0;G10=1
759,optimal,1050385.2421281475,246727.7419585112,803657.5001696362,6754.5684,5950.910899950781,803.6575000492193,11.897984481868882,6.819111613143224e-09,1.4761330403713158e-08,803.6575000276387,0,1,0,1,0,,L10,,,L10,G2=1;G3=1;G4=1;G5=1;G9=1;G10=1
760,optimal,1011492.5199887936,248686.61939682037,762805.9005919733,6754.5684,5991.762499887271,762.8059001127292,11.293184922262823,2.7458001515250526e-08,5.803054095238996e-08,762.8059000272406,0,0,0,0,0,,,,,,G2=1;G3=1;G4=1;G5=1;G9=1;G10=1
761,optimal,1856229.960667825,215924.06002137897,1640305.900646446,6754.5684,5114.2624998873,1640.3059001127006,24.284392472992064,2.971388210049674e-08,6.65801420753459e-08,1640.3059000164064,1,0,0,0,1,G9,,,,,G2=1;G3=1;G4=1;G5=1;G9=0;G10=1
762,optimal,1011492.5199887936,248686.61939682037,762805.9005919733,6754.5684,5991.762499887271,762.8059001127292,11.293184922262823,2.7458001515250526e-08,5.803054095238996e-08,762.8059000272406,0,0,0,0,0,,,,,,G2=1;G3=1;G4=1;G5=1;G9=1;G10=1
763,optimal,1011492.5199887936,248686.61939682037,762805.9005919733,6754.5684,5991.762499887271,762.8059001127292,11.293184922262823,2.7458001515250526e-08,5.803054095238996e-08,762.8059000272406,0,0,0,0,0,,,,,,G2=1;G3=1;G4=1;G5=1;G9=1;G10=1
764,optimal,1011492.5199887936,248686.61939682037,762805.9005919733,6754.5684,5991.762499887271,762.8059001127292,11.293184922262823,2.7458001515250526e-08,5.803054095238996e-08,762.8059000272406,0,0,0,0,0,,,,,,G2=1;G3=1;G4=1;G5=1;G9=1;G10=1
765,optimal,1011492.5199887936,248686.61939682037,762805.9005919733,6754.5684,5991.762499887271,762.8059001127292,11.293184922262823,2.7458001515250526e-08,5.803054095238996e-08,762.8059000272406,0,0,0,0,0,,,,,,G2=1;G3=1;G4=1;G5=1;G9=1;G10=1
766,optimal,1011492.5199887936,248686.61939682037,762805.9005919733,6754.5684,5991.762499887271,762.8059001127292,11.293184922262823,2.7458001515250526e-08,5.803054095238996e-08,762.8059000272406,0,0,0,0,0,,,,,,G2=1;G3=1;G4=1;G5=1;G9=1;G10=1
767,optimal,1651070.9307264644,222365.03024655534,1428705.900479909,6754.5684,5325.86249991447,1428.7059000855293,21.151697865485072,2.2397464574565604e-08,4.820062919553181e-08,1428.705900014931,1,0,0,0,1,G5,,,,,G2=1;G3=1;G4=1;G5=0;G9=1;G10=1
768,optimal,1011492.5202408661,248686.6194325539,762805.9008083122,6754.5684,5991.762499851767,762.8059001482333,11.293184922788454,3.6184019919627077e-08,8.360569066035258e-08,762.8059000284436,0,1,0,1,0,,L45,,,L45,G2=1;G3=1;G4=1;G5=1;G9=1;G10=1
769,optimal,1011492.5199887936,248686.61939682037,762805.9005919733,6754.5684,5991.762499887271,762.8059001127292,11.293184922262823,2.7458001515250526e-08,5.803054095238996e-08,762.8059000272406,0,0,0,0,0,,,,,,G2=1;G3=1;G4=1;G5=1;G9=1;G10=1
770,optimal,1011492.5199887936,248686.61939682037,762805.9005919733,6754.5684,5991.762499887271,762.8059001127292,11.293184922262823,2.7458001515250526e-08,5.803054095238996e-08,762.8059000272406,0,0,0,0,0,,,,,,G2=1;G3=1;G4=1;G5=1;G9=1;G10=1
771,optimal,1011492.5199887936,248686.61939682037,762805.9005919733,6754.5684,5991.762499887271,762.8059001127292,11.293184922262823,2.7458001515250526e-08,5.803054095238996e-08,762.8059000272406,0,0,0,0,0,,,,,,G2=1;G3=1;G4=1;G5=1;G9=1;G10=1
772,optimal,1011492.5209876149,248686.61944655876,762805.9015410561,6754.5684,5991.762499684988,762.8059003150123,11.293184925257583,6.601450353036058e-08,1.5797829240346375e-07,762.8059000910197,0,1,0,1,0,,L24,,,L24,G2=1;G3=1;G4=1;G5=1;G9=1;G10=1
773,optimal,1011492.5200839887,248686.61939603742,762805.9006879512,6754.5684,5991.7624998688525,762.8059001311476,11.293184922535504,3.201584611482161e-08,6.716537274452618e-08,762.8059000319661,0,1,0,1,0,,L41,,,L41,G2=1;G3=1;G4=1;G5=1;G9=1;G10=1
774,optimal,1011492.5198578504,248686.61939773144,762805.900460119,6754.5684,5991.762499908011,762.8059000919891,11.293184921955769,2.0762048508068897e-08,4.531783302383731e-08,762.8059000259093,0,1,0,1,0,,L12,,,L12,G2=1;G3=1;G4=1;G5=1;G9=1;G10=1
775,optimal,1011492.5199887936,248686.61939682037,762805.9005919733,6754.5684,5991.762499887271,762.8059001127292,11.293184922262823,2.7458001515250526e-08,5.803054095238996e-08,762.8059000272406,0,0,0,0,0,,,,,,G2=1;G3=1;G4=1;G5=1;G9=1;G10=1
776,optimal,1011492.5199887936,248686.61939682037,762805.9005919733,6754.5684,5991.762499887271,762.8059001127292,11.293184922262823,2.7458001515250526e-08,5.803054095238996e-08,762.8059000272406,0,0,0,0,0,,,,,,G2=1;G3=1;G4=1;G5=1;G9=1;G10=1
777,optimal,1011492.5199887936,248686.61939682037,762805.9005919733,6754.5684,5991.762499887271,762.8059001127292,11.293184922262823,2.7458001515250526e-08,5.803054095238996e-08,762.8059000272406,0,0,0,0,0,,,,,,G2=1;G3=1;G4=1;G5=1;G9=1;G10=1
778,optimal,1762008.5196608987,219202.6194002331,1542805.9002606657,6754.5684,5211.7624999602185,1542.8059000397816,22.840924966275885,1.2386286324785578e-08,2.7351815042006216e-08,1542.8059000000437,1,0,0,0,1,G2,,,,,G2=0;G3=1;G4=1;G5=1;G9=1;G10=1
779,optimal,1011492.5199887936,248686.61939682037,762805.9005919733,6754.5684,5991.762499887271,762.8059001127292,11.293184922262823,2.7458001515250526e-08,5.803054095238996e-08,762.8059000272406,0,0,0,0,0,,,,,,G2=1;G3=1;G4=1;G5=1;G9=1;G10=1
780,optimal,1011492.5199887936,248686.61939682037,762805.9005919733,6754.5684,5991.762499887271,762.8059001127292,11.293184922262823,2.7458001515250526e-08,5.803054095238996e-08,762.8059000272406,0,0,0,0,0,,,,,,G2=1;G3=1;G4=1;G5=1;G9=1;G10=1
781,optimal,1760144.3196719813,217338.41940008034,1542805.900271901,6754.5684,5211.762499954262,1542.8059000457379,22.840924966364064,1.2671097422401753e-08,2.803087046639168e-08,1542.8059000050362,1,0,0,0,1,G3,,,,,G2=1;G3=0;G4=1;G5=1;G9=1;G10=1
782,optimal,1791816.5196434394,219202.6194002631,1572613.9002431764,6754.5684,5211.762499961638,1542.8059000383619,22.840924966254867,1.9872000115109618,2.980800025303917,1537.837900001547,0,1,0,1,1,,L14,,,L14,G2=0;G3=1;G4=1;G5=1;G9=1;G10=1
783,optimal,1011492.5199887936,248686.61939682037,762805.9005919733,6754.5684,5991.762499887271,762.8059001127292,11.293184922262823,2.7458001515250526e-08,5.803054095238996e-08,762.8059000272406,0,0,0,0,0,,,,,,G2=1;G3=1;G4=1;G5=1;G9=1;G10=1
784,optimal,1421105.019784099,248686.61939907595,1172418.400385023,6754.5684,5582.149999944766,1172.418400055234,17.357413984515045,1.8422912376493675e-08,4.099562958594972e-08,1172.4183999958157,1,1,0,1,0,G7,L41,,,L41,G2=1;G3=1;G4=1;G5=1;G9=1;G10=1
785,optimal,1011492.5199887936,248686.61939682037,762805.9005919733,6754.5684,5991.762499887271,762.8059001127292,11.293184922262823,2.7458001515250526e-08,5.803054095238996e-08,762.8059000272406,0,0,0,0,0,,,,,,G2=1;G3=1;G4=1;G5=1;G9=1;G10=1
786,optimal,1011492.5199887936,248686.61939682037,762805.9005919733,6754.5684,5991.762499887271,762.8059001127292,11.293184922262823,2.7458001515250526e-08,5.803054095238996e-08,762.8059000272406,0,0,0,0,0,,,,,,G2=1;G3=1;G4=1;G5=1;G9=1;G10=1
787,optimal,1011492.5199887936,248686.61939682037,762805.9005919733,6754.5684,5991.762499887271,762.8059001127292,11.293184922262823,2.7458001515250526e-08,5.803054095238996e-08,762.8059000272406,0,0,0,0,0,,,,,,G2=1;G3=1;G4=1;G5=1;G9=1;G10=1
788,optimal,1011492.5199887936,248686.61939682037,762805.9005919733,6754.5684,5991.762499887271,762.8059001127292,11.293184922262823,2.7458001515250526e-08,5.803054095238996e-08,762.8059000272406,0,0,0,0,0,,,,,,G2=1;G3=1;G4=1;G5=1;G9=1;G10=1
789,optimal,1011492.5199887936,248686.61939682037,762805.9005919733,6754.5684,5991.762499887271,762.8059001127292,11.293184922262823,2.7458001515250526e-08,5.803054095238996e-08,762.8059000272406,0,0,0,0,0,,,,,,G2=1;G3=1;G4=1;G5=1;G9=1;G10=1
790,optimal,1617903.9156180217,203198.01524760606,1414705.9003704158,6754.5684,5339.862499933909,1414.7059000660913,20.944430736182806,1.7099460517201584e-08,3.7607266965054984e-08,1414.7059000113845,1,0,0,0,1,G4,,,,,G2=1;G3=1;G4=0;G5=1;G9=1;G10=1
791,optimal,1011492.5199887936,248686.61939682037,762805.9005919733,6754.5684,5991.762499887271,762.8059001127292,11.293184922262823,2.7458001515250526e-08,5.803054095238996e-08,762.8059000272406,0,0,0,0,0,,,,,,G2=1;G3=1;G4=1;G5=1;G9=1;G10=1
792,optimal,1011492.5199887936,248686.61939682037,762805.9005919733,6754.5684,5991.762499887271,762.8059001127292,11.293184922262823,2.7458001515250526e-08,5.803054095238996e-08,762.8059000272406,0,0,0,0,0,,,,,,G2=1;G3=1;G4=1;G5=1;G9=1;G10=1
793,optimal,1011492.5199887936,248686.61939682037,762805.9005919733,6754.5684,5991.762499887271,762.8059001127292,11.293184922262823,2.7458001515250526e-08,5.803054095238996e-08,762.8059000272406,0,0,0,0,0,,,,,,G2=1;G3=1;G4=1;G5=1;G9=1;G10=1
794,optimal,1856229.960667825,215924.06002137897,1640305.900646446,6754.5684,5114.2624998873,1640.3059001127006,24.284392472992064,2.971388210049674e-08,6.65801420753459e-08,1640.3059000164064,1,0,0,0,1,G9,,,,,G2=1;G3=1;G4=1;G5=1;G9=0;G10=1
795,optimal,1011492.5199887936,248686.61939682037,762805.9005919733,6754.5684,5991.762499887271,762.8059001127292,11.293184922262823,2.7458001515250526e-08,5.803054095238996e-08,762.8059000272406,0,0,0,0,0,,,,,,G2=1;G3=1;G4=1;G5=1;G9=1;G10=1
796,optimal,1762008.5196608987,219202.6194002331,1542805.9002606657,6754.5684,5211.7624999602185,1542.8059000397816,22.840924966275885,1.2386286324785578e-08,2.7351815042006216e-08,1542.8059000000437,1,0,0,0,1,G2,,,,,G2=0;G3=1;G4=1;G5=1;G9=1;G10=1
797,optimal,1760144.3196719813,217338.41940008034,1542805.900271901,6754.5684,5211.762499954262,1542.8059000457379,22.840924966364064,1.2671097422401753e-08,2.803087046639168e-08,1542.8059000050362,1,0,0,0,1,G3,,,,,G2=1;G3=0;G4=1;G5=1;G9=1;G10=1
798,optimal,1011492.5199887936,248686.61939682037,762805.9005919733,6754.5684,5991.762499887271,762.8059001127292,11.293184922262823,2.7458001515250526e-08,5.803054095238996e-08,762.8059000272406,0,0,0,0,0,,,,,,G2=1;G3=1;G4=1;G5=1;G9=1;G10=1
799,optimal,1011492.5199887936,248686.61939682037,762805.9005919733,6754.5684,5991.762499887271,762.8059001127292,11.293184922262823,2.7458001515250526e-08,5.803054095238996e-08,762.8059000272406,0,0,0,0,0,,,,,,G2=1;G3=1;G4=1;G5=1;G9=1;G10=1
800,optimal,2448850.6502653062,212644.7489895552,2236205.901275751,6754.5684,4518.362499782973,2236.205900217027,33.106569773089085,5.9342746908799294e-08,1.311597464283903e-07,2236.205900026525,2,0,0,0,1,G1;G5,,,,,G2=1;G3=1;G4=1;G5=0;G9=1;G10=1
801,optimal,1011492.5199887936,248686.61939682037,762805.9005919733,6754.5684,5991.762499887271,762.8059001127292,11.293184922262823,2.7458001515250526e-08,5.803054095238996e-08,762.8059000272406,0,0,0,0,0,,,,,,G2=1;G3=1;G4=1;G5=1;G9=1;G10=1
802,optimal,1011492.5199887936,248686.61939682037,762805.9005919733,6754.5684,5991.762499887271,762.8059001127292,11.293184922262823,2.7458001515250526e-08,5.803054095238996e-08,762.8059000272406,0,0,0,0,0,,,,,,G2=1;G3=1;G4=1;G5=1;G9=1;G10=1
803,optimal,1011492.5199887936,248686.61939682037,762805.9005919733,6754.5684,5991.762499887271,762.8059001127292,11.293184922262823,2.7458001515250526e-08,5.803054095238996e-08,762.8059000272406,0,0,0,0,0,,,,,,G2=1;G3=1;G4=1;G5=1;G9=1;G10=1
804,optimal,1011492.5199887936,248686.61939682037,762805.9005919733,6754.5684,5991.762499887271,762.8059001127292,11.293184922262823,2.7458001515250526e-08,5.803054095238996e-08,762.8059000272406,1,0,0,0,0,G6,,,,,G2=1;G3=1;G4=1;G5=1;G9=1;G10=1
805,optimal,1617903.9156180217,203198.01524760606,1414705.9003704158,6754.5684,5339.862499933909,1414.7059000660913,20.944430736182806,1.7099460517201584e-08,3.7607266965054984e-08,1414.7059000113845,1,0,0,0,1,G4,,,,,G2=1;G3=1;G4=0;G5=1;G9=1;G10=1
806,optimal,1011492.5199887936,248686.61939682037,762805.9005919733,6754.5684,5991.762499887271,762.8059001127292,11.293184922262823,2.7458001515250526e-08,5.803054095238996e-08,762.8059000272406,0,0,0,0,0,,,,,,G2=1;G3=1;G4=1;G5=1;G9=1;G10=1
807,optimal,1011492.5199887936,248686.61939682037,762805.9005919733,6754.5684,5991.762499887271,762.8059001127292,11.293184922262823,2.7458001515250526e-08,5.803054095238996e-08,762.8059000272406,0,0,0,0,0,,,,,,G2=1;G3=1;G4=1;G5=1;G9=1;G10=1
808,optimal,1651070.9307264644,222365.03024655534,1428705.900479909,6754.5684,5325.86249991447,1428.7059000855293,21.151697865485072,2.2397464574565604e-08,4.820062919553181e-08,1428.705900014931,1,0,0,0,1,G5,,,,,G2=1;G3=1;G4=1;G5=0;G9=1;G10=1
809,optimal,2538830.930317694,222365.0302494285,2316465.9000682654,6754.5684,5325.8624999874055,1428.7059000125944,21.151697864405286,59.184000003203366,88.77600000671005,1280.745900002681,1,0,1,2,1,G5,,T21,21,L28;L35,G2=1;G3=1;G4=1;G5=0;G9=1;G10=1
810,optimal,1011492.5199887936,248686.61939682037,762805.9005919733,6754.5684,5991.762499887271,762.8059001127292,11.293184922262823,2.7458001515250526e-08,5.803054095238996e-08,762.8059000272406,0,0,0,0,0,,,,,,G2=1;G3=1;G4=1;G5=1;G9=1;G10=1
811,optimal,1011492.5199887936,248686.61939682037,762805.9005919733,6754.5684,5991.762499887271,762.8059001127292,11.293184922262823,2.7458001515250526e-08,5.803054095238996e-08,762.8059000272406,0,0,0,0,0,,,,,,G2=1;G3=1;G4=1;G5=1;G9=1;G10=1
812,optimal,1011492.5199887936,248686.61939682037,762805.9005919733,6754.5684,5991.762499887271,762.8059001127292,11.293184922262823,2.7458001515250526e-08,5.803054095238996e-08,762.8059000272406,0,0,0,0,0,,,,,,G2=1;G3=1;G4=1;G5=1;G9=1;G10=1
813,optimal,1617903.9156180217,203198.01524760606,1414705.9003704158,6754.5684,5339.862499933909,1414.7059000660913,20.944430736182806,1.7099460517201584e-08,3.7607266965054984e-08,1414.7059000113845,1,0,0,0,1,G4,,,,,G2=1;G3=1;G4=0;G5=1;G9=1;G10=1
814,optimal,1011492.5199887936,248686.61939682037,762805.9005919733,6754.5684,5991.762499887271,762.8059001127292,11.293184922262823,2.7458001515250526e-08,5.803054095238996e-08,762.8059000272406,0,0,0,0,0,,,,,,G2=1;G3=1;G4=1;G5=1;G9=1;G10=1
815,optimal,1011492.5199887936,248686.61939682037,762805.9005919733,6754.5684,5991.762499887271,762.8059001127292,11.293184922262823,2.7458001515250526e-08,5.803054095238996e-08,762.8059000272406,0,0,0,0,0,,,,,,G2=1;G3=1;G4=1;G5=1;G9=1;G10=1
816,optimal,1942005.9141787183,176450.01352167473,1765555.9006570436,6754.5684,4989.012499876619,1765.555900123381,26.138693038083392,2.9752059733918543e-08,6.64735338223288e-08,1765.5559000271553,1,0,0,0,1,G10,,,,,G2=1;G3=1;G4=1;G5=1;G9=1;G10=0
817,optimal,1011492.5199887936,248686.61939682037,762805.9005919733,6754.5684,5991.762499887271,762.8059001127292,11.293184922262823,2.7458001515250526e-08,5.803054095238996e-08,762.8059000272406,0,0,0,0,0,,,,,,G2=1;G3=1;G4=1;G5=1;G9=1;G10=1
818,optimal,1011492.5199887936,248686.61939682037,762805.9005919733,6754.5684,5991.762499887271,762.8059001127292,11.293184922262823,2.7458001515250526e-08,5.803054095238996e-08,762.8059000272406,0,0,0,0,0,,,,,,G2=1;G3=1;G4=1;G5=1;G9=1;G10=1
819,optimal,1011492.5199887936,248686.61939682037,762805.9005919733,6754.5684,5991.762499887271,762.8059001127292,11.293184922262823,2.7458001515250526e-08,5.803054095238996e-08,762.8059000272406,0,0,0,0,0,,,,,,G2=1;G3=1;G4=1;G5=1;G9=1;G10=1
820,optimal,1011492.5199887936,248686.61939682037,762805.9005919733,6754.5684,5991.762499887271,762.8059001127292,11.293184922262823,2.7458001515250526e-08,5.803054095238996e-08,762.8059000272406,0,0,0,0,0,,,,,,G2=1;G3=1;G4=1;G5=1;G9=1;G10=1
821,optimal,1011492.5199887936,248686.61939682037,762805.9005919733,6754.5684,5991.762499887271,762.8059001127292,11.293184922262823,2.7458001515250526e-08,5.803054095238996e-08,762.8059000272406,0,0,0,0,0,,,,,,G2=1;G3=1;G4=1;G5=1;G9=1;G10=1
822,optimal,3358097.713903943,145101.81352445896,3212995.900379484,6754.5684,4209.01249994016,2545.5559000598405,37.68643308223572,44.49600001827867,66.74400003878408,2434.3159000027777,2,0,1,2,2,G3;G10,,T28,28,L43;L45,G2=1;G3=0;G4=1;G5=1;G9=1;G10=0
823,optimal,1762008.5196608987,219202.6194002331,1542805.9002606657,6754.5684,5211.7624999602185,1542.8059000397816,22.840924966275885,1.2386286324785578e-08,2.7351815042006216e-08,1542.8059000000437,1,0,0,0,1,G2,,,,,G2=0;G3=1;G4=1;G5=1;G9=1;G10=1
824,optimal,1011492.5199887936,248686.61939682037,762805.9005919733,6754.5684,5991.762499887271,762.8059001127292,11.293184922262823,2.7458001515250526e-08,5.803054095238996e-08,762.8059000272406,0,0,0,0,0,,,,,,G2=1;G3=1;G4=1;G5=1;G9=1;G10=1
825,optimal,1011492.5199887936,248686.61939682037,762805.9005919733,6754.5684,5991.762499887271,762.8059001127292,11.293184922262823,2.7458001515250526e-08,5.803054095238996e-08,762.8059000272406,0,0,0,0,0,,,,,,G2=1;G3=1;G4=1;G5=1;G9=1;G10=1
826,optimal,1011492.5199887936,248686.61939682037,762805.9005919733,6754.5684,5991.762499887271,762.8059001127292,11.293184922262823,2.7458001515250526e-08,5.803054095238996e-08,762.8059000272406,0,0,0,0,0,,,,,,G2=1;G3=1;G4=1;G5=1;G9=1;G10=1
827,optimal,1942005.9141787183,176450.01352167473,1765555.9006570436,6754.5684,4989.012499876619,1765.555900123381,26.138693038083392,2.9752059733918543e-08,6.64735338223288e-08,1765.5559000271553,1,0,0,0,1,G10,,,,,G2=1;G3=1;G4=1;G5=1;G9=1;G10=0
828,optimal,1011492.5199887936,248686.61939682037,762805.9005919733,6754.5684,5991.762499887271,762.8059001127292,11.293184922262823,2.7458001515250526e-08,5.803054095238996e-08,762.8059000272406,0,0,0,0,0,,,,,,G2=1;G3=1;G4=1;G5=1;G9=1;G10=1
829,optimal,1942005.9141787183,176450.01352167473,1765555.9006570436,6754.5684,4989.012499876619,1765.555900123381,26.138693038083392,2.9752059733918543e-08,6.64735338223288e-08,1765.5559000271553,1,0,0,0,1,G10,,,,,G2=1;G3=1;G4=1;G5=1;G9=1;G10=0
830,optimal,2351618.4136159387,176450.01352581146,2175168.4000901273,6754.5684,4579.399999985735,2175.168400014265,32.20292209957138,4.02200912138466e-09,9.916092676462184e-09,2175.1684000003265,2,0,0,0,1,G7;G10,,,,,G2=1;G3=1;G4=1;G5=1;G9=1;G10=0
831,optimal,1011492.5199887936,248686.61939682037,762805.9005919733,6754.5684,5991.762499887271,762.8059001127292,11.293184922262823,2.7458001515250526e-08,5.803054095238996e-08,762.8059000272406,0,0,0,0,0,,,,,,G2=1;G3=1;G4=1;G5=1;G9=1;G10=1
832,optimal,1700904.1935217862,221563.90160918122,1479340.291912605,6754.5684,5275.22810821932,1479.3402917806795,21.90132965091714,7.570290356961183e-09,1.5948223377545186e-08,1479.340291757161,1,1,0,1,1,G5,L4,,,L4,G2=1;G3=1;G4=1;G5=0;G9=1;G10=1
833,optimal,1011492.5199887936,248686.61939682037,762805.9005919733,6754.5684,5991.762499887271,762.8059001127292,11.293184922262823,2.7458001515250526e-08,5.803054095238996e-08,762.8059000272406,0,0,0,0,0,,,,,,G2=1;G3=1;G4=1;G5=1;G9=1;G10=1
834,optimal,1011492.5199887936,248686.61939682037,762805.9005919733,6754.5684,5991.762499887271,762.8059001127292,11.293184922262823,2.7458001515250526e-08,5.803054095238996e-08,762.8059000272406,0,0,0,0,0,,,,,,G2=1;G3=1;G4=1;G5=1;G9=1;G10=1
835,optimal,1011492.5199887936,248686.61939682037,762805.9005919733,6754.5684,5991.762499887271,762.8059001127292,11.293184922262823,2.7458001515250526e-08,5.803054095238996e-08,762.8059000272406,0,0,0,0,0,,,,,,G2=1;G3=1;G4=1;G5=1;G9=1;G10=1
836,optimal,1011492.5199887936,248686.61939682037,762805.9005919733,6754.5684,5991.762499887271,762.8059001127292,11.293184922262823,2.7458001515250526e-08,5.803054095238996e-08,762.8059000272406,0,0,0,0,0,,,,,,G2=1;G3=1;G4=1;G5=1;G9=1;G10=1
837,optimal,1011492.5199887936,248686.61939682037,762805.9005919733,6754.5684,5991.762499887271,762.8059001127292,11.293184922262823,2.7458001515250526e-08,5.803054095238996e-08,762.8059000272406,0,0,0,0,0,,,,,,G2=1;G3=1;G4=1;G5=1;G9=1;G10=1
838,optimal,1011492.5199887936,248686.61939682037,762805.9005919733,6754.5684,5991.762499887271,762.8059001127292,11.293184922262823,2.7458001515250526e-08,5.803054095238996e-08,762.8059000272406,0,0,0,0,0,,,,,,G2=1;G3=1;G4=1;G5=1;G9=1;G10=1
839,optimal,1059303.915295344,244598.0152496554,814705.9000456887,6754.5684,5939.862499992285,814.705900007715,12.061553777554684,2.2455970960929303e-09,4.440882501562303e-09,814.7059000010283,0,1,0,1,0,,L32,,,L32,G2=1;G3=1;G4=1;G5=1;G9=1;G10=1
840,optimal,1011492.5199887936,248686.61939682037,762805.9005919733,6754.5684,5991.762499887271,762.8059001127292,11.293184922262823,2.7458001515250526e-08,5.803054095238996e-08,762.8059000272406,0,0,0,0,0,,,,,,G2=1;G3=1;G4=1;G5=1;G9=1;G10=1
841,optimal,1011492.5199887936,248686.61939682037,762805.9005919733,6754.5684,5991.762499887271,762.8059001127292,11.293184922262823,2.7458001515250526e-08,5.803054095238996e-08,762.8059000272406,0,0,0,0,0,,,,,,G2=1;G3=1;G4=1;G5=1;G9=1;G10=1
842,optimal,1011492.5199887936,248686.61939682037,762805.9005919733,6754.5684,5991.762499887271,762.8059001127292,11.293184922262823,2.7458001515250526e-08,5.803054095238996e-08,762.8059000272406,0,0,0,0,0,,,,,,G2=1;G3=1;G4=1;G5=1;G9=1;G10=1
843,optimal,1011492.5199887936,248686.61939682037,762805.9005919733,6754.5684,5991.762499887271,762.8059001127292,11.293184922262823,2.7458001515250526e-08,5.803054095238996e-08,762.8059000272406,0,0,0,0,0,,,,,,G2=1;G3=1;G4=1;G5=1;G9=1;G10=1
844,optimal,1059303.915295344,244598.0152496554,814705.9000456887,6754.5684,5939.862499992285,814.705900007715,12.061553777554684,2.2455970960929303e-09,4.440882501562303e-09,814.7059000010283,0,1,0,1,0,,L32,,,L32,G2=1;G3=1;G4=1;G5=1;G9=1;G10=1
845,optimal,1651070.9307264644,222365.03024655534,1428705.900479909,6754.5684,5325.86249991447,1428.7059000855293,21.151697865485072,2.2397464574565604e-08,4.820062919553181e-08,1428.705900014931,1,0,0,0,1,G5,,,,,G2=1;G3=1;G4=1;G5=0;G9=1;G10=1
846,optimal,1011492.5199887936,248686.61939682037,762805.9005919733,6754.5684,5991.762499887271,762.8059001127292,11.293184922262823,2.7458001515250526e-08,5.803054095238996e-08,762.8059000272406,0,0,0,0,0,,,,,,G2=1;G3=1;G4=1;G5=1;G9=1;G10=1
847,optimal,1011492.5199887936,248686.61939682037,762805.9005919733,6754.5684,5991.762499887271,762.8059001127292,11.293184922262823,2.7458001515250526e-08,5.803054095238996e-08,762.8059000272406,0,0,0,0,0,,,,,,G2=1;G3=1;G4=1;G5=1;G9=1;G10=1
848,optimal,1011492.5199887936,248686.61939682037,762805.9005919733,6754.5684,5991.762499887271,762.8059001127292,11.293184922262823,2.7458001515250526e-08,5.803054095238996e-08,762.8059000272406,0,0,0,0,0,,,,,,G2=1;G3=1;G4=1;G5=1;G9=1;G10=1
849,optimal,1011492.5205401392,248686.61943680578,762805.9011033333,6754.5684,5991.76249976542,762.8059002345797,11.293184924066795,4.97412444643926e-08,1.052705820411713e-07,762.8059000795679,0,1,0,1,0,,L9,,,L9,G2=1;G3=1;G4=1;G5=1;G9=1;G10=1
850,optimal,1011492.5205401392,248686.61943680578,762805.9011033333,6754.5684,5991.76249976542,762.8059002345797,11.293184924066795,4.97412444643926e-08,1.052705820411713e-07,762.8059000795679,0,1,0,1,0,,L9,,,L9,G2=1;G3=1;G4=1;G5=1;G9=1;G10=1
851,optimal,1011492.5199887936,248686.61939682037,762805.9005919733,6754.5684,5991.762499887271,762.8059001127292,11.293184922262823,2.7458001515250526e-08,5.803054095238996e-08,762.8059000272406,0,0,0,0,0,,,,,,G2=1;G3=1;G4=1;G5=1;G9=1;G10=1
852,optimal,1011492.5199887936,248686.61939682037,762805.9005919733,6754.5684,5991.762499887271,762.8059001127292,11.293184922262823,2.7458001515250526e-08,5.803054095238996e-08,762.8059000272406,0,0,0,0,0,,,,,,G2=1;G3=1;G4=1;G5=1;G9=1;G10=1
853,optimal,1011492.5199887936,248686.61939682037,762805.9005919733,6754.5684,5991.762499887271,762.8059001127292,11.293184922262823,2.7458001515250526e-08,5.803054095238996e-08,762.8059000272406,0,0,0,0,0,,,,,,G2=1;G3=1;G4=1;G5=1;G9=1;G10=1
854,optimal,1011492.5199887936,248686.61939682037,762805.9005919733,6754.5684,5991.762499887271,762.8059001127292,11.293184922262823,2.7458001515250526e-08,5.803054095238996e-08,762.8059000272406,0,0,0,0,0,,,,,,G2=1;G3=1;G4=1;G5=1;G9=1;G10=1
855,optimal,1011492.5199887936,248686.61939682037,762805.9005919733,6754.5684,5991.762499887271,762.8059001127292,11.293184922262823,2.7458001515250526e-08,5.803054095238996e-08,762.8059000272406,0,0,0,0,0,,,,,,G2=1;G3=1;G4=1;G5=1;G9=1;G10=1
856,optimal,1011492.5199887936,248686.61939682037,762805.9005919733,6754.5684,5991.762499887271,762.8059001127292,11.293184922262823,2.7458001515250526e-08,5.803054095238996e-08,762.8059000272406,0,0,0,0,0,,,,,,G2=1;G3=1;G4=1;G5=1;G9=1;G10=1
857,optimal,1011492.5199887936,248686.61939682037,762805.9005919733,6754.5684,5991.762499887271,762.8059001127292,11.293184922262823,2.7458001515250526e-08,5.803054095238996e-08,762.8059000272406,0,0,0,0,0,,,,,,G2=1;G3=1;G4=1;G5=1;G9=1;G10=1
858,optimal,1760144.3196719813,217338.41940008034,1542805.900271901,6754.5684,5211.762499954262,1542.8059000457379,22.840924966364064,1.2671097422401753e-08,2.803087046639168e-08,1542.8059000050362,1,0,0,0,1,G3,,,,,G2=1;G3=0;G4=1;G5=1;G9=1;G10=1
859,optimal,1011492.5199887936,248686.61939682037,762805.9005919733,6754.5684,5991.762499887271,762.8059001127292,11.293184922262823,2.7458001515250526e-08,5.803054095238996e-08,762.8059000272406,0,0,0,0,0,,,,,,G2=1;G3=1;G4=1;G5=1;G9=1;G10=1
860,optimal,1011492.5200216,248686.61939658766,762805.9006250122,6754.5684,5991.76249988034,762.8059001196593,11.293184922365421,2.9028304505142717e-08,6.102452852272568e-08,762.8059000296064,0,1,0,1,0,,L40,,,L40,G2=1;G3=1;G4=1;G5=1;G9=1;G10=1
861,optimal,1011492.5199560132,248686.6193971213,762805.9005588919,6754.5684,5991.7624998938645,762.8059001061357,11.293184922165207,2.592100411685079e-08,5.486681039887349e-08,762.805900025348,0,1,0,1,0,,L36,,,L36,G2=1;G3=1;G4=1;G5=1;G9=1;G10=1
862,optimal,1651070.9307264644,222365.03024655534,1428705.900479909,6754.5684,5325.86249991447,1428.7059000855293,21.151697865485072,2.2397464574565604e-08,4.820062919553181e-08,1428.705900014931,1,0,0,0,1,G5,,,,,G2=1;G3=1;G4=1;G5=0;G9=1;G10=1
863,optimal,1760144.3196719813,217338.41940008034,1542805.900271901,6754.5684,5211.762499954262,1542.8059000457379,22.840924966364064,1.2671097422401753e-08,2.803087046639168e-08,1542.8059000050362,1,0,0,0,1,G3,,,,,G2=1;G3=0;G4=1;G5=1;G9=1;G10=1
864,optimal,2027516.4156233906,203198.01524739375,1824318.4003759967,6754.5684,4930.249999937464,1824.3184000625358,27.00865979923359,1.8048263268634532e-08,3.775651021682874e-08,1824.318400006731,2,0,0,0,1,G4;G7,,,,,G2=1;G3=1;G4=0;G5=1;G9=1;G10=1
865,optimal,1011492.5199887936,248686.61939682037,762805.9005919733,6754.5684,5991.762499887271,762.8059001127292,11.293184922262823,2.7458001515250526e-08,5.803054095238996e-08,762.8059000272406,0,0,0,0,0,,,,,,G2=1;G3=1;G4=1;G5=1;G9=1;G10=1
866,optimal,1617903.9156180217,203198.01524760606,1414705.9003704158,6754.5684,5339.862499933909,1414.7059000660913,20.944430736182806,1.7099460517201584e-08,3.7607266965054984e-08,1414.7059000113845,1,0,0,0,1,G4,,,,,G2=1;G3=1;G4=0;G5=1;G9=1;G10=1
867,optimal,1011492.5199887936,248686.61939682037,762805.9005919733,6754.5684,5991.762499887271,762.8059001127292,11.293184922262823,2.7458001515250526e-08,5.803054095238996e-08,762.8059000272406,0,0,0,0,0,,,,,,G2=1;G3=1;G4=1;G5=1;G9=1;G10=1
868,optimal,1011492.5199887936,248686.61939682037,762805.9005919733,6754.5684,5991.762499887271,762.8059001127292,11.293184922262823,2.7458001515250526e-08,5.803054095238996e-08,762.8059000272406,0,0,0,0,0,,,,,,G2=1;G3=1;G4=1;G5=1;G9=1;G10=1
869,optimal,1011492.5199887936,248686.61939682037,762805.9005919733,6754.5684,5991.762499887271,762.8059001127292,11.293184922262823,2.7458001515250526e-08,5.803054095238996e-08,762.8059000272406,0,0,0,0,0,,,,,,G2=1;G3=1;G4=1;G5=1;G9=1;G10=1
870,optimal,1011492.5199596621,248686.61939706677,762805.9005625953,6754.5684,5991.762499892879,762.8059001071216,11.293184922179805,2.6047157875880066e-08,5.526238165382436e-08,762.805900025812,0,1,0,1,0,,L21,,,L21,G2=1;G3=1;G4=1;G5=1;G9=1;G10=1
871,optimal,1011492.5199887936,248686.61939682037,762805.9005919733,6754.5684,5991.762499887271,762.8059001127292,11.293184922262823,2.7458001515250526e-08,5.803054095238996e-08,762.8059000272406,0,0,0,0,0,,,,,,G2=1;G3=1;G4=1;G5=1;G9=1;G10=1
872,optimal,1856229.960667825,215924.06002137897,1640305.900646446,6754.5684,5114.2624998873,1640.3059001127006,24.284392472992064,2.971388210049674e-08,6.65801420753459e-08,1640.3059000164064,1,0,0,0,1,G9,,,,,G2=1;G3=1;G4=1;G5=1;G9=0;G10=1
873,optimal,1421105.0200076625,248686.61939763324,1172418.4006100292,6754.5684,5582.149999912271,1172.4184000877294,17.357413984996132,2.9548047475535493e-08,6.409181553006159e-08,1172.4183999940894,1,0,0,0,0,G7,,,,,G2=1;G3=1;G4=1;G5=1;G9=1;G10=1
874,optimal,1011492.5199887936,248686.61939682037,762805.9005919733,6754.5684,5991.762499887271,762.8059001127292,11.293184922262823,2.7458001515250526e-08,5.803054095238996e-08,762.8059000272406,0,0,0,0,0,,,,,,G2=1;G3=1;G4=1;G5=1;G9=1;G10=1
875,optimal,1011492.5199887936,248686.61939682037,762805.9005919733,6754.5684,5991.762499887271,762.8059001127292,11.293184922262823,2.7458001515250526e-08,5.803054095238996e-08,762.8059000272406,0,0,0,0,0,,,,,,G2=1;G3=1;G4=1;G5=1;G9=1;G10=1
876,optimal,1011492.5199887936,248686.61939682037,762805.9005919733,6754.5684,5991.762499887271,762.8059001127292,11.293184922262823,2.7458001515250526e-08,5.803054095238996e-08,762.8059000272406,0,0,0,0,0,,,,,,G2=1;G3=1;G4=1;G5=1;G9=1;G10=1
877,optimal,1651070.9307217905,222365.03024656003,1428705.9004752305,6754.5684,5325.862499914556,1428.7059000854438,21.151697865483808,2.2126498071599436e-08,4.766207325282482e-08,1428.7059000156553,1,1,0,1,1,G5,L21,,,L21,G2=1;G3=1;G4=1;G5=0;G9=1;G10=1
878,optimal,1760144.3196719813,217338.41940008034,1542805.900271901,6754.5684,5211.762499954262,1542.8059000457379,22.840924966364064,1.2671097422401753e-08,2.803087046639168e-08,1542.8059000050362,1,0,0,0,1,G3,,,,,G2=1;G3=0;G4=1;G5=1;G9=1;G10=1
879,optimal,1183124.3194760673,240318.41940060625,942805.900075461,6754.5684,5811.762499986177,942.805900013823,13.9580480081277,3.3780650802142544e-09,7.808887296790137e-09,942.805900002636,0,1,0,1,0,,L18,,,L18,G2=1;G3=1;G4=1;G5=1;G9=1;G10=1
880,optimal,1011492.5199887936,248686.61939682037,762805.9005919733,6754.5684,5991.762499887271,762.8059001127292,11.293184922262823,2.7458001515250526e-08,5.803054095238996e-08,762.8059000272406,0,0,0,0,0,,,,,,G2=1;G3=1;G4=1;G5=1;G9=1;G10=1
881,optimal,1421105.0200076625,248686.61939763324,1172418.4006100292,6754.5684,5582.149999912271,1172.4184000877294,17.357413984996132,2.9548047475535493e-08,6.409181553006159e-08,1172.4183999940894,1,0,0,0,0,G7,,,,,G2=1;G3=1;G4=1;G5=1;G9=1;G10=1
882,optimal,1011492.5199887936,248686.61939682037,762805.9005919733,6754.5684,5991.762499887271,762.8059001127292,11.293184922262823,2.7458001515250526e-08,5.803054095238996e-08,762.8059000272406,0,0,0,0,0,,,,,,G2=1;G3=1;G4=1;G5=1;G9=1;G10=1
883,optimal,1011492.5199887936,248686.61939682037,762805.9005919733,6754.5684,5991.762499887271,762.8059001127292,11.293184922262823,2.7458001515250526e-08,5.803054095238996e-08,762.8059000272406,0,0,0,0,0,,,,,,G2=1;G3=1;G4=1;G5=1;G9=1;G10=1
884,optimal,1011492.5199887936,248686.61939682037,762805.9005919733,6754.5684,5991.762499887271,762.8059001127292,11.293184922262823,2.7458001515250526e-08,5.803054095238996e-08,762.8059000272406,0,0,0,0,0,,,,,,G2=1;G3=1;G4=1;G5=1;G9=1;G10=1
885,optimal,1421105.0200076625,248686.61939763324,1172418.4006100292,6754.5684,5582.149999912271,1172.4184000877294,17.357413984996132,2.9548047475535493e-08,6.409181553006159e-08,1172.4183999940894,1,0,0,0,0,G7,,,,,G2=1;G3=1;G4=1;G5=1;G9=1;G10=1
886,optimal,1011492.5199887936,248686.61939682037,762805.9005919733,6754.5684,5991.762499887271,762.8059001127292,11.293184922262823,2.7458001515250526e-08,5.803054095238996e-08,762.8059000272406,0,0,0,0,0,,,,,,G2=1;G3=1;G4=1;G5=1;G9=1;G10=1
887,optimal,1856229.960677115,215924.0600212886,1640305.9006558263,6754.5684,5114.262499885711,1640.3059001142892,24.284392473015583,3.0134841637619665e-08,6.758088313967037e-08,1640.3059000165733,0,1,0,1,1,,L46,,,L46,G2=1;G3=1;G4=1;G5=1;G9=0;G10=1
888,optimal,1011492.520036902,248686.61939631234,762805.9006405898,6754.5684,5991.762499876461,762.8059001235385,11.293184922422853,2.9633569914828803e-08,6.258723474736006e-08,762.8059000313178,0,1,0,1,0,,L11,,,L11,G2=1;G3=1;G4=1;G5=1;G9=1;G10=1
889,optimal,1011492.5199887936,248686.61939682037,762805.9005919733,6754.5684,5991.762499887271,762.8059001127292,11.293184922262823,2.7458001515250526e-08,5.803054095238996e-08,762.8059000272406,0,0,0,0,0,,,,,,G2=1;G3=1;G4=1;G5=1;G9=1;G10=1
890,optimal,1011492.5199887936,248686.61939682037,762805.9005919733,6754.5684,5991.762499887271,762.8059001127292,11.293184922262823,2.7458001515250526e-08,5.803054095238996e-08,762.8059000272406,0,0,0,0,0,,,,,,G2=1;G3=1;G4=1;G5=1;G9=1;G10=1
891,optimal,1617903.9156180217,203198.01524760606,1414705.9003704158,6754.5684,5339.862499933909,1414.7059000660913,20.944430736182806,1.7099460517201584e-08,3.7607266965054984e-08,1414.7059000113845,1,0,0,0,1,G4,,,,,G2=1;G3=1;G4=0;G5=1;G9=1;G10=1
892,optimal,1011492.5199887936,248686.61939682037,762805.9005919733,6754.5684,5991.762499887271,762.8059001127292,11.293184922262823,2.7458001515250526e-08,5.803054095238996e-08,762.8059000272406,0,0,0,0,0,,,,,,G2=1;G3=1;G4=1;G5=1;G9=1;G10=1
893,optimal,1174323.6837238972,240730.1835572929,933593.5001666042,6754.5684,5820.974899966091,933.5935000339098,13.821660315615572,7.3930791040909756e-09,1.653917156938887e-08,933.5935000099774,0,1,0,1,0,,L13,,,L13,G2=1;G3=1;G4=1;G5=1;G9=1;G10=1
894,optimal,1011492.5199887936,248686.61939682037,762805.9005919733,6754.5684,5991.762499887271,762.8059001127292,11.293184922262823,2.7458001515250526e-08,5.803054095238996e-08,762.8059000272406,0,0,0,0,0,,,,,,G2=1;G3=1;G4=1;G5=1;G9=1;G10=1
895,optimal,1011492.5199887936,248686.61939682037,762805.9005919733,6754.5684,5991.762499887271,762.8059001127292,11.293184922262823,2.7458001515250526e-08,5.803054095238996e-08,762.8059000272406,0,0,0,0,0,,,,,,G2=1;G3=1;G4=1;G5=1;G9=1;G10=1
896,optimal,1011492.5199887936,248686.61939682037,762805.9005919733,6754.5684,5991.762499887271,762.8059001127292,11.293184922262823,2.7458001515250526e-08,5.803054095238996e-08,762.8059000272406,0,0,0,0,0,,,,,,G2=1;G3=1;G4=1;G5=1;G9=1;G10=1
897,optimal,1011492.5199887936,248686.61939682037,762805.9005919733,6754.5684,5991.762499887271,762.8059001127292,11.293184922262823,2.7458001515250526e-08,5.803054095238996e-08,762.8059000272406,0,0,0,0,0,,,,,,G2=1;G3=1;G4=1;G5=1;G9=1;G10=1
898,optimal,1011492.5199887936,248686.61939682037,762805.9005919733,6754.5684,5991.762499887271,762.8059001127292,11.293184922262823,2.7458001515250526e-08,5.803054095238996e-08,762.8059000272406,0,0,0,0,0,,,,,,G2=1;G3=1;G4=1;G5=1;G9=1;G10=1
899,optimal,1011492.5199887936,248686.61939682037,762805.9005919733,6754.5684,5991.762499887271,762.8059001127292,11.293184922262823,2.7458001515250526e-08,5.803054095238996e-08,762.8059000272406,0,0,0,0,0,,,,,,G2=1;G3=1;G4=1;G5=1;G9=1;G10=1
900,optimal,1011492.5199887936,248686.61939682037,762805.9005919733,6754.5684,5991.762499887271,762.8059001127292,11.293184922262823,2.7458001515250526e-08,5.803054095238996e-08,762.8059000272406,0,0,0,0,0,,,,,,G2=1;G3=1;G4=1;G5=1;G9=1;G10=1
901,optimal,1011492.5199887936,248686.61939682037,762805.9005919733,6754.5684,5991.762499887271,762.8059001127292,11.293184922262823,2.7458001515250526e-08,5.803054095238996e-08,762.8059000272406,0,0,0,0,0,,,,,,G2=1;G3=1;G4=1;G5=1;G9=1;G10=1
902,optimal,1011492.5199887936,248686.61939682037,762805.9005919733,6754.5684,5991.762499887271,762.8059001127292,11.293184922262823,2.7458001515250526e-08,5.803054095238996e-08,762.8059000272406,0,0,0,0,0,,,,,,G2=1;G3=1;G4=1;G5=1;G9=1;G10=1
903,optimal,1011492.5201162217,248686.61939562004,762805.9007206017,6754.5684,5991.762499859609,762.8059001403907,11.293184922672346,3.3261229135326456e-08,7.021494363101387e-08,762.8059000369145,0,1,0,1,0,,L26,,,L26,G2=1;G3=1;G4=1;G5=1;G9=1;G10=1
904,optimal,1011492.5199887936,248686.61939682037,762805.9005919733,6754.5684,5991.762499887271,762.8059001127292,11.293184922262823,2.7458001515250526e-08,5.803054095238996e-08,762.8059000272406,0,0,0,0,0,,,,,,G2=1;G3=1;G4=1;G5=1;G9=1;G10=1
905,optimal,1011492.5199887936,248686.61939682037,762805.9005919733,6754.5684,5991.762499887271,762.8059001127292,11.293184922262823,2.7458001515250526e-08,5.803054095238996e-08,762.8059000272406,0,0,0,0,0,,,,,,G2=1;G3=1;G4=1;G5=1;G9=1;G10=1
906,optimal,1942005.9141787183,176450.01352167473,1765555.9006570436,6754.5684,4989.012499876619,1765.555900123381,26.138693038083392,2.9752059733918543e-08,6.64735338223288e-08,1765.5559000271553,1,0,0,0,1,G10,,,,,G2=1;G3=1;G4=1;G5=1;G9=1;G10=0
907,optimal,1011492.5199887936,248686.61939682037,762805.9005919733,6754.5684,5991.762499887271,762.8059001127292,11.293184922262823,2.7458001515250526e-08,5.803054095238996e-08,762.8059000272406,0,0,0,0,0,,,,,,G2=1;G3=1;G4=1;G5=1;G9=1;G10=1
908,optimal,1011492.5199887936,248686.61939682037,762805.9005919733,6754.5684,5991.762499887271,762.8059001127292,11.293184922262823,2.7458001515250526e-08,5.803054095238996e-08,762.8059000272406,0,0,0,0,0,,,,,,G2=1;G3=1;G4=1;G5=1;G9=1;G10=1
909,optimal,2834068.369338215,141437.0060644789,2692631.363273736,6754.5684,4091.7450367917686,2662.8233632082315,39.42255382606284,1.9872000035190256,2.9808000084584165,2657.855363196254,1,1,0,1,2,G10,L14,,,L14,G2=0;G3=1;G4=1;G5=1;G9=1;G10=0
910,optimal,1421105.0204209406,248686.61939458747,1172418.4010263532,6754.5684,5582.14999984329,1172.4184001567103,17.357413986017377,4.9852038377990684e-08,1.0524362648005952e-07,1172.4184000016148,0,2,0,2,0,,L39;L40,,,L39;L40,G2=1;G3=1;G4=1;G5=1;G9=1;G10=1
911,optimal,1856229.960667825,215924.06002137897,1640305.900646446,6754.5684,5114.2624998873,1640.3059001127006,24.284392472992064,2.971388210049674e-08,6.65801420753459e-08,1640.3059000164064,1,0,0,0,1,G9,,,,,G2=1;G3=1;G4=1;G5=1;G9=0;G10=1
912,optimal,1011492.5199887936,248686.61939682037,762805.9005919733,6754.5684,5991.762499887271,762.8059001127292,11.293184922262823,2.7458001515250526e-08,5.803054095238996e-08,762.8059000272406,0,0,0,0,0,,,,,,G2=1;G3=1;G4=1;G5=1;G9=1;G10=1
913,optimal,1011492.5199887936,248686.61939682037,762805.9005919733,6754.5684,5991.762499887271,762.8059001127292,11.293184922262823,2.7458001515250526e-08,5.803054095238996e-08,762.8059000272406,0,0,0,0,0,,,,,,G2=1;G3=1;G4=1;G5=1;G9=1;G10=1
914,optimal,1011492.5199887936,248686.61939682037,762805.9005919733,6754.5684,5991.762499887271,762.8059001127292,11.293184922262823,2.7458001515250526e-08,5.803054095238996e-08,762.8059000272406,0,0,0,0,0,,,,,,G2=1;G3=1;G4=1;G5=1;G9=1;G10=1
915,optimal,1011492.5199887936,248686.61939682037,762805.9005919733,6754.5684,5991.762499887271,762.8059001127292,11.293184922262823,2.7458001515250526e-08,5.803054095238996e-08,762.8059000272406,0,0,0,0,0,,,,,,G2=1;G3=1;G4=1;G5=1;G9=1;G10=1
916,optimal,1011492.5199887936,248686.61939682037,762805.9005919733,6754.5684,5991.762499887271,762.8059001127292,11.293184922262823,2.7458001515250526e-08,5.803054095238996e-08,762.8059000272406,0,0,0,0,0,,,,,,G2=1;G3=1;G4=1;G5=1;G9=1;G10=1
917,optimal,1011492.5199887936,248686.61939682037,762805.9005919733,6754.5684,5991.762499887271,762.8059001127292,11.293184922262823,2.7458001515250526e-08,5.803054095238996e-08,762.8059000272406,0,0,0,0,0,,,,,,G2=1;G3=1;G4=1;G5=1;G9=1;G10=1
918,optimal,1011492.5199887936,248686.61939682037,762805.9005919733,6754.5684,5991.762499887271,762.8059001127292,11.293184922262823,2.7458001515250526e-08,5.803054095238996e-08,762.8059000272406,0,0,0,0,0,,,,,,G2=1;G3=1;G4=1;G5=1;G9=1;G10=1
919,optimal,1011492.5199887936,248686.61939682037,762805.9005919733,6754.5684,5991.762499887271,762.8059001127292,11.293184922262823,2.7458001515250526e-08,5.803054095238996e-08,762.8059000272406,0,0,0,0,0,,,,,,G2=1;G3=1;G4=1;G5=1;G9=1;G10=1
920,optimal,1011492.5199887936,248686.61939682037,762805.9005919733,6754.5684,5991.762499887271,762.8059001127292,11.293184922262823,2.7458001515250526e-08,5.803054095238996e-08,762.8059000272406,0,0,0,0,0,,,,,,G2=1;G3=1;G4=1;G5=1;G9=1;G10=1
921,optimal,1011492.5199560132,248686.6193971213,762805.9005588919,6754.5684,5991.7624998938645,762.8059001061357,11.293184922165207,2.592100411685079e-08,5.486681039887349e-08,762.805900025348,0,1,0,1,0,,L36,,,L36,G2=1;G3=1;G4=1;G5=1;G9=1;G10=1
922,optimal,3523421.7602689154,184575.86002501848,3338845.900243897,6754.5684,4334.26249996286,2420.3059000371404,35.832132516966446,61.23600001170572,91.85400002535113,2267.215900000084,1,0,1,3,2,G3,,T29,29,L44;L45;L46,G2=1;G3=0;G4=1;G5=1;G9=0;G10=1
923,optimal,1011492.5199887936,248686.61939682037,762805.9005919733,6754.5684,5991.762499887271,762.8059001127292,11.293184922262823,2.7458001515250526e-08,5.803054095238996e-08,762.8059000272406,0,0,0,0,0,,,,,,G2=1;G3=1;G4=1;G5=1;G9=1;G10=1
924,optimal,1011492.5199887936,248686.61939682037,762805.9005919733,6754.5684,5991.762499887271,762.8059001127292,11.293184922262823,2.7458001515250526e-08,5.803054095238996e-08,762.8059000272406,0,0,0,0,0,,,,,,G2=1;G3=1;G4=1;G5=1;G9=1;G10=1
925,optimal,1762008.5196608987,219202.6194002331,1542805.9002606657,6754.5684,5211.7624999602185,1542.8059000397816,22.840924966275885,1.2386286324785578e-08,2.7351815042006216e-08,1542.8059000000437,1,0,0,0,1,G2,,,,,G2=0;G3=1;G4=1;G5=1;G9=1;G10=1
926,optimal,1011492.5199887936,248686.61939682037,762805.9005919733,6754.5684,5991.762499887271,762.8059001127292,11.293184922262823,2.7458001515250526e-08,5.803054095238996e-08,762.8059000272406,1,0,0,0,0,G8,,,,,G2=1;G3=1;G4=1;G5=1;G9=1;G10=1
927,optimal,1421105.0200076625,248686.61939763324,1172418.4006100292,6754.5684,5582.149999912271,1172.4184000877294,17.357413984996132,2.9548047475535493e-08,6.409181553006159e-08,1172.4183999940894,1,0,0,0,0,G7,,,,,G2=1;G3=1;G4=1;G5=1;G9=1;G10=1
928,optimal,1011492.5199887936,248686.61939682037,762805.9005919733,6754.5684,5991.762499887271,762.8059001127292,11.293184922262823,2.7458001515250526e-08,5.803054095238996e-08,762.8059000272406,1,0,0,0,0,G6,,,,,G2=1;G3=1;G4=1;G5=1;G9=1;G10=1
929,optimal,1011492.5199887936,248686.61939682037,762805.9005919733,6754.5684,5991.762499887271,762.8059001127292,11.293184922262823,2.7458001515250526e-08,5.803054095238996e-08,762.8059000272406,0,0,0,0,0,,,,,,G2=1;G3=1;G4=1;G5=1;G9=1;G10=1
930,optimal,1011492.5199887936,248686.61939682037,762805.9005919733,6754.5684,5991.762499887271,762.8059001127292,11.293184922262823,2.7458001515250526e-08,5.803054095238996e-08,762.8059000272406,0,0,0,0,0,,,,,,G2=1;G3=1;G4=1;G5=1;G9=1;G10=1
931,optimal,1011492.5199887936,248686.61939682037,762805.9005919733,6754.5684,5991.762499887271,762.8059001127292,11.293184922262823,2.7458001515250526e-08,5.803054095238996e-08,762.8059000272406,0,0,0,0,0,,,,,,G2=1;G3=1;G4=1;G5=1;G9=1;G10=1
932,optimal,1011492.5199887936,248686.61939682037,762805.9005919733,6754.5684,5991.762499887271,762.8059001127292,11.293184922262823,2.7458001515250526e-08,5.803054095238996e-08,762.8059000272406,0,0,0,0,0,,,,,,G2=1;G3=1;G4=1;G5=1;G9=1;G10=1
933,optimal,1011492.5199887936,248686.61939682037,762805.9005919733,6754.5684,5991.762499887271,762.8059001127292,11.293184922262823,2.7458001515250526e-08,5.803054095238996e-08,762.8059000272406,0,0,0,0,0,,,,,,G2=1;G3=1;G4=1;G5=1;G9=1;G10=1
934,optimal,1011492.5199887936,248686.61939682037,762805.9005919733,6754.5684,5991.762499887271,762.8059001127292,11.293184922262823,2.7458001515250526e-08,5.803054095238996e-08,762.8059000272406,0,0,0,0,0,,,,,,G2=1;G3=1;G4=1;G5=1;G9=1;G10=1
935,optimal,1011492.5199887936,248686.61939682037,762805.9005919733,6754.5684,5991.762499887271,762.8059001127292,11.293184922262823,2.7458001515250526e-08,5.803054095238996e-08,762.8059000272406,0,0,0,0,0,,,,,,G2=1;G3=1;G4=1;G5=1;G9=1;G10=1
936,optimal,1760144.3196719813,217338.41940008034,1542805.900271901,6754.5684,5211.762499954262,1542.8059000457379,22.840924966364064,1.2671097422401753e-08,2.803087046639168e-08,1542.8059000050362,1,0,0,0,1,G3,,,,,G2=1;G3=0;G4=1;G5=1;G9=1;G10=1
937,optimal,1011492.5199887936,248686.61939682037,762805.9005919733,6754.5684,5991.762499887271,762.8059001127292,11.293184922262823,2.7458001515250526e-08,5.803054095238996e-08,762.8059000272406,0,0,0,0,0,,,,,,G2=1;G3=1;G4=1;G5=1;G9=1;G10=1
938,optimal,1760144.3196719813,217338.41940008034,1542805.900271901,6754.5684,5211.762499954262,1542.8059000457379,22.840924966364064,1.2671097422401753e-08,2.803087046639168e-08,1542.8059000050362,1,0,0,0,1,G3,,,,,G2=1;G3=0;G4=1;G5=1;G9=1;G10=1
939,optimal,1011492.5199887936,248686.61939682037,762805.9005919733,6754.5684,5991.762499887271,762.8059001127292,11.293184922262823,2.7458001515250526e-08,5.803054095238996e-08,762.8059000272406,0,0,0,0,0,,,,,,G2=1;G3=1;G4=1;G5=1;G9=1;G10=1
940,optimal,1011492.5199596621,248686.61939706677,762805.9005625953,6754.5684,5991.762499892879,762.8059001071216,11.293184922179805,2.6047157875880066e-08,5.526238165382436e-08,762.805900025812,0,1,0,1,0,,L21,,,L21,G2=1;G3=1;G4=1;G5=1;G9=1;G10=1
941,optimal,1011492.5199887936,248686.61939682037,762805.9005919733,6754.5684,5991.762499887271,762.8059001127292,11.293184922262823,2.7458001515250526e-08,5.803054095238996e-08,762.8059000272406,0,0,0,0,0,,,,,,G2=1;G3=1;G4=1;G5=1;G9=1;G10=1
942,optimal,1011492.5199887936,248686.61939682037,762805.9005919733,6754.5684,5991.762499887271,762.8059001127292,11.293184922262823,2.7458001515250526e-08,5.803054095238996e-08,762.8059000272406,0,0,0,0,0,,,,,,G2=1;G3=1;G4=1;G5=1;G9=1;G10=1
943,optimal,1011492.5199887936,248686.61939682037,762805.9005919733,6754.5684,5991.762499887271,762.8059001127292,11.293184922262823,2.7458001515250526e-08,5.803054095238996e-08,762.8059000272406,0,0,0,0,0,,,,,,G2=1;G3=1;G4=1;G5=1;G9=1;G10=1
944,optimal,1011492.5199887936,248686.61939682037,762805.9005919733,6754.5684,5991.762499887271,762.8059001127292,11.293184922262823,2.7458001515250526e-08,5.803054095238996e-08,762.8059000272406,0,0,0,0,0,,,,,,G2=1;G3=1;G4=1;G5=1;G9=1;G10=1
945,optimal,2462641.3559925864,170435.45587431308,2292205.900118273,6754.5684,4462.362499980783,2292.2059000192176,33.93563828621852,5.581460459547979e-09,1.2205435898793105e-08,2292.2059000014306,1,1,0,1,2,G9,L33,,,L33,G2=1;G3=1;G4=0;G5=1;G9=0;G10=1
946,optimal,1011492.5199887936,248686.61939682037,762805.9005919733,6754.5684,5991.762499887271,762.8059001127292,11.293184922262823,2.7458001515250526e-08,5.803054095238996e-08,762.8059000272406,0,0,0,0,0,,,,,,G2=1;G3=1;G4=1;G5=1;G9=1;G10=1
947,optimal,1856229.960677115,215924.0600212886,1640305.9006558263,6754.5684,5114.262499885711,1640.3059001142892,24.284392473015583,3.0134841637619665e-08,6.758088313967037e-08,1640.3059000165733,0,1,0,1,1,,L46,,,L46,G2=1;G3=1;G4=1;G5=1;G9=0;G10=1
948,optimal,1011492.5199887936,248686.61939682037,762805.9005919733,6754.5684,5991.762499887271,762.8059001127292,11.293184922262823,2.7458001515250526e-08,5.803054095238996e-08,762.8059000272406,0,0,0,0,0,,,,,,G2=1;G3=1;G4=1;G5=1;G9=1;G10=1
949,optimal,1011492.5199887936,248686.61939682037,762805.9005919733,6754.5684,5991.762499887271,762.8059001127292,11.293184922262823,2.7458001515250526e-08,5.803054095238996e-08,762.8059000272406,0,0,0,0,0,,,,,,G2=1;G3=1;G4=1;G5=1;G9=1;G10=1
950,optimal,1011492.5199887936,248686.61939682037,762805.9005919733,6754.5684,5991.762499887271,762.8059001127292,11.293184922262823,2.7458001515250526e-08,5.803054095238996e-08,762.8059000272406,0,0,0,0,0,,,,,,G2=1;G3=1;G4=1;G5=1;G9=1;G10=1
951,optimal,1011492.5199887936,248686.61939682037,762805.9005919733,6754.5684,5991.762499887271,762.8059001127292,11.293184922262823,2.7458001515250526e-08,5.803054095238996e-08,762.8059000272406,0,0,0,0,0,,,,,,G2=1;G3=1;G4=1;G5=1;G9=1;G10=1
952,optimal,1856229.960667825,215924.06002137897,1640305.900646446,6754.5684,5114.2624998873,1640.3059001127006,24.284392472992064,2.971388210049674e-08,6.65801420753459e-08,1640.3059000164064,1,0,0,0,1,G9,,,,,G2=1;G3=1;G4=1;G5=1;G9=0;G10=1
953,optimal,1651070.9307264644,222365.03024655534,1428705.900479909,6754.5684,5325.86249991447,1428.7059000855293,21.151697865485072,2.2397464574565604e-08,4.820062919553181e-08,1428.705900014931,1,0,0,0,1,G5,,,,,G2=1;G3=1;G4=1;G5=0;G9=1;G10=1
954,optimal,1421105.0200076625,248686.61939763324,1172418.4006100292,6754.5684,5582.149999912271,1172.4184000877294,17.357413984996132,2.9548047475535493e-08,6.409181553006159e-08,1172.4183999940894,2,0,0,0,0,G6;G7,,,,,G2=1;G3=1;G4=1;G5=1;G9=1;G10=1
955,optimal,1011492.5199887936,248686.61939682037,762805.9005919733,6754.5684,5991.762499887271,762.8059001127292,11.293184922262823,2.7458001515250526e-08,5.803054095238996e-08,762.8059000272406,0,0,0,0,0,,,,,,G2=1;G3=1;G4=1;G5=1;G9=1;G10=1
956,optimal,1011492.5199887936,248686.61939682037,762805.9005919733,6754.5684,5991.762499887271,762.8059001127292,11.293184922262823,2.7458001515250526e-08,5.803054095238996e-08,762.8059000272406,0,0,0,0,0,,,,,,G2=1;G3=1;G4=1;G5=1;G9=1;G10=1
957,optimal,1011492.5199887936,248686.61939682037,762805.9005919733,6754.5684,5991.762499887271,762.8059001127292,11.293184922262823,2.7458001515250526e-08,5.803054095238996e-08,762.8059000272406,0,0,0,0,0,,,,,,G2=1;G3=1;G4=1;G5=1;G9=1;G10=1
958,optimal,1011492.5199887936,248686.61939682037,762805.9005919733,6754.5684,5991.762499887271,762.8059001127292,11.293184922262823,2.7458001515250526e-08,5.803054095238996e-08,762.8059000272406,0,0,0,0,0,,,,,,G2=1;G3=1;G4=1;G5=1;G9=1;G10=1
959,optimal,1011492.5199887936,248686.61939682037,762805.9005919733,6754.5684,5991.762499887271,762.8059001127292,11.293184922262823,2.7458001515250526e-08,5.803054095238996e-08,762.8059000272406,0,0,0,0,0,,,,,,G2=1;G3=1;G4=1;G5=1;G9=1;G10=1
960,optimal,1011492.5199887936,248686.61939682037,762805.9005919733,6754.5684,5991.762499887271,762.8059001127292,11.293184922262823,2.7458001515250526e-08,5.803054095238996e-08,762.8059000272406,0,0,0,0,0,,,,,,G2=1;G3=1;G4=1;G5=1;G9=1;G10=1
961,optimal,1011492.5199887936,248686.61939682037,762805.9005919733,6754.5684,5991.762499887271,762.8059001127292,11.293184922262823,2.7458001515250526e-08,5.803054095238996e-08,762.8059000272406,0,0,0,0,0,,,,,,G2=1;G3=1;G4=1;G5=1;G9=1;G10=1
962,optimal,1762008.5196608987,219202.6194002331,1542805.9002606657,6754.5684,5211.7624999602185,1542.8059000397816,22.840924966275885,1.2386286324785578e-08,2.7351815042006216e-08,1542.8059000000437,1,0,0,0,1,G2,,,,,G2=0;G3=1;G4=1;G5=1;G9=1;G10=1
963,optimal,1651070.9307407914,222365.03024648648,1428705.900494305,6754.5684,5325.862499914307,1428.7059000856932,21.151697865487503,2.332364073304232e-08,4.9674639480525127e-08,1428.705900012695,0,1,0,1,1,,L27,,,L27,G2=1;G3=1;G4=1;G5=0;G9=1;G10=1
964,optimal,1011492.520093987,248686.61939579342,762805.9006981936,6754.5684,5991.7624998663905,762.8059001336096,11.293184922571953,3.231045854290682e-08,6.844747111461954e-08,762.8059000328517,0,1,0,1,0,,L17,,,L17,G2=1;G3=1;G4=1;G5=1;G9=1;G10=1
965,optimal,1011492.5199887936,248686.61939682037,762805.9005919733,6754.5684,5991.762499887271,762.8059001127292,11.293184922262823,2.7458001515250526e-08,5.803054095238996e-08,762.8059000272406,0,0,0,0,0,,,,,,G2=1;G3=1;G4=1;G5=1;G9=1;G10=1
966,optimal,1617903.9156180217,203198.01524760606,1414705.9003704158,6754.5684,5339.862499933909,1414.7059000660913,20.944430736182806,1.7099460517201584e-08,3.7607266965054984e-08,1414.7059000113845,1,0,0,0,1,G4,,,,,G2=1;G3=1;G4=0;G5=1;G9=1;G10=1
967,optimal,1011492.5199887936,248686.61939682037,762805.9005919733,6754.5684,5991.762499887271,762.8059001127292,11.293184922262823,2.7458001515250526e-08,5.803054095238996e-08,762.8059000272406,0,0,0,0,0,,,,,,G2=1;G3=1;G4=1;G5=1;G9=1;G10=1
968,optimal,1760144.3196719813,217338.41940008034,1542805.900271901,6754.5684,5211.762499954262,1542.8059000457379,22.840924966364064,1.2671097422401753e-08,2.803087046639168e-08,1542.8059000050362,1,0,0,0,1,G3,,,,,G2=1;G3=0;G4=1;G5=1;G9=1;G10=1
969,optimal,1011492.5199887936,248686.61939682037,762805.9005919733,6754.5684,5991.762499887271,762.8059001127292,11.293184922262823,2.7458001515250526e-08,5.803054095238996e-08,762.8059000272406,0,0,0,0,0,,,,,,G2=1;G3=1;G4=1;G5=1;G9=1;G10=1
970,optimal,1651070.9307407914,222365.03024648648,1428705.900494305,6754.5684,5325.862499914307,1428.7059000856932,21.151697865487503,2.332364073304232e-08,4.9674639480525127e-08,1428.705900012695,1,1,0,1,1,G5,L27,,,L27,G2=1;G3=1;G4=1;G5=0;G9=1;G10=1
971,optimal,1011492.5199887936,248686.61939682037,762805.9005919733,6754.5684,5991.762499887271,762.8059001127292,11.293184922262823,2.7458001515250526e-08,5.803054095238996e-08,762.8059000272406,0,0,0,0,0,,,,,,G2=1;G3=1;G4=1;G5=1;G9=1;G10=1
972,optimal,1011492.5199887936,248686.61939682037,762805.9005919733,6754.5684,5991.762499887271,762.8059001127292,11.293184922262823,2.7458001515250526e-08,5.803054095238996e-08,762.8059000272406,0,0,0,0,0,,,,,,G2=1;G3=1;G4=1;G5=1;G9=1;G10=1
973,optimal,1011492.5199887936,248686.61939682037,762805.9005919733,6754.5684,5991.762499887271,762.8059001127292,11.293184922262823,2.7458001515250526e-08,5.803054095238996e-08,762.8059000272406,1,0,0,0,0,G6,,,,,G2=1;G3=1;G4=1;G5=1;G9=1;G10=1
974,optimal,1011492.5199887936,248686.61939682037,762805.9005919733,6754.5684,5991.762499887271,762.8059001127292,11.293184922262823,2.7458001515250526e-08,5.803054095238996e-08,762.8059000272406,0,0,0,0,0,,,,,,G2=1;G3=1;G4=1;G5=1;G9=1;G10=1
975,optimal,1011492.5199887936,248686.61939682037,762805.9005919733,6754.5684,5991.762499887271,762.8059001127292,11.293184922262823,2.7458001515250526e-08,5.803054095238996e-08,762.8059000272406,0,0,0,0,0,,,,,,G2=1;G3=1;G4=1;G5=1;G9=1;G10=1
976,optimal,1011492.5199887936,248686.61939682037,762805.9005919733,6754.5684,5991.762499887271,762.8059001127292,11.293184922262823,2.7458001515250526e-08,5.803054095238996e-08,762.8059000272406,0,0,0,0,0,,,,,,G2=1;G3=1;G4=1;G5=1;G9=1;G10=1
977,optimal,1011492.5199887936,248686.61939682037,762805.9005919733,6754.5684,5991.762499887271,762.8059001127292,11.293184922262823,2.7458001515250526e-08,5.803054095238996e-08,762.8059000272406,0,0,0,0,0,,,,,,G2=1;G3=1;G4=1;G5=1;G9=1;G10=1
978,optimal,1791816.5196434394,219202.6194002631,1572613.9002431764,6754.5684,5211.762499961638,1542.8059000383619,22.840924966254867,1.9872000115109618,2.980800025303917,1537.837900001547,0,1,0,1,1,,L14,,,L14,G2=0;G3=1;G4=1;G5=1;G9=1;G10=1
979,optimal,1011492.5199887936,248686.61939682037,762805.9005919733,6754.5684,5991.762499887271,762.8059001127292,11.293184922262823,2.7458001515250526e-08,5.803054095238996e-08,762.8059000272406,0,0,0,0,0,,,,,,G2=1;G3=1;G4=1;G5=1;G9=1;G10=1
980,optimal,1011492.5199887936,248686.61939682037,762805.9005919733,6754.5684,5991.762499887271,762.8059001127292,11.293184922262823,2.7458001515250526e-08,5.803054095238996e-08,762.8059000272406,0,0,0,0,0,,,,,,G2=1;G3=1;G4=1;G5=1;G9=1;G10=1
981,optimal,1011492.5199887936,248686.61939682037,762805.9005919733,6754.5684,5991.762499887271,762.8059001127292,11.293184922262823,2.7458001515250526e-08,5.803054095238996e-08,762.8059000272406,0,0,0,0,0,,,,,,G2=1;G3=1;G4=1;G5=1;G9=1;G10=1
982,optimal,1011492.5199887936,248686.61939682037,762805.9005919733,6754.5684,5991.762499887271,762.8059001127292,11.293184922262823,2.7458001515250526e-08,5.803054095238996e-08,762.8059000272406,0,0,0,0,0,,,,,,G2=1;G3=1;G4=1;G5=1;G9=1;G10=1
983,optimal,1011492.5199887936,248686.61939682037,762805.9005919733,6754.5684,5991.762499887271,762.8059001127292,11.293184922262823,2.7458001515250526e-08,5.803054095238996e-08,762.8059000272406,0,0,0,0,0,,,,,,G2=1;G3=1;G4=1;G5=1;G9=1;G10=1
984,optimal,1421105.0200076625,248686.61939763324,1172418.4006100292,6754.5684,5582.149999912271,1172.4184000877294,17.357413984996132,2.9548047475535493e-08,6.409181553006159e-08,1172.4183999940894,1,0,0,0,0,G7,,,,,G2=1;G3=1;G4=1;G5=1;G9=1;G10=1
985,optimal,1011492.5199887936,248686.61939682037,762805.9005919733,6754.5684,5991.762499887271,762.8059001127292,11.293184922262823,2.7458001515250526e-08,5.803054095238996e-08,762.8059000272406,0,0,0,0,0,,,,,,G2=1;G3=1;G4=1;G5=1;G9=1;G10=1
986,optimal,1011492.5195047398,248686.61940033908,762805.9001044007,6754.5684,5991.76249997844,762.8059000215601,11.293184920913083,4.523258557815731e-09,1.0532772059339278e-08,762.8059000065041,0,1,0,1,0,,L1,,,L1,G2=1;G3=1;G4=1;G5=1;G9=1;G10=1
987,optimal,1011492.5199887936,248686.61939682037,762805.9005919733,6754.5684,5991.762499887271,762.8059001127292,11.293184922262823,2.7458001515250526e-08,5.803054095238996e-08,762.8059000272406,0,0,0,0,0,,,,,,G2=1;G3=1;G4=1;G5=1;G9=1;G10=1
988,optimal,1011492.5199887936,248686.61939682037,762805.9005919733,6754.5684,5991.762499887271,762.8059001127292,11.293184922262823,2.7458001515250526e-08,5.803054095238996e-08,762.8059000272406,0,0,0,0,0,,,,,,G2=1;G3=1;G4=1;G5=1;G9=1;G10=1
989,optimal,1011492.5199887936,248686.61939682037,762805.9005919733,6754.5684,5991.762499887271,762.8059001127292,11.293184922262823,2.7458001515250526e-08,5.803054095238996e-08,762.8059000272406,0,0,0,0,0,,,,,,G2=1;G3=1;G4=1;G5=1;G9=1;G10=1
990,optimal,1011492.5199887936,248686.61939682037,762805.9005919733,6754.5684,5991.762499887271,762.8059001127292,11.293184922262823,2.7458001515250526e-08,5.803054095238996e-08,762.8059000272406,0,0,0,0,0,,,,,,G2=1;G3=1;G4=1;G5=1;G9=1;G10=1
991,optimal,1762008.5196608987,219202.6194002331,1542805.9002606657,6754.5684,5211.7624999602185,1542.8059000397816,22.840924966275885,1.2386286324785578e-08,2.7351815042006216e-08,1542.8059000000437,1,0,0,0,1,G2,,,,,G2=0;G3=1;G4=1;G5=1;G9=1;G10=1
992,optimal,1762008.5196608987,219202.6194002331,1542805.9002606657,6754.5684,5211.7624999602185,1542.8059000397816,22.840924966275885,1.2386286324785578e-08,2.7351815042006216e-08,1542.8059000000437,1,0,0,0,1,G2,,,,,G2=0;G3=1;G4=1;G5=1;G9=1;G10=1
993,optimal,1011492.5199887936,248686.61939682037,762805.9005919733,6754.5684,5991.762499887271,762.8059001127292,11.293184922262823,2.7458001515250526e-08,5.803054095238996e-08,762.8059000272406,0,0,0,0,0,,,,,,G2=1;G3=1;G4=1;G5=1;G9=1;G10=1
994,optimal,1011492.5200144143,248686.61939689223,762805.9006175221,6754.5684,5991.762499886099,762.805900113901,11.29318492228017,2.883668644842287e-08,6.10226867385078e-08,762.8059000240415,0,1,0,1,0,,L3,,,L3,G2=1;G3=1;G4=1;G5=1;G9=1;G10=1
995,optimal,1762008.5196608987,219202.6194002331,1542805.9002606657,6754.5684,5211.7624999602185,1542.8059000397816,22.840924966275885,1.2386286324785578e-08,2.7351815042006216e-08,1542.8059000000437,1,0,0,0,1,G2,,,,,G2=0;G3=1;G4=1;G5=1;G9=1;G10=1
996,optimal,1011492.5199887936,248686.61939682037,762805.9005919733,6754.5684,5991.762499887271,762.8059001127292,11.293184922262823,2.7458001515250526e-08,5.803054095238996e-08,762.8059000272406,0,0,0,0,0,,,,,,G2=1;G3=1;G4=1;G5=1;G9=1;G10=1
997,optimal,1011492.5199887936,248686.61939682037,762805.9005919733,6754.5684,5991.762499887271,762.8059001127292,11.293184922262823,2.7458001515250526e-08,5.803054095238996e-08,762.8059000272406,0,0,0,0,0,,,,,,G2=1;G3=1;G4=1;G5=1;G9=1;G10=1
998,optimal,1011492.5199887936,248686.61939682037,762805.9005919733,6754.5684,5991.762499887271,762.8059001127292,11.293184922262823,2.7458001515250526e-08,5.803054095238996e-08,762.8059000272406,0,0,0,0,0,,,,,,G2=1;G3=1;G4=1;G5=1;G9=1;G10=1
999,optimal,1809272.2391835516,238966.33814384614,1570305.9010397056,6754.5684,5184.262499825423,1570.305900174577,23.24805682883568,4.869627558902072e-08,1.0671562093651315e-07,1570.3059000191647,1,0,0,0,0,G1,,,,,G2=1;G3=1;G4=1;G5=1;G9=1;G10=1
1000,optimal,1617903.9156180217,203198.01524760606,1414705.9003704158,6754.5684,5339.862499933909,1414.7059000660913,20.944430736182806,1.7099460517201584e-08,3.7607266965054984e-08,1414.7059000113845,2,0,0,0,1,G4;G8,,,,,G2=1;G3=1;G4=0;G5=1;G9=1;G10=1
1001,optimal,1011492.5199887936,248686.61939682037,762805.9005919733,6754.5684,5991.762499887271,762.8059001127292,11.293184922262823,2.7458001515250526e-08,5.803054095238996e-08,762.8059000272406,1,0,0,0,0,G6,,,,,G2=1;G3=1;G4=1;G5=1;G9=1;G10=1
1002,optimal,1011492.5199887936,248686.61939682037,762805.9005919733,6754.5684,5991.762499887271,762.8059001127292,11.293184922262823,2.7458001515250526e-08,5.803054095238996e-08,762.8059000272406,0,0,0,0,0,,,,,,G2=1;G3=1;G4=1;G5=1;G9=1;G10=1
1003,optimal,1183124.3194760673,240318.41940060625,942805.900075461,6754.5684,5811.762499986177,942.805900013823,13.9580480081277,3.3780650802142544e-09,7.808887296790137e-09,942.805900002636,0,1,0,1,0,,L18,,,L18,G2=1;G3=1;G4=1;G5=1;G9=1;G10=1
1004,optimal,1011492.5199887936,248686.61939682037,762805.9005919733,6754.5684,5991.762499887271,762.8059001127292,11.293184922262823,2.7458001515250526e-08,5.803054095238996e-08,762.8059000272406,0,0,0,0,0,,,,,,G2=1;G3=1;G4=1;G5=1;G9=1;G10=1
1005,optimal,1011492.5199887936,248686.61939682037,762805.9005919733,6754.5684,5991.762499887271,762.8059001127292,11.293184922262823,2.7458001515250526e-08,5.803054095238996e-08,762.8059000272406,0,0,0,0,0,,,,,,G2=1;G3=1;G4=1;G5=1;G9=1;G10=1
1006,optimal,1011492.5199887936,248686.61939682037,762805.9005919733,6754.5684,5991.762499887271,762.8059001127292,11.293184922262823,2.7458001515250526e-08,5.803054095238996e-08,762.8059000272406,0,0,0,0,0,,,,,,G2=1;G3=1;G4=1;G5=1;G9=1;G10=1
1007,optimal,1011492.5199887936,248686.61939682037,762805.9005919733,6754.5684,5991.762499887271,762.8059001127292,11.293184922262823,2.7458001515250526e-08,5.803054095238996e-08,762.8059000272406,0,0,0,0,0,,,,,,G2=1;G3=1;G4=1;G5=1;G9=1;G10=1
1008,optimal,1011492.5199887936,248686.61939682037,762805.9005919733,6754.5684,5991.762499887271,762.8059001127292,11.293184922262823,2.7458001515250526e-08,5.803054095238996e-08,762.8059000272406,0,0,0,0,0,,,,,,G2=1;G3=1;G4=1;G5=1;G9=1;G10=1
1009,optimal,1011492.5199887936,248686.61939682037,762805.9005919733,6754.5684,5991.762499887271,762.8059001127292,11.293184922262823,2.7458001515250526e-08,5.803054095238996e-08,762.8059000272406,0,0,0,0,0,,,,,,G2=1;G3=1;G4=1;G5=1;G9=1;G10=1
1010,optimal,1011492.5199887936,248686.61939682037,762805.9005919733,6754.5684,5991.762499887271,762.8059001127292,11.293184922262823,2.7458001515250526e-08,5.803054095238996e-08,762.8059000272406,0,0,0,0,0,,,,,,G2=1;G3=1;G4=1;G5=1;G9=1;G10=1
1011,optimal,1011492.5199887936,248686.61939682037,762805.9005919733,6754.5684,5991.762499887271,762.8059001127292,11.293184922262823,2.7458001515250526e-08,5.803054095238996e-08,762.8059000272406,0,0,0,0,0,,,,,,G2=1;G3=1;G4=1;G5=1;G9=1;G10=1
1012,optimal,1011492.5199887936,248686.61939682037,762805.9005919733,6754.5684,5991.762499887271,762.8059001127292,11.293184922262823,2.7458001515250526e-08,5.803054095238996e-08,762.8059000272406,0,0,0,0,0,,,,,,G2=1;G3=1;G4=1;G5=1;G9=1;G10=1
1013,optimal,1011492.5199887936,248686.61939682037,762805.9005919733,6754.5684,5991.762499887271,762.8059001127292,11.293184922262823,2.7458001515250526e-08,5.803054095238996e-08,762.8059000272406,0,0,0,0,0,,,,,,G2=1;G3=1;G4=1;G5=1;G9=1;G10=1
1014,optimal,1011492.5199887936,248686.61939682037,762805.9005919733,6754.5684,5991.762499887271,762.8059001127292,11.293184922262823,2.7458001515250526e-08,5.803054095238996e-08,762.8059000272406,0,0,0,0,0,,,,,,G2=1;G3=1;G4=1;G5=1;G9=1;G10=1
1015,optimal,1011492.5199887936,248686.61939682037,762805.9005919733,6754.5684,5991.762499887271,762.8059001127292,11.293184922262823,2.7458001515250526e-08,5.803054095238996e-08,762.8059000272406,0,0,0,0,0,,,,,,G2=1;G3=1;G4=1;G5=1;G9=1;G10=1
1016,optimal,1523412.5200199813,248686.61939591583,1274725.9006240654,6754.5684,5991.762499872352,762.8059001276475,11.293184922483686,34.12800002821166,51.19200006062822,677.4859000388075,0,0,1,2,0,,,T18,18,L7;L30,G2=1;G3=1;G4=1;G5=1;G9=1;G10=1
1017,optimal,1856229.960667825,215924.06002137897,1640305.900646446,6754.5684,5114.2624998873,1640.3059001127006,24.284392472992064,2.971388210049674e-08,6.65801420753459e-08,1640.3059000164064,1,0,0,0,1,G9,,,,,G2=1;G3=1;G4=1;G5=1;G9=0;G10=1
1018,optimal,1011492.5199887936,248686.61939682037,762805.9005919733,6754.5684,5991.762499887271,762.8059001127292,11.293184922262823,2.7458001515250526e-08,5.803054095238996e-08,762.8059000272406,0,0,0,0,0,,,,,,G2=1;G3=1;G4=1;G5=1;G9=1;G10=1
1019,optimal,1011492.5199887936,248686.61939682037,762805.9005919733,6754.5684,5991.762499887271,762.8059001127292,11.293184922262823,2.7458001515250526e-08,5.803054095238996e-08,762.8059000272406,0,0,0,0,0,,,,,,G2=1;G3=1;G4=1;G5=1;G9=1;G10=1
1020,optimal,1011492.5199887936,248686.61939682037,762805.9005919733,6754.5684,5991.762499887271,762.8059001127292,11.293184922262823,2.7458001515250526e-08,5.803054095238996e-08,762.8059000272406,0,0,0,0,0,,,,,,G2=1;G3=1;G4=1;G5=1;G9=1;G10=1
1021,optimal,1011492.5199887936,248686.61939682037,762805.9005919733,6754.5684,5991.762499887271,762.8059001127292,11.293184922262823,2.7458001515250526e-08,5.803054095238996e-08,762.8059000272406,0,0,0,0,0,,,,,,G2=1;G3=1;G4=1;G5=1;G9=1;G10=1
1022,optimal,1011492.5199887936,248686.61939682037,762805.9005919733,6754.5684,5991.762499887271,762.8059001127292,11.293184922262823,2.7458001515250526e-08,5.803054095238996e-08,762.8059000272406,0,0,0,0,0,,,,,,G2=1;G3=1;G4=1;G5=1;G9=1;G10=1
1023,optimal,1011492.5199887936,248686.61939682037,762805.9005919733,6754.5684,5991.762499887271,762.8059001127292,11.293184922262823,2.7458001515250526e-08,5.803054095238996e-08,762.8059000272406,0,0,0,0,0,,,,,,G2=1;G3=1;G4=1;G5=1;G9=1;G10=1
1024,optimal,1011492.5199887936,248686.61939682037,762805.9005919733,6754.5684,5991.762499887271,762.8059001127292,11.293184922262823,2.7458001515250526e-08,5.803054095238996e-08,762.8059000272406,0,0,0,0,0,,,,,,G2=1;G3=1;G4=1;G5=1;G9=1;G10=1
1025,optimal,1011492.5199887936,248686.61939682037,762805.9005919733,6754.5684,5991.762499887271,762.8059001127292,11.293184922262823,2.7458001515250526e-08,5.803054095238996e-08,762.8059000272406,0,0,0,0,0,,,,,,G2=1;G3=1;G4=1;G5=1;G9=1;G10=1
1026,optimal,1011492.5200381498,248686.61939626903,762805.9006418807,6754.5684,5991.762499875977,762.805900124024,11.29318492243004,2.9662259974083655e-08,6.272405522346802e-08,762.8059000316377,0,1,0,1,0,,L7,,,L7,G2=1;G3=1;G4=1;G5=1;G9=1;G10=1
1027,optimal,1011492.5199887936,248686.61939682037,762805.9005919733,6754.5684,5991.762499887271,762.8059001127292,11.293184922262823,2.7458001515250526e-08,5.803054095238996e-08,762.8059000272406,0,0,0,0,0,,,,,,G2=1;G3=1;G4=1;G5=1;G9=1;G10=1
1028,optimal,1011492.5199887936,248686.61939682037,762805.9005919733,6754.5684,5991.762499887271,762.8059001127292,11.293184922262823,2.7458001515250526e-08,5.803054095238996e-08,762.8059000272406,0,0,0,0,0,,,,,,G2=1;G3=1;G4=1;G5=1;G9=1;G10=1
1029,optimal,1011492.5199887936,248686.61939682037,762805.9005919733,6754.5684,5991.762499887271,762.8059001127292,11.293184922262823,2.7458001515250526e-08,5.803054095238996e-08,762.8059000272406,0,0,0,0,0,,,,,,G2=1;G3=1;G4=1;G5=1;G9=1;G10=1
1030,optimal,1011492.5199887936,248686.61939682037,762805.9005919733,6754.5684,5991.762499887271,762.8059001127292,11.293184922262823,2.7458001515250526e-08,5.803054095238996e-08,762.8059000272406,0,0,0,0,0,,,,,,G2=1;G3=1;G4=1;G5=1;G9=1;G10=1
1031,optimal,1760144.3196719813,217338.41940008034,1542805.900271901,6754.5684,5211.762499954262,1542.8059000457379,22.840924966364064,1.2671097422401753e-08,2.803087046639168e-08,1542.8059000050362,1,0,0,0,1,G3,,,,,G2=1;G3=0;G4=1;G5=1;G9=1;G10=1
1032,optimal,1011492.5199887936,248686.61939682037,762805.9005919733,6754.5684,5991.762499887271,762.8059001127292,11.293184922262823,2.7458001515250526e-08,5.803054095238996e-08,762.8059000272406,0,0,0,0,0,,,,,,G2=1;G3=1;G4=1;G5=1;G9=1;G10=1
1033,optimal,1011492.5199887936,248686.61939682037,762805.9005919733,6754.5684,5991.762499887271,762.8059001127292,11.293184922262823,2.7458001515250526e-08,5.803054095238996e-08,762.8059000272406,0,0,0,0,0,,,,,,G2=1;G3=1;G4=1;G5=1;G9=1;G10=1
1034,optimal,1011492.5199887936,248686.61939682037,762805.9005919733,6754.5684,5991.762499887271,762.8059001127292,11.293184922262823,2.7458001515250526e-08,5.803054095238996e-08,762.8059000272406,0,0,0,0,0,,,,,,G2=1;G3=1;G4=1;G5=1;G9=1;G10=1
1035,optimal,1011492.5199887936,248686.61939682037,762805.9005919733,6754.5684,5991.762499887271,762.8059001127292,11.293184922262823,2.7458001515250526e-08,5.803054095238996e-08,762.8059000272406,0,0,0,0,0,,,,,,G2=1;G3=1;G4=1;G5=1;G9=1;G10=1
1036,optimal,1762008.5196608987,219202.6194002331,1542805.9002606657,6754.5684,5211.7624999602185,1542.8059000397816,22.840924966275885,1.2386286324785578e-08,2.7351815042006216e-08,1542.8059000000437,1,0,0,0,1,G2,,,,,G2=0;G3=1;G4=1;G5=1;G9=1;G10=1
1037,optimal,1011492.5199887936,248686.61939682037,762805.9005919733,6754.5684,5991.762499887271,762.8059001127292,11.293184922262823,2.7458001515250526e-08,5.803054095238996e-08,762.8059000272406,0,0,0,0,0,,,,,,G2=1;G3=1;G4=1;G5=1;G9=1;G10=1
1038,optimal,1011492.5199887936,248686.61939682037,762805.9005919733,6754.5684,5991.762499887271,762.8059001127292,11.293184922262823,2.7458001515250526e-08,5.803054095238996e-08,762.8059000272406,0,0,0,0,0,,,,,,G2=1;G3=1;G4=1;G5=1;G9=1;G10=1
1039,optimal,1942005.9141787183,176450.01352167473,1765555.9006570436,6754.5684,4989.012499876619,1765.555900123381,26.138693038083392,2.9752059733918543e-08,6.64735338223288e-08,1765.5559000271553,1,0,0,0,1,G10,,,,,G2=1;G3=1;G4=1;G5=1;G9=1;G10=0
1040,optimal,1942005.9141787183,176450.01352167473,1765555.9006570436,6754.5684,4989.012499876619,1765.555900123381,26.138693038083392,2.9752059733918543e-08,6.64735338223288e-08,1765.5559000271553,1,0,0,0,1,G10,,,,,G2=1;G3=1;G4=1;G5=1;G9=1;G10=0
1041,optimal,1011492.5199887936,248686.61939682037,762805.9005919733,6754.5684,5991.762499887271,762.8059001127292,11.293184922262823,2.7458001515250526e-08,5.803054095238996e-08,762.8059000272406,0,0,0,0,0,,,,,,G2=1;G3=1;G4=1;G5=1;G9=1;G10=1
1042,optimal,1011492.5199887936,248686.61939682037,762805.9005919733,6754.5684,5991.762499887271,762.8059001127292,11.293184922262823,2.7458001515250526e-08,5.803054095238996e-08,762.8059000272406,0,0,0,0,0,,,,,,G2=1;G3=1;G4=1;G5=1;G9=1;G10=1
1043,optimal,1011492.5199887936,248686.61939682037,762805.9005919733,6754.5684,5991.762499887271,762.8059001127292,11.293184922262823,2.7458001515250526e-08,5.803054095238996e-08,762.8059000272406,0,0,0,0,0,,,,,,G2=1;G3=1;G4=1;G5=1;G9=1;G10=1
1044,optimal,1011492.5199887936,248686.61939682037,762805.9005919733,6754.5684,5991.762499887271,762.8059001127292,11.293184922262823,2.7458001515250526e-08,5.803054095238996e-08,762.8059000272406,0,0,0,0,0,,,,,,G2=1;G3=1;G4=1;G5=1;G9=1;G10=1
1045,optimal,1011492.5199887936,248686.61939682037,762805.9005919733,6754.5684,5991.762499887271,762.8059001127292,11.293184922262823,2.7458001515250526e-08,5.803054095238996e-08,762.8059000272406,0,0,0,0,0,,,,,,G2=1;G3=1;G4=1;G5=1;G9=1;G10=1
1046,optimal,1011492.5199887936,248686.61939682037,762805.9005919733,6754.5684,5991.762499887271,762.8059001127292,11.293184922262823,2.7458001515250526e-08,5.803054095238996e-08,762.8059000272406,0,0,0,0,0,,,,,,G2=1;G3=1;G4=1;G5=1;G9=1;G10=1
1047,optimal,1011492.5199887936,248686.61939682037,762805.9005919733,6754.5684,5991.762499887271,762.8059001127292,11.293184922262823,2.7458001515250526e-08,5.803054095238996e-08,762.8059000272406,0,0,0,0,0,,,,,,G2=1;G3=1;G4=1;G5=1;G9=1;G10=1
1048,optimal,1762008.5196608987,219202.6194002331,1542805.9002606657,6754.5684,5211.7624999602185,1542.8059000397816,22.840924966275885,1.2386286324785578e-08,2.7351815042006216e-08,1542.8059000000437,1,0,0,0,1,G2,,,,,G2=0;G3=1;G4=1;G5=1;G9=1;G10=1
1049,optimal,1011492.5199887936,248686.61939682037,762805.9005919733,6754.5684,5991.762499887271,762.8059001127292,11.293184922262823,2.7458001515250526e-08,5.803054095238996e-08,762.8059000272406,0,0,0,0,0,,,,,,G2=1;G3=1;G4=1;G5=1;G9=1;G10=1
1050,optimal,1011492.5199887936,248686.61939682037,762805.9005919733,6754.5684,5991.762499887271,762.8059001127292,11.293184922262823,2.7458001515250526e-08,5.803054095238996e-08,762.8059000272406,0,0,0,0,0,,,,,,G2=1;G3=1;G4=1;G5=1;G9=1;G10=1
1051,optimal,1011492.5199887936,248686.61939682037,762805.9005919733,6754.5684,5991.762499887271,762.8059001127292,11.293184922262823,2.7458001515250526e-08,5.803054095238996e-08,762.8059000272406,0,0,0,0,0,,,,,,G2=1;G3=1;G4=1;G5=1;G9=1;G10=1
1052,optimal,1011492.5199887936,248686.61939682037,762805.9005919733,6754.5684,5991.762499887271,762.8059001127292,11.293184922262823,2.7458001515250526e-08,5.803054095238996e-08,762.8059000272406,0,0,0,0,0,,,,,,G2=1;G3=1;G4=1;G5=1;G9=1;G10=1
1053,optimal,1011492.5199887936,248686.61939682037,762805.9005919733,6754.5684,5991.762499887271,762.8059001127292,11.293184922262823,2.7458001515250526e-08,5.803054095238996e-08,762.8059000272406,0,0,0,0,0,,,,,,G2=1;G3=1;G4=1;G5=1;G9=1;G10=1
1054,optimal,1011492.5199887936,248686.61939682037,762805.9005919733,6754.5684,5991.762499887271,762.8059001127292,11.293184922262823,2.7458001515250526e-08,5.803054095238996e-08,762.8059000272406,0,0,0,0,0,,,,,,G2=1;G3=1;G4=1;G5=1;G9=1;G10=1
1055,optimal,1011492.5199887936,248686.61939682037,762805.9005919733,6754.5684,5991.762499887271,762.8059001127292,11.293184922262823,2.7458001515250526e-08,5.803054095238996e-08,762.8059000272406,1,0,0,0,0,G6,,,,,G2=1;G3=1;G4=1;G5=1;G9=1;G10=1
1056,optimal,1011492.5199887936,248686.61939682037,762805.9005919733,6754.5684,5991.762499887271,762.8059001127292,11.293184922262823,2.7458001515250526e-08,5.803054095238996e-08,762.8059000272406,0,0,0,0,0,,,,,,G2=1;G3=1;G4=1;G5=1;G9=1;G10=1
1057,optimal,1011492.5199887936,248686.61939682037,762805.9005919733,6754.5684,5991.762499887271,762.8059001127292,11.293184922262823,2.7458001515250526e-08,5.803054095238996e-08,762.8059000272406,0,0,0,0,0,,,,,,G2=1;G3=1;G4=1;G5=1;G9=1;G10=1
1058,optimal,1809272.2391835516,238966.33814384614,1570305.9010397056,6754.5684,5184.262499825423,1570.305900174577,23.24805682883568,4.869627558902072e-08,1.0671562093651315e-07,1570.3059000191647,1,0,0,0,0,G1,,,,,G2=1;G3=1;G4=1;G5=1;G9=1;G10=1
1059,optimal,1011492.5199887936,248686.61939682037,762805.9005919733,6754.5684,5991.762499887271,762.8059001127292,11.293184922262823,2.7458001515250526e-08,5.803054095238996e-08,762.8059000272406,0,0,0,0,0,,,,,,G2=1;G3=1;G4=1;G5=1;G9=1;G10=1
1060,optimal,1011492.5199887936,248686.61939682037,762805.9005919733,6754.5684,5991.762499887271,762.8059001127292,11.293184922262823,2.7458001515250526e-08,5.803054095238996e-08,762.8059000272406,0,0,0,0,0,,,,,,G2=1;G3=1;G4=1;G5=1;G9=1;G10=1
1061,optimal,1011492.5199887936,248686.61939682037,762805.9005919733,6754.5684,5991.762499887271,762.8059001127292,11.293184922262823,2.7458001515250526e-08,5.803054095238996e-08,762.8059000272406,0,0,0,0,0,,,,,,G2=1;G3=1;G4=1;G5=1;G9=1;G10=1
1062,optimal,1011492.5199887936,248686.61939682037,762805.9005919733,6754.5684,5991.762499887271,762.8059001127292,11.293184922262823,2.7458001515250526e-08,5.803054095238996e-08,762.8059000272406,0,0,0,0,0,,,,,,G2=1;G3=1;G4=1;G5=1;G9=1;G10=1
1063,optimal,1011492.5199887936,248686.61939682037,762805.9005919733,6754.5684,5991.762499887271,762.8059001127292,11.293184922262823,2.7458001515250526e-08,5.803054095238996e-08,762.8059000272406,0,0,0,0,0,,,,,,G2=1;G3=1;G4=1;G5=1;G9=1;G10=1
1064,optimal,1651070.9307264644,222365.03024655534,1428705.900479909,6754.5684,5325.86249991447,1428.7059000855293,21.151697865485072,2.2397464574565604e-08,4.820062919553181e-08,1428.705900014931,1,0,0,0,1,G5,,,,,G2=1;G3=1;G4=1;G5=0;G9=1;G10=1
1065,optimal,1942005.914189205,176450.01352155936,1765555.9006676457,6754.5684,4989.0124998744,1765.5559001256,26.138693038116244,3.0220892121861116e-08,6.751444261617116e-08,1765.5559000278645,1,1,0,1,1,G10,L41,,,L41,G2=1;G3=1;G4=1;G5=1;G9=1;G10=0
1066,optimal,1011492.5198578504,248686.61939773144,762805.900460119,6754.5684,5991.762499908011,762.8059000919891,11.293184921955769,2.0762048508068897e-08,4.531783302383731e-08,762.8059000259093,0,1,0,1,0,,L12,,,L12,G2=1;G3=1;G4=1;G5=1;G9=1;G10=1
1067,optimal,1011492.5199887936,248686.61939682037,762805.9005919733,6754.5684,5991.762499887271,762.8059001127292,11.293184922262823,2.7458001515250526e-08,5.803054095238996e-08,762.8059000272406,0,0,0,0,0,,,,,,G2=1;G3=1;G4=1;G5=1;G9=1;G10=1
1068,optimal,1809272.2391835516,238966.33814384614,1570305.9010397056,6754.5684,5184.262499825423,1570.305900174577,23.24805682883568,4.869627558902072e-08,1.0671562093651315e-07,1570.3059000191647,1,0,0,0,0,G1,,,,,G2=1;G3=1;G4=1;G5=1;G9=1;G10=1
1069,optimal,1011492.5199887936,248686.61939682037,762805.9005919733,6754.5684,5991.762499887271,762.8059001127292,11.293184922262823,2.7458001515250526e-08,5.803054095238996e-08,762.8059000272406,0,0,0,0,0,,,,,,G2=1;G3=1;G4=1;G5=1;G9=1;G10=1
1070,optimal,1011492.5199887936,248686.61939682037,762805.9005919733,6754.5684,5991.762499887271,762.8059001127292,11.293184922262823,2.7458001515250526e-08,5.803054095238996e-08,762.8059000272406,0,0,0,0,0,,,,,,G2=1;G3=1;G4=1;G5=1;G9=1;G10=1
1071,optimal,1011492.5199887936,248686.61939682037,762805.9005919733,6754.5684,5991.762499887271,762.8059001127292,11.293184922262823,2.7458001515250526e-08,5.803054095238996e-08,762.8059000272406,0,0,0,0,0,,,,,,G2=1;G3=1;G4=1;G5=1;G9=1;G10=1
1072,optimal,1011492.5199887936,248686.61939682037,762805.9005919733,6754.5684,5991.762499887271,762.8059001127292,11.293184922262823,2.7458001515250526e-08,5.803054095238996e-08,762.8059000272406,0,0,0,0,0,,,,,,G2=1;G3=1;G4=1;G5=1;G9=1;G10=1
1073,optimal,1011492.5199887936,248686.61939682037,762805.9005919733,6754.5684,5991.762499887271,762.8059001127292,11.293184922262823,2.7458001515250526e-08,5.803054095238996e-08,762.8059000272406,0,0,0,0,0,,,,,,G2=1;G3=1;G4=1;G5=1;G9=1;G10=1
1074,optimal,1011492.5199887936,248686.61939682037,762805.9005919733,6754.5684,5991.762499887271,762.8059001127292,11.293184922262823,2.7458001515250526e-08,5.803054095238996e-08,762.8059000272406,0,0,0,0,0,,,,,,G2=1;G3=1;G4=1;G5=1;G9=1;G10=1
1075,optimal,1011492.5199887936,248686.61939682037,762805.9005919733,6754.5684,5991.762499887271,762.8059001127292,11.293184922262823,2.7458001515250526e-08,5.803054095238996e-08,762.8059000272406,0,0,0,0,0,,,,,,G2=1;G3=1;G4=1;G5=1;G9=1;G10=1
1076,optimal,1011492.520093987,248686.61939579342,762805.9006981936,6754.5684,5991.7624998663905,762.8059001336096,11.293184922571953,3.231045854290682e-08,6.844747111461954e-08,762.8059000328517,0,1,0,1,0,,L17,,,L17,G2=1;G3=1;G4=1;G5=1;G9=1;G10=1
1077,optimal,1942005.9141787183,176450.01352167473,1765555.9006570436,6754.5684,4989.012499876619,1765.555900123381,26.138693038083392,2.9752059733918543e-08,6.64735338223288e-08,1765.5559000271553,1,0,0,0,1,G10,,,,,G2=1;G3=1;G4=1;G5=1;G9=1;G10=0
1078,optimal,1011492.5199887936,248686.61939682037,762805.9005919733,6754.5684,5991.762499887271,762.8059001127292,11.293184922262823,2.7458001515250526e-08,5.803054095238996e-08,762.8059000272406,0,0,0,0,0,,,,,,G2=1;G3=1;G4=1;G5=1;G9=1;G10=1
1079,optimal,1011492.5199887936,248686.61939682037,762805.9005919733,6754.5684,5991.762499887271,762.8059001127292,11.293184922262823,2.7458001515250526e-08,5.803054095238996e-08,762.8059000272406,0,0,0,0,0,,,,,,G2=1;G3=1;G4=1;G5=1;G9=1;G10=1
1080,optimal,1011492.5199887936,248686.61939682037,762805.9005919733,6754.5684,5991.762499887271,762.8059001127292,11.293184922262823,2.7458001515250526e-08,5.803054095238996e-08,762.8059000272406,0,0,0,0,0,,,,,,G2=1;G3=1;G4=1;G5=1;G9=1;G10=1
1081,optimal,1617903.9156180217,203198.01524760606,1414705.9003704158,6754.5684,5339.862499933909,1414.7059000660913,20.944430736182806,1.7099460517201584e-08,3.7607266965054984e-08,1414.7059000113845,1,0,0,0,1,G4,,,,,G2=1;G3=1;G4=0;G5=1;G9=1;G10=1
1082,optimal,1011492.5199887936,248686.61939682037,762805.9005919733,6754.5684,5991.762499887271,762.8059001127292,11.293184922262823,2.7458001515250526e-08,5.803054095238996e-08,762.8059000272406,0,0,0,0,0,,,,,,G2=1;G3=1;G4=1;G5=1;G9=1;G10=1
1083,optimal,1011492.5199887936,248686.61939682037,762805.9005919733,6754.5684,5991.762499887271,762.8059001127292,11.293184922262823,2.7458001515250526e-08,5.803054095238996e-08,762.8059000272406,0,0,0,0,0,,,,,,G2=1;G3=1;G4=1;G5=1;G9=1;G10=1
1084,optimal,1856229.960668005,215924.06002137525,1640305.9006466297,6754.5684,5114.262499887248,1640.305900112752,24.284392472992824,2.9723927411870007e-08,6.659059476671265e-08,1640.3059000164376,1,1,0,1,1,G9,L41,,,L41,G2=1;G3=1;G4=1;G5=1;G9=0;G10=1
1085,optimal,1011492.5199887936,248686.61939682037,762805.9005919733,6754.5684,5991.762499887271,762.8059001127292,11.293184922262823,2.7458001515250526e-08,5.803054095238996e-08,762.8059000272406,0,0,0,0,0,,,,,,G2=1;G3=1;G4=1;G5=1;G9=1;G10=1
1086,optimal,1011492.5199887936,248686.61939682037,762805.9005919733,6754.5684,5991.762499887271,762.8059001127292,11.293184922262823,2.7458001515250526e-08,5.803054095238996e-08,762.8059000272406,0,0,0,0,0,,,,,,G2=1;G3=1;G4=1;G5=1;G9=1;G10=1
1087,optimal,1762008.5196608987,219202.6194002331,1542805.9002606657,6754.5684,5211.7624999602185,1542.8059000397816,22.840924966275885,1.2386286324785578e-08,2.7351815042006216e-08,1542.8059000000437,1,0,0,0,1,G2,,,,,G2=0;G3=1;G4=1;G5=1;G9=1;G10=1
1088,optimal,1011492.5199887936,248686.61939682037,762805.9005919733,6754.5684,5991.762499887271,762.8059001127292,11.293184922262823,2.7458001515250526e-08,5.803054095238996e-08,762.8059000272406,0,0,0,0,0,,,,,,G2=1;G3=1;G4=1;G5=1;G9=1;G10=1
1089,optimal,1011492.5199887936,248686.61939682037,762805.9005919733,6754.5684,5991.762499887271,762.8059001127292,11.293184922262823,2.7458001515250526e-08,5.803054095238996e-08,762.8059000272406,0,0,0,0,0,,,,,,G2=1;G3=1;G4=1;G5=1;G9=1;G10=1
1090,optimal,1011492.5200712052,248686.61939613664,762805.9006750686,6754.5684,5991.762499871232,762.8059001287681,11.293184922500275,3.14046425564355e-08,6.591466976111172e-08,762.8059000314487,0,1,0,1,0,,L37,,,L37,G2=1;G3=1;G4=1;G5=1;G9=1;G10=1
1091,optimal,1011492.5199887936,248686.61939682037,762805.9005919733,6754.5684,5991.762499887271,762.8059001127292,11.293184922262823,2.7458001515250526e-08,5.803054095238996e-08,762.8059000272406,0,0,0,0,0,,,,,,G2=1;G3=1;G4=1;G5=1;G9=1;G10=1
1092,optimal,1011492.5199887936,248686.61939682037,762805.9005919733,6754.5684,5991.762499887271,762.8059001127292,11.293184922262823,2.7458001515250526e-08,5.803054095238996e-08,762.8059000272406,0,0,0,0,0,,,,,,G2=1;G3=1;G4=1;G5=1;G9=1;G10=1
1093,optimal,1856229.960667825,215924.06002137897,1640305.900646446,6754.5684,5114.2624998873,1640.3059001127006,24.284392472992064,2.971388210049674e-08,6.65801420753459e-08,1640.3059000164064,1,0,0,0,1,G9,,,,,G2=1;G3=1;G4=1;G5=1;G9=0;G10=1
1094,optimal,1011492.5199887936,248686.61939682037,762805.9005919733,6754.5684,5991.762499887271,762.8059001127292,11.293184922262823,2.7458001515250526e-08,5.803054095238996e-08,762.8059000272406,0,0,0,0,0,,,,,,G2=1;G3=1;G4=1;G5=1;G9=1;G10=1
1095,optimal,1011492.5199887936,248686.61939682037,762805.9005919733,6754.5684,5991.762499887271,762.8059001127292,11.293184922262823,2.7458001515250526e-08,5.803054095238996e-08,762.8059000272406,0,0,0,0,0,,,,,,G2=1;G3=1;G4=1;G5=1;G9=1;G10=1
1096,optimal,1011492.5199887936,248686.61939682037,762805.9005919733,6754.5684,5991.762499887271,762.8059001127292,11.293184922262823,2.7458001515250526e-08,5.803054095238996e-08,762.8059000272406,0,0,0,0,0,,,,,,G2=1;G3=1;G4=1;G5=1;G9=1;G10=1
1097,optimal,1011492.5199887936,248686.61939682037,762805.9005919733,6754.5684,5991.762499887271,762.8059001127292,11.293184922262823,2.7458001515250526e-08,5.803054095238996e-08,762.8059000272406,0,0,0,0,0,,,,,,G2=1;G3=1;G4=1;G5=1;G9=1;G10=1
1098,optimal,1651070.9307264644,222365.03024655534,1428705.900479909,6754.5684,5325.86249991447,1428.7059000855293,21.151697865485072,2.2397464574565604e-08,4.820062919553181e-08,1428.705900014931,1,0,0,0,1,G5,,,,,G2=1;G3=1;G4=1;G5=0;G9=1;G10=1
1099,optimal,1011492.5199887936,248686.61939682037,762805.9005919733,6754.5684,5991.762499887271,762.8059001127292,11.293184922262823,2.7458001515250526e-08,5.803054095238996e-08,762.8059000272406,0,0,0,0,0,,,,,,G2=1;G3=1;G4=1;G5=1;G9=1;G10=1
1100,optimal,1011492.5200381498,248686.61939626903,762805.9006418807,6754.5684,5991.762499875977,762.805900124024,11.29318492243004,2.9662259974083655e-08,6.272405522346802e-08,762.8059000316377,0,1,0,1,0,,L7,,,L7,G2=1;G3=1;G4=1;G5=1;G9=1;G10=1
1101,optimal,1011492.5199887936,248686.61939682037,762805.9005919733,6754.5684,5991.762499887271,762.8059001127292,11.293184922262823,2.7458001515250526e-08,5.803054095238996e-08,762.8059000272406,0,0,0,0,0,,,,,,G2=1;G3=1;G4=1;G5=1;G9=1;G10=1
1102,optimal,1011492.5200712052,248686.61939613664,762805.9006750686,6754.5684,5991.762499871232,762.8059001287681,11.293184922500275,3.14046425564355e-08,6.591466976111172e-08,762.8059000314487,0,1,0,1,0,,L37,,,L37,G2=1;G3=1;G4=1;G5=1;G9=1;G10=1
1103,optimal,1011492.5199887936,248686.61939682037,762805.9005919733,6754.5684,5991.762499887271,762.8059001127292,11.293184922262823,2.7458001515250526e-08,5.803054095238996e-08,762.8059000272406,0,0,0,0,0,,,,,,G2=1;G3=1;G4=1;G5=1;G9=1;G10=1
1104,optimal,1011492.5199887936,248686.61939682037,762805.9005919733,6754.5684,5991.762499887271,762.8059001127292,11.293184922262823,2.7458001515250526e-08,5.803054095238996e-08,762.8059000272406,0,0,0,0,0,,,,,,G2=1;G3=1;G4=1;G5=1;G9=1;G10=1
1105,optimal,1011492.5199887936,248686.61939682037,762805.9005919733,6754.5684,5991.762499887271,762.8059001127292,11.293184922262823,2.7458001515250526e-08,5.803054095238996e-08,762.8059000272406,0,0,0,0,0,,,,,,G2=1;G3=1;G4=1;G5=1;G9=1;G10=1
1106,optimal,1011492.5199887936,248686.61939682037,762805.9005919733,6754.5684,5991.762499887271,762.8059001127292,11.293184922262823,2.7458001515250526e-08,5.803054095238996e-08,762.8059000272406,0,0,0,0,0,,,,,,G2=1;G3=1;G4=1;G5=1;G9=1;G10=1
1107,optimal,1011492.5199887936,248686.61939682037,762805.9005919733,6754.5684,5991.762499887271,762.8059001127292,11.293184922262823,2.7458001515250526e-08,5.803054095238996e-08,762.8059000272406,0,0,0,0,0,,,,,,G2=1;G3=1;G4=1;G5=1;G9=1;G10=1
1108,optimal,1011492.5199887936,248686.61939682037,762805.9005919733,6754.5684,5991.762499887271,762.8059001127292,11.293184922262823,2.7458001515250526e-08,5.803054095238996e-08,762.8059000272406,0,0,0,0,0,,,,,,G2=1;G3=1;G4=1;G5=1;G9=1;G10=1
1109,optimal,1651070.9307094587,222365.030246129,1428705.9004633296,6754.5684,5325.862499915878,1428.7059000841214,21.15169786546423,2.104433944279966e-08,4.745231263080468e-08,1428.7059000156246,1,2,0,2,1,G5,L34;L45,,,L34;L45,G2=1;G3=1;G4=1;G5=0;G9=1;G10=1
1110,optimal,1011492.5199887936,248686.61939682037,762805.9005919733,6754.5684,5991.762499887271,762.8059001127292,11.293184922262823,2.7458001515250526e-08,5.803054095238996e-08,762.8059000272406,0,0,0,0,0,,,,,,G2=1;G3=1;G4=1;G5=1;G9=1;G10=1
1111,optimal,1011492.5199887936,248686.61939682037,762805.9005919733,6754.5684,5991.762499887271,762.8059001127292,11.293184922262823,2.7458001515250526e-08,5.803054095238996e-08,762.8059000272406,0,0,0,0,0,,,,,,G2=1;G3=1;G4=1;G5=1;G9=1;G10=1
1112,optimal,1011492.5199887936,248686.61939682037,762805.9005919733,6754.5684,5991.762499887271,762.8059001127292,11.293184922262823,2.7458001515250526e-08,5.803054095238996e-08,762.8059000272406,0,0,0,0,0,,,,,,G2=1;G3=1;G4=1;G5=1;G9=1;G10=1
1113,optimal,1760144.3196719813,217338.41940008034,1542805.900271901,6754.5684,5211.762499954262,1542.8059000457379,22.840924966364064,1.2671097422401753e-08,2.803087046639168e-08,1542.8059000050362,1,0,0,0,1,G3,,,,,G2=1;G3=0;G4=1;G5=1;G9=1;G10=1
1114,optimal,1762008.5196608987,219202.6194002331,1542805.9002606657,6754.5684,5211.7624999602185,1542.8059000397816,22.840924966275885,1.2386286324785578e-08,2.7351815042006216e-08,1542.8059000000437,1,0,0,0,1,G2,,,,,G2=0;G3=1;G4=1;G5=1;G9=1;G10=1
1115,optimal,1011492.5199887936,248686.61939682037,762805.9005919733,6754.5684,5991.762499887271,762.8059001127292,11.293184922262823,2.7458001515250526e-08,5.803054095238996e-08,762.8059000272406,0,0,0,0,0,,,,,,G2=1;G3=1;G4=1;G5=1;G9=1;G10=1
1116,optimal,1651070.9307264644,222365.03024655534,1428705.900479909,6754.5684,5325.86249991447,1428.7059000855293,21.151697865485072,2.2397464574565604e-08,4.820062919553181e-08,1428.705900014931,1,0,0,0,1,G5,,,,,G2=1;G3=1;G4=1;G5=0;G9=1;G10=1
1117,optimal,1011492.5199887936,248686.61939682037,762805.9005919733,6754.5684,5991.762499887271,762.8059001127292,11.293184922262823,2.7458001515250526e-08,5.803054095238996e-08,762.8059000272406,0,0,0,0,0,,,,,,G2=1;G3=1;G4=1;G5=1;G9=1;G10=1
1118,optimal,1942005.9141787183,176450.01352167473,1765555.9006570436,6754.5684,4989.012499876619,1765.555900123381,26.138693038083392,2.9752059733918543e-08,6.64735338223288e-08,1765.5559000271553,1,0,0,0,1,G10,,,,,G2=1;G3=1;G4=1;G5=1;G9=1;G10=0
1119,optimal,1011492.5199887936,248686.61939682037,762805.9005919733,6754.5684,5991.762499887271,762.8059001127292,11.293184922262823,2.7458001515250526e-08,5.803054095238996e-08,762.8059000272406,0,0,0,0,0,,,,,,G2=1;G3=1;G4=1;G5=1;G9=1;G10=1
1120,optimal,1011492.5199887936,248686.61939682037,762805.9005919733,6754.5684,5991.762499887271,762.8059001127292,11.293184922262823,2.7458001515250526e-08,5.803054095238996e-08,762.8059000272406,0,0,0,0,0,,,,,,G2=1;G3=1;G4=1;G5=1;G9=1;G10=1
1121,optimal,1011492.5199887936,248686.61939682037,762805.9005919733,6754.5684,5991.762499887271,762.8059001127292,11.293184922262823,2.7458001515250526e-08,5.803054095238996e-08,762.8059000272406,0,0,0,0,0,,,,,,G2=1;G3=1;G4=1;G5=1;G9=1;G10=1
1122,optimal,1011492.5199887936,248686.61939682037,762805.9005919733,6754.5684,5991.762499887271,762.8059001127292,11.293184922262823,2.7458001515250526e-08,5.803054095238996e-08,762.8059000272406,0,0,0,0,0,,,,,,G2=1;G3=1;G4=1;G5=1;G9=1;G10=1
1123,optimal,1011492.5199887936,248686.61939682037,762805.9005919733,6754.5684,5991.762499887271,762.8059001127292,11.293184922262823,2.7458001515250526e-08,5.803054095238996e-08,762.8059000272406,0,0,0,0,0,,,,,,G2=1;G3=1;G4=1;G5=1;G9=1;G10=1
1124,optimal,1011492.5199887936,248686.61939682037,762805.9005919733,6754.5684,5991.762499887271,762.8059001127292,11.293184922262823,2.7458001515250526e-08,5.803054095238996e-08,762.8059000272406,0,0,0,0,0,,,,,,G2=1;G3=1;G4=1;G5=1;G9=1;G10=1
1125,optimal,1011492.5199887936,248686.61939682037,762805.9005919733,6754.5684,5991.762499887271,762.8059001127292,11.293184922262823,2.7458001515250526e-08,5.803054095238996e-08,762.8059000272406,1,0,0,0,0,G8,,,,,G2=1;G3=1;G4=1;G5=1;G9=1;G10=1
1126,optimal,1011492.5199887936,248686.61939682037,762805.9005919733,6754.5684,5991.762499887271,762.8059001127292,11.293184922262823,2.7458001515250526e-08,5.803054095238996e-08,762.8059000272406,0,0,0,0,0,,,,,,G2=1;G3=1;G4=1;G5=1;G9=1;G10=1
1127,optimal,1011492.5199887936,248686.61939682037,762805.9005919733,6754.5684,5991.762499887271,762.8059001127292,11.293184922262823,2.7458001515250526e-08,5.803054095238996e-08,762.8059000272406,0,0,0,0,0,,,,,,G2=1;G3=1;G4=1;G5=1;G9=1;G10=1
1128,optimal,1760144.3196719813,217338.41940008034,1542805.900271901,6754.5684,5211.762499954262,1542.8059000457379,22.840924966364064,1.2671097422401753e-08,2.803087046639168e-08,1542.8059000050362,1,0,0,0,1,G3,,,,,G2=1;G3=0;G4=1;G5=1;G9=1;G10=1
1129,optimal,1011492.5199887936,248686.61939682037,762805.9005919733,6754.5684,5991.762499887271,762.8059001127292,11.293184922262823,2.7458001515250526e-08,5.803054095238996e-08,762.8059000272406,1,0,0,0,0,G8,,,,,G2=1;G3=1;G4=1;G5=1;G9=1;G10=1
1130,optimal,1011492.5199887936,248686.61939682037,762805.9005919733,6754.5684,5991.762499887271,762.8059001127292,11.293184922262823,2.7458001515250526e-08,5.803054095238996e-08,762.8059000272406,0,0,0,0,0,,,,,,G2=1;G3=1;G4=1;G5=1;G9=1;G10=1
1131,optimal,1011492.5199887936,248686.61939682037,762805.9005919733,6754.5684,5991.762499887271,762.8059001127292,11.293184922262823,2.7458001515250526e-08,5.803054095238996e-08,762.8059000272406,0,0,0,0,0,,,,,,G2=1;G3=1;G4=1;G5=1;G9=1;G10=1
1132,optimal,1011492.5199887936,248686.61939682037,762805.9005919733,6754.5684,5991.762499887271,762.8059001127292,11.293184922262823,2.7458001515250526e-08,5.803054095238996e-08,762.8059000272406,0,0,0,0,0,,,,,,G2=1;G3=1;G4=1;G5=1;G9=1;G10=1
1133,optimal,1011492.5199887936,248686.61939682037,762805.9005919733,6754.5684,5991.762499887271,762.8059001127292,11.293184922262823,2.7458001515250526e-08,5.803054095238996e-08,762.8059000272406,0,0,0,0,0,,,,,,G2=1;G3=1;G4=1;G5=1;G9=1;G10=1
1134,optimal,1011492.5199887936,248686.61939682037,762805.9005919733,6754.5684,5991.762499887271,762.8059001127292,11.293184922262823,2.7458001515250526e-08,5.803054095238996e-08,762.8059000272406,0,0,0,0,0,,,,,,G2=1;G3=1;G4=1;G5=1;G9=1;G10=1
1135,optimal,1011492.5199887936,248686.61939682037,762805.9005919733,6754.5684,5991.762499887271,762.8059001127292,11.293184922262823,2.7458001515250526e-08,5.803054095238996e-08,762.8059000272406,0,0,0,0,0,,,,,,G2=1;G3=1;G4=1;G5=1;G9=1;G10=1
1136,optimal,1011492.5199887936,248686.61939682037,762805.9005919733,6754.5684,5991.762499887271,762.8059001127292,11.293184922262823,2.7458001515250526e-08,5.803054095238996e-08,762.8059000272406,0,0,0,0,0,,,,,,G2=1;G3=1;G4=1;G5=1;G9=1;G10=1
1137,optimal,1011492.5199887936,248686.61939682037,762805.9005919733,6754.5684,5991.762499887271,762.8059001127292,11.293184922262823,2.7458001515250526e-08,5.803054095238996e-08,762.8059000272406,0,0,0,0,0,,,,,,G2=1;G3=1;G4=1;G5=1;G9=1;G10=1
1138,optimal,1011492.5199887936,248686.61939682037,762805.9005919733,6754.5684,5991.762499887271,762.8059001127292,11.293184922262823,2.7458001515250526e-08,5.803054095238996e-08,762.8059000272406,0,0,0,0,0,,,,,,G2=1;G3=1;G4=1;G5=1;G9=1;G10=1
1139,optimal,1011492.5199887936,248686.61939682037,762805.9005919733,6754.5684,5991.762499887271,762.8059001127292,11.293184922262823,2.7458001515250526e-08,5.803054095238996e-08,762.8059000272406,0,0,0,0,0,,,,,,G2=1;G3=1;G4=1;G5=1;G9=1;G10=1
1140,optimal,1011492.5199887936,248686.61939682037,762805.9005919733,6754.5684,5991.762499887271,762.8059001127292,11.293184922262823,2.7458001515250526e-08,5.803054095238996e-08,762.8059000272406,0,0,0,0,0,,,,,,G2=1;G3=1;G4=1;G5=1;G9=1;G10=1
1141,optimal,1011492.5199887936,248686.61939682037,762805.9005919733,6754.5684,5991.762499887271,762.8059001127292,11.293184922262823,2.7458001515250526e-08,5.803054095238996e-08,762.8059000272406,0,0,0,0,0,,,,,,G2=1;G3=1;G4=1;G5=1;G9=1;G10=1
1142,optimal,1011492.5199887936,248686.61939682037,762805.9005919733,6754.5684,5991.762499887271,762.8059001127292,11.293184922262823,2.7458001515250526e-08,5.803054095238996e-08,762.8059000272406,1,0,0,0,0,G6,,,,,G2=1;G3=1;G4=1;G5=1;G9=1;G10=1
1143,optimal,1011492.5199887936,248686.61939682037,762805.9005919733,6754.5684,5991.762499887271,762.8059001127292,11.293184922262823,2.7458001515250526e-08,5.803054095238996e-08,762.8059000272406,0,0,0,0,0,,,,,,G2=1;G3=1;G4=1;G5=1;G9=1;G10=1
1144,optimal,1011492.5199887936,248686.61939682037,762805.9005919733,6754.5684,5991.762499887271,762.8059001127292,11.293184922262823,2.7458001515250526e-08,5.803054095238996e-08,762.8059000272406,0,0,0,0,0,,,,,,G2=1;G3=1;G4=1;G5=1;G9=1;G10=1
1145,optimal,1011492.5199887936,248686.61939682037,762805.9005919733,6754.5684,5991.762499887271,762.8059001127292,11.293184922262823,2.7458001515250526e-08,5.803054095238996e-08,762.8059000272406,0,0,0,0,0,,,,,,G2=1;G3=1;G4=1;G5=1;G9=1;G10=1
1146,optimal,1011492.5199887936,248686.61939682037,762805.9005919733,6754.5684,5991.762499887271,762.8059001127292,11.293184922262823,2.7458001515250526e-08,5.803054095238996e-08,762.8059000272406,0,0,0,0,0,,,,,,G2=1;G3=1;G4=1;G5=1;G9=1;G10=1
1147,optimal,1011492.5199887936,248686.61939682037,762805.9005919733,6754.5684,5991.762499887271,762.8059001127292,11.293184922262823,2.7458001515250526e-08,5.803054095238996e-08,762.8059000272406,0,0,0,0,0,,,,,,G2=1;G3=1;G4=1;G5=1;G9=1;G10=1
1148,optimal,1011492.5209876149,248686.61944655876,762805.9015410561,6754.5684,5991.762499684988,762.8059003150123,11.293184925257583,6.601450353036058e-08,1.5797829240346375e-07,762.8059000910197,0,1,0,1,0,,L24,,,L24,G2=1;G3=1;G4=1;G5=1;G9=1;G10=1
1149,optimal,1011492.5199887936,248686.61939682037,762805.9005919733,6754.5684,5991.762499887271,762.8059001127292,11.293184922262823,2.7458001515250526e-08,5.803054095238996e-08,762.8059000272406,0,0,0,0,0,,,,,,G2=1;G3=1;G4=1;G5=1;G9=1;G10=1
1150,optimal,1011492.5199887936,248686.61939682037,762805.9005919733,6754.5684,5991.762499887271,762.8059001127292,11.293184922262823,2.7458001515250526e-08,5.803054095238996e-08,762.8059000272406,0,0,0,0,0,,,,,,G2=1;G3=1;G4=1;G5=1;G9=1;G10=1
1151,optimal,1011492.5199887936,248686.61939682037,762805.9005919733,6754.5684,5991.762499887271,762.8059001127292,11.293184922262823,2.7458001515250526e-08,5.803054095238996e-08,762.8059000272406,0,0,0,0,0,,,,,,G2=1;G3=1;G4=1;G5=1;G9=1;G10=1
1152,optimal,1011492.5199887936,248686.61939682037,762805.9005919733,6754.5684,5991.762499887271,762.8059001127292,11.293184922262823,2.7458001515250526e-08,5.803054095238996e-08,762.8059000272406,0,0,0,0,0,,,,,,G2=1;G3=1;G4=1;G5=1;G9=1;G10=1
1153,optimal,1011492.5199887936,248686.61939682037,762805.9005919733,6754.5684,5991.762499887271,762.8059001127292,11.293184922262823,2.7458001515250526e-08,5.803054095238996e-08,762.8059000272406,0,0,0,0,0,,,,,,G2=1;G3=1;G4=1;G5=1;G9=1;G10=1
1154,optimal,1011492.5199887936,248686.61939682037,762805.9005919733,6754.5684,5991.762499887271,762.8059001127292,11.293184922262823,2.7458001515250526e-08,5.803054095238996e-08,762.8059000272406,0,0,0,0,0,,,,,,G2=1;G3=1;G4=1;G5=1;G9=1;G10=1
1155,optimal,1011492.5199887936,248686.61939682037,762805.9005919733,6754.5684,5991.762499887271,762.8059001127292,11.293184922262823,2.7458001515250526e-08,5.803054095238996e-08,762.8059000272406,0,0,0,0,0,,,,,,G2=1;G3=1;G4=1;G5=1;G9=1;G10=1
1156,optimal,1011492.5199887936,248686.61939682037,762805.9005919733,6754.5684,5991.762499887271,762.8059001127292,11.293184922262823,2.7458001515250526e-08,5.803054095238996e-08,762.8059000272406,0,0,0,0,0,,,,,,G2=1;G3=1;G4=1;G5=1;G9=1;G10=1
1157,optimal,1011492.5199887936,248686.61939682037,762805.9005919733,6754.5684,5991.762499887271,762.8059001127292,11.293184922262823,2.7458001515250526e-08,5.803054095238996e-08,762.8059000272406,0,0,0,0,0,,,,,,G2=1;G3=1;G4=1;G5=1;G9=1;G10=1
1158,optimal,1011492.5199887936,248686.61939682037,762805.9005919733,6754.5684,5991.762499887271,762.8059001127292,11.293184922262823,2.7458001515250526e-08,5.803054095238996e-08,762.8059000272406,0,0,0,0,0,,,,,,G2=1;G3=1;G4=1;G5=1;G9=1;G10=1
1159,optimal,1617903.9156180217,203198.01524760606,1414705.9003704158,6754.5684,5339.862499933909,1414.7059000660913,20.944430736182806,1.7099460517201584e-08,3.7607266965054984e-08,1414.7059000113845,1,0,0,0,1,G4,,,,,G2=1;G3=1;G4=0;G5=1;G9=1;G10=1
1160,optimal,1011492.5199887936,248686.61939682037,762805.9005919733,6754.5684,5991.762499887271,762.8059001127292,11.293184922262823,2.7458001515250526e-08,5.803054095238996e-08,762.8059000272406,0,0,0,0,0,,,,,,G2=1;G3=1;G4=1;G5=1;G9=1;G10=1
1161,optimal,1011492.5199887936,248686.61939682037,762805.9005919733,6754.5684,5991.762499887271,762.8059001127292,11.293184922262823,2.7458001515250526e-08,5.803054095238996e-08,762.8059000272406,0,0,0,0,0,,,,,,G2=1;G3=1;G4=1;G5=1;G9=1;G10=1
1162,optimal,1011492.5199887936,248686.61939682037,762805.9005919733,6754.5684,5991.762499887271,762.8059001127292,11.293184922262823,2.7458001515250526e-08,5.803054095238996e-08,762.8059000272406,0,0,0,0,0,,,,,,G2=1;G3=1;G4=1;G5=1;G9=1;G10=1
1163,optimal,1809272.2391184906,238966.33814449474,1570305.900973996,6754.5684,5184.262499836619,1570.3059001633815,23.248056828669935,4.545866590701129e-08,1.0037165183279813e-07,1570.305900017551,1,1,0,1,0,G1,L2,,,L2,G2=1;G3=1;G4=1;G5=1;G9=1;G10=1
1164,optimal,1011492.5198578504,248686.61939773144,762805.900460119,6754.5684,5991.762499908011,762.8059000919891,11.293184921955769,2.0762048508068897e-08,4.531783302383731e-08,762.8059000259093,0,1,0,1,0,,L12,,,L12,G2=1;G3=1;G4=1;G5=1;G9=1;G10=1
1165,optimal,1011492.5199887936,248686.61939682037,762805.9005919733,6754.5684,5991.762499887271,762.8059001127292,11.293184922262823,2.7458001515250526e-08,5.803054095238996e-08,762.8059000272406,0,0,0,0,0,,,,,,G2=1;G3=1;G4=1;G5=1;G9=1;G10=1
1166,optimal,1011492.5199887936,248686.61939682037,762805.9005919733,6754.5684,5991.762499887271,762.8059001127292,11.293184922262823,2.7458001515250526e-08,5.803054095238996e-08,762.8059000272406,0,0,0,0,0,,,,,,G2=1;G3=1;G4=1;G5=1;G9=1;G10=1
1167,optimal,1762008.5196608987,219202.6194002331,1542805.9002606657,6754.5684,5211.7624999602185,1542.8059000397816,22.840924966275885,1.2386286324785578e-08,2.7351815042006216e-08,1542.8059000000437,1,0,0,0,1,G2,,,,,G2=0;G3=1;G4=1;G5=1;G9=1;G10=1
1168,optimal,1011492.5199887936,248686.61939682037,762805.9005919733,6754.5684,5991.762499887271,762.8059001127292,11.293184922262823,2.7458001515250526e-08,5.803054095238996e-08,762.8059000272406,0,0,0,0,0,,,,,,G2=1;G3=1;G4=1;G5=1;G9=1;G10=1
1169,optimal,1011492.5199887936,248686.61939682037,762805.9005919733,6754.5684,5991.762499887271,762.8059001127292,11.293184922262823,2.7458001515250526e-08,5.803054095238996e-08,762.8059000272406,0,0,0,0,0,,,,,,G2=1;G3=1;G4=1;G5=1;G9=1;G10=1
1170,optimal,1011492.5199887936,248686.61939682037,762805.9005919733,6754.5684,5991.762499887271,762.8059001127292,11.293184922262823,2.7458001515250526e-08,5.803054095238996e-08,762.8059000272406,0,0,0,0,0,,,,,,G2=1;G3=1;G4=1;G5=1;G9=1;G10=1
1171,optimal,1011492.5199887936,248686.61939682037,762805.9005919733,6754.5684,5991.762499887271,762.8059001127292,11.293184922262823,2.7458001515250526e-08,5.803054095238996e-08,762.8059000272406,0,0,0,0,0,,,,,,G2=1;G3=1;G4=1;G5=1;G9=1;G10=1
1172,optimal,1651070.9307407914,222365.03024648648,1428705.900494305,6754.5684,5325.862499914307,1428.7059000856932,21.151697865487503,2.332364073304232e-08,4.9674639480525127e-08,1428.705900012695,0,1,0,1,1,,L27,,,L27,G2=1;G3=1;G4=1;G5=0;G9=1;G10=1
1173,optimal,1011492.5199887936,248686.61939682037,762805.9005919733,6754.5684,5991.762499887271,762.8059001127292,11.293184922262823,2.7458001515250526e-08,5.803054095238996e-08,762.8059000272406,0,0,0,0,0,,,,,,G2=1;G3=1;G4=1;G5=1;G9=1;G10=1
1174,optimal,1856229.960667825,215924.06002137897,1640305.900646446,6754.5684,5114.2624998873,1640.3059001127006,24.284392472992064,2.971388210049674e-08,6.65801420753459e-08,1640.3059000164064,1,0,0,0,1,G9,,,,,G2=1;G3=1;G4=1;G5=1;G9=0;G10=1
1175,optimal,1011492.5199887936,248686.61939682037,762805.9005919733,6754.5684,5991.762499887271,762.8059001127292,11.293184922262823,2.7458001515250526e-08,5.803054095238996e-08,762.8059000272406,0,0,0,0,0,,,,,,G2=1;G3=1;G4=1;G5=1;G9=1;G10=1
1176,optimal,1011492.5199887936,248686.61939682037,762805.9005919733,6754.5684,5991.762499887271,762.8059001127292,11.293184922262823,2.7458001515250526e-08,5.803054095238996e-08,762.8059000272406,0,0,0,0,0,,,,,,G2=1;G3=1;G4=1;G5=1;G9=1;G10=1
1177,optimal,1011492.5199887936,248686.61939682037,762805.9005919733,6754.5684,5991.762499887271,762.8059001127292,11.293184922262823,2.7458001515250526e-08,5.803054095238996e-08,762.8059000272406,0,0,0,0,0,,,,,,G2=1;G3=1;G4=1;G5=1;G9=1;G10=1
1178,optimal,1011492.5199887936,248686.61939682037,762805.9005919733,6754.5684,5991.762499887271,762.8059001127292,11.293184922262823,2.7458001515250526e-08,5.803054095238996e-08,762.8059000272406,0,0,0,0,0,,,,,,G2=1;G3=1;G4=1;G5=1;G9=1;G10=1
1179,optimal,1011492.5199887936,248686.61939682037,762805.9005919733,6754.5684,5991.762499887271,762.8059001127292,11.293184922262823,2.7458001515250526e-08,5.803054095238996e-08,762.8059000272406,0,0,0,0,0,,,,,,G2=1;G3=1;G4=1;G5=1;G9=1;G10=1
1180,optimal,1856229.960695843,215924.06002111384,1640305.9006747291,6754.5684,5114.262499882302,1640.3059001176978,24.284392473066045,3.098271500605984e-08,6.954665318712969e-08,1640.3059000171684,1,1,0,1,1,G9,L29,,,L29,G2=1;G3=1;G4=1;G5=1;G9=0;G10=1
1181,optimal,1011492.5199887936,248686.61939682037,762805.9005919733,6754.5684,5991.762499887271,762.8059001127292,11.293184922262823,2.7458001515250526e-08,5.803054095238996e-08,762.8059000272406,0,0,0,0,0,,,,,,G2=1;G3=1;G4=1;G5=1;G9=1;G10=1
1182,optimal,1011492.5199887936,248686.61939682037,762805.9005919733,6754.5684,5991.762499887271,762.8059001127292,11.293184922262823,2.7458001515250526e-08,5.803054095238996e-08,762.8059000272406,0,0,0,0,0,,,,,,G2=1;G3=1;G4=1;G5=1;G9=1;G10=1
1183,optimal,1011492.5199887936,248686.61939682037,762805.9005919733,6754.5684,5991.762499887271,762.8059001127292,11.293184922262823,2.7458001515250526e-08,5.803054095238996e-08,762.8059000272406,0,0,0,0,0,,,,,,G2=1;G3=1;G4=1;G5=1;G9=1;G10=1
1184,optimal,1011492.5199887936,248686.61939682037,762805.9005919733,6754.5684,5991.762499887271,762.8059001127292,11.293184922262823,2.7458001515250526e-08,5.803054095238996e-08,762.8059000272406,0,0,0,0,0,,,,,,G2=1;G3=1;G4=1;G5=1;G9=1;G10=1
1185,optimal,1762008.5196608987,219202.6194002331,1542805.9002606657,6754.5684,5211.7624999602185,1542.8059000397816,22.840924966275885,1.2386286324785578e-08,2.7351815042006216e-08,1542.8059000000437,1,0,0,0,1,G2,,,,,G2=0;G3=1;G4=1;G5=1;G9=1;G10=1
1186,optimal,1011492.5199887936,248686.61939682037,762805.9005919733,6754.5684,5991.762499887271,762.8059001127292,11.293184922262823,2.7458001515250526e-08,5.803054095238996e-08,762.8059000272406,0,0,0,0,0,,,,,,G2=1;G3=1;G4=1;G5=1;G9=1;G10=1
1187,optimal,1856229.960667825,215924.06002137897,1640305.900646446,6754.5684,5114.2624998873,1640.3059001127006,24.284392472992064,2.971388210049674e-08,6.65801420753459e-08,1640.3059000164064,1,0,0,0,1,G9,,,,,G2=1;G3=1;G4=1;G5=1;G9=0;G10=1
1188,optimal,1011492.5199887936,248686.61939682037,762805.9005919733,6754.5684,5991.762499887271,762.8059001127292,11.293184922262823,2.7458001515250526e-08,5.803054095238996e-08,762.8059000272406,0,0,0,0,0,,,,,,G2=1;G3=1;G4=1;G5=1;G9=1;G10=1
1189,optimal,1011492.5199887936,248686.61939682037,762805.9005919733,6754.5684,5991.762499887271,762.8059001127292,11.293184922262823,2.7458001515250526e-08,5.803054095238996e-08,762.8059000272406,0,0,0,0,0,,,,,,G2=1;G3=1;G4=1;G5=1;G9=1;G10=1
1190,optimal,1617903.9156180217,203198.01524760606,1414705.9003704158,6754.5684,5339.862499933909,1414.7059000660913,20.944430736182806,1.7099460517201584e-08,3.7607266965054984e-08,1414.7059000113845,1,0,0,0,1,G4,,,,,G2=1;G3=1;G4=0;G5=1;G9=1;G10=1
1191,optimal,1942005.9141787183,176450.01352167473,1765555.9006570436,6754.5684,4989.012499876619,1765.555900123381,26.138693038083392,2.9752059733918543e-08,6.64735338223288e-08,1765.5559000271553,1,0,0,0,1,G10,,,,,G2=1;G3=1;G4=1;G5=1;G9=1;G10=0
1192,optimal,1011492.5199887936,248686.61939682037,762805.9005919733,6754.5684,5991.762499887271,762.8059001127292,11.293184922262823,2.7458001515250526e-08,5.803054095238996e-08,762.8059000272406,0,0,0,0,0,,,,,,G2=1;G3=1;G4=1;G5=1;G9=1;G10=1
1193,optimal,1856229.960677115,215924.0600212886,1640305.9006558263,6754.5684,5114.262499885711,1640.3059001142892,24.284392473015583,3.0134841637619665e-08,6.758088313967037e-08,1640.3059000165733,1,1,0,1,1,G8,L46,,,L46,G2=1;G3=1;G4=1;G5=1;G9=0;G10=1
1194,optimal,1011492.5199887936,248686.61939682037,762805.9005919733,6754.5684,5991.762499887271,762.8059001127292,11.293184922262823,2.7458001515250526e-08,5.803054095238996e-08,762.8059000272406,0,0,0,0,0,,,,,,G2=1;G3=1;G4=1;G5=1;G9=1;G10=1
1195,optimal,1011492.5199887936,248686.61939682037,762805.9005919733,6754.5684,5991.762499887271,762.8059001127292,11.293184922262823,2.7458001515250526e-08,5.803054095238996e-08,762.8059000272406,0,0,0,0,0,,,,,,G2=1;G3=1;G4=1;G5=1;G9=1;G10=1
1196,optimal,1617903.9156180217,203198.01524760606,1414705.9003704158,6754.5684,5339.862499933909,1414.7059000660913,20.944430736182806,1.7099460517201584e-08,3.7607266965054984e-08,1414.7059000113845,1,0,0,0,1,G4,,,,,G2=1;G3=1;G4=0;G5=1;G9=1;G10=1
1197,optimal,1011492.5199887936,248686.61939682037,762805.9005919733,6754.5684,5991.762499887271,762.8059001127292,11.293184922262823,2.7458001515250526e-08,5.803054095238996e-08,762.8059000272406,0,0,0,0,0,,,,,,G2=1;G3=1;G4=1;G5=1;G9=1;G10=1
1198,optimal,1617903.9156180217,203198.01524760606,1414705.9003704158,6754.5684,5339.862499933909,1414.7059000660913,20.944430736182806,1.7099460517201584e-08,3.7607266965054984e-08,1414.7059000113845,1,0,0,0,1,G4,,,,,G2=1;G3=1;G4=0;G5=1;G9=1;G10=1
1199,optimal,1421105.0200076625,248686.61939763324,1172418.4006100292,6754.5684,5582.149999912271,1172.4184000877294,17.357413984996132,2.9548047475535493e-08,6.409181553006159e-08,1172.4183999940894,1,0,0,0,0,G7,,,,,G2=1;G3=1;G4=1;G5=1;G9=1;G10=1
1200,optimal,1011492.5199887936,248686.61939682037,762805.9005919733,6754.5684,5991.762499887271,762.8059001127292,11.293184922262823,2.7458001515250526e-08,5.803054095238996e-08,762.8059000272406,0,0,0,0,0,,,,,,G2=1;G3=1;G4=1;G5=1;G9=1;G10=1
1201,optimal,1011492.5199887936,248686.61939682037,762805.9005919733,6754.5684,5991.762499887271,762.8059001127292,11.293184922262823,2.7458001515250526e-08,5.803054095238996e-08,762.8059000272406,0,0,0,0,0,,,,,,G2=1;G3=1;G4=1;G5=1;G9=1;G10=1
1202,optimal,1617903.9156180217,203198.01524760606,1414705.9003704158,6754.5684,5339.862499933909,1414.7059000660913,20.944430736182806,1.7099460517201584e-08,3.7607266965054984e-08,1414.7059000113845,1,0,0,0,1,G4,,,,,G2=1;G3=1;G4=0;G5=1;G9=1;G10=1
1203,optimal,1011492.5199887936,248686.61939682037,762805.9005919733,6754.5684,5991.762499887271,762.8059001127292,11.293184922262823,2.7458001515250526e-08,5.803054095238996e-08,762.8059000272406,0,0,0,0,0,,,,,,G2=1;G3=1;G4=1;G5=1;G9=1;G10=1
1204,optimal,1011492.5199887936,248686.61939682037,762805.9005919733,6754.5684,5991.762499887271,762.8059001127292,11.293184922262823,2.7458001515250526e-08,5.803054095238996e-08,762.8059000272406,0,0,0,0,0,,,,,,G2=1;G3=1;G4=1;G5=1;G9=1;G10=1
1205,optimal,1011492.5199887936,248686.61939682037,762805.9005919733,6754.5684,5991.762499887271,762.8059001127292,11.293184922262823,2.7458001515250526e-08,5.803054095238996e-08,762.8059000272406,0,0,0,0,0,,,,,,G2=1;G3=1;G4=1;G5=1;G9=1;G10=1
1206,optimal,1011492.5199887936,248686.61939682037,762805.9005919733,6754.5684,5991.762499887271,762.8059001127292,11.293184922262823,2.7458001515250526e-08,5.803054095238996e-08,762.8059000272406,0,0,0,0,0,,,,,,G2=1;G3=1;G4=1;G5=1;G9=1;G10=1
1207,optimal,1760144.3196719813,217338.41940008034,1542805.900271901,6754.5684,5211.762499954262,1542.8059000457379,22.840924966364064,1.2671097422401753e-08,2.803087046639168e-08,1542.8059000050362,1,0,0,0,1,G3,,,,,G2=1;G3=0;G4=1;G5=1;G9=1;G10=1
1208,optimal,1011492.5199887936,248686.61939682037,762805.9005919733,6754.5684,5991.762499887271,762.8059001127292,11.293184922262823,2.7458001515250526e-08,5.803054095238996e-08,762.8059000272406,0,0,0,0,0,,,,,,G2=1;G3=1;G4=1;G5=1;G9=1;G10=1
1209,optimal,1011492.5199887936,248686.61939682037,762805.9005919733,6754.5684,5991.762499887271,762.8059001127292,11.293184922262823,2.7458001515250526e-08,5.803054095238996e-08,762.8059000272406,0,0,0,0,0,,,,,,G2=1;G3=1;G4=1;G5=1;G9=1;G10=1
1210,optimal,1011492.5199887936,248686.61939682037,762805.9005919733,6754.5684,5991.762499887271,762.8059001127292,11.293184922262823,2.7458001515250526e-08,5.803054095238996e-08,762.8059000272406,0,0,0,0,0,,,,,,G2=1;G3=1;G4=1;G5=1;G9=1;G10=1
1211,optimal,1011492.5199887936,248686.61939682037,762805.9005919733,6754.5684,5991.762499887271,762.8059001127292,11.293184922262823,2.7458001515250526e-08,5.803054095238996e-08,762.8059000272406,0,0,0,0,0,,,,,,G2=1;G3=1;G4=1;G5=1;G9=1;G10=1
1212,optimal,1617903.9156180217,203198.01524760606,1414705.9003704158,6754.5684,5339.862499933909,1414.7059000660913,20.944430736182806,1.7099460517201584e-08,3.7607266965054984e-08,1414.7059000113845,1,0,0,0,1,G4,,,,,G2=1;G3=1;G4=0;G5=1;G9=1;G10=1
1213,optimal,1011492.5199887936,248686.61939682037,762805.9005919733,6754.5684,5991.762499887271,762.8059001127292,11.293184922262823,2.7458001515250526e-08,5.803054095238996e-08,762.8059000272406,0,0,0,0,0,,,,,,G2=1;G3=1;G4=1;G5=1;G9=1;G10=1
1214,optimal,1011492.5199887936,248686.61939682037,762805.9005919733,6754.5684,5991.762499887271,762.8059001127292,11.293184922262823,2.7458001515250526e-08,5.803054095238996e-08,762.8059000272406,0,0,0,0,0,,,,,,G2=1;G3=1;G4=1;G5=1;G9=1;G10=1
1215,optimal,1011492.5199887936,248686.61939682037,762805.9005919733,6754.5684,5991.762499887271,762.8059001127292,11.293184922262823,2.7458001515250526e-08,5.803054095238996e-08,762.8059000272406,0,0,0,0,0,,,,,,G2=1;G3=1;G4=1;G5=1;G9=1;G10=1
1216,optimal,1617903.9156180217,203198.01524760606,1414705.9003704158,6754.5684,5339.862499933909,1414.7059000660913,20.944430736182806,1.7099460517201584e-08,3.7607266965054984e-08,1414.7059000113845,1,0,0,0,1,G4,,,,,G2=1;G3=1;G4=0;G5=1;G9=1;G10=1
1217,optimal,1011492.5199887936,248686.61939682037,762805.9005919733,6754.5684,5991.762499887271,762.8059001127292,11.293184922262823,2.7458001515250526e-08,5.803054095238996e-08,762.8059000272406,0,0,0,0,0,,,,,,G2=1;G3=1;G4=1;G5=1;G9=1;G10=1
1218,optimal,1011492.5199887936,248686.61939682037,762805.9005919733,6754.5684,5991.762499887271,762.8059001127292,11.293184922262823,2.7458001515250526e-08,5.803054095238996e-08,762.8059000272406,0,0,0,0,0,,,,,,G2=1;G3=1;G4=1;G5=1;G9=1;G10=1
1219,optimal,1617903.9156180217,203198.01524760606,1414705.9003704158,6754.5684,5339.862499933909,1414.7059000660913,20.944430736182806,1.7099460517201584e-08,3.7607266965054984e-08,1414.7059000113845,1,0,0,0,1,G4,,,,,G2=1;G3=1;G4=0;G5=1;G9=1;G10=1
1220,optimal,1421105.0199525116,248686.61939802274,1172418.4005544889,6754.5684,5582.149999920852,1172.4184000791483,17.35741398486909,2.6825432631213157e-08,5.847792762293429e-08,1172.4183999938448,0,1,0,1,0,,L39,,,L39,G2=1;G3=1;G4=1;G5=1;G9=1;G10=1
1221,optimal,1942005.9141787183,176450.01352167473,1765555.9006570436,6754.5684,4989.012499876619,1765.555900123381,26.138693038083392,2.9752059733918543e-08,6.64735338223288e-08,1765.5559000271553,1,0,0,0,1,G10,,,,,G2=1;G3=1;G4=1;G5=1;G9=1;G10=0
1222,optimal,1011492.5199887936,248686.61939682037,762805.9005919733,6754.5684,5991.762499887271,762.8059001127292,11.293184922262823,2.7458001515250526e-08,5.803054095238996e-08,762.8059000272406,0,0,0,0,0,,,,,,G2=1;G3=1;G4=1;G5=1;G9=1;G10=1
1223,optimal,1011492.5199887936,248686.61939682037,762805.9005919733,6754.5684,5991.762499887271,762.8059001127292,11.293184922262823,2.7458001515250526e-08,5.803054095238996e-08,762.8059000272406,0,0,0,0,0,,,,,,G2=1;G3=1;G4=1;G5=1;G9=1;G10=1
1224,optimal,1856229.960667825,215924.06002137897,1640305.900646446,6754.5684,5114.2624998873,1640.3059001127006,24.284392472992064,2.971388210049674e-08,6.65801420753459e-08,1640.3059000164064,1,0,0,0,1,G9,,,,,G2=1;G3=1;G4=1;G5=1;G9=0;G10=1
1225,optimal,1011492.5199887936,248686.61939682037,762805.9005919733,6754.5684,5991.762499887271,762.8059001127292,11.293184922262823,2.7458001515250526e-08,5.803054095238996e-08,762.8059000272406,0,0,0,0,0,,,,,,G2=1;G3=1;G4=1;G5=1;G9=1;G10=1
1226,optimal,1760144.3196719813,217338.41940008034,1542805.900271901,6754.5684,5211.762499954262,1542.8059000457379,22.840924966364064,1.2671097422401753e-08,2.803087046639168e-08,1542.8059000050362,1,0,0,0,1,G3,,,,,G2=1;G3=0;G4=1;G5=1;G9=1;G10=1
1227,optimal,1809272.2391835516,238966.33814384614,1570305.9010397056,6754.5684,5184.262499825423,1570.305900174577,23.24805682883568,4.869627558902072e-08,1.0671562093651315e-07,1570.3059000191647,1,0,0,0,0,G1,,,,,G2=1;G3=1;G4=1;G5=1;G9=1;G10=1
1228,optimal,1011492.5199887936,248686.61939682037,762805.9005919733,6754.5684,5991.762499887271,762.8059001127292,11.293184922262823,2.7458001515250526e-08,5.803054095238996e-08,762.8059000272406,0,0,0,0,0,,,,,,G2=1;G3=1;G4=1;G5=1;G9=1;G10=1
1229,optimal,1942005.9141787183,176450.01352167473,1765555.9006570436,6754.5684,4989.012499876619,1765.555900123381,26.138693038083392,2.9752059733918543e-08,6.64735338223288e-08,1765.5559000271553,1,0,0,0,1,G10,,,,,G2=1;G3=1;G4=1;G5=1;G9=1;G10=0
1230,optimal,1011492.5199887936,248686.61939682037,762805.9005919733,6754.5684,5991.762499887271,762.8059001127292,11.293184922262823,2.7458001515250526e-08,5.803054095238996e-08,762.8059000272406,0,0,0,0,0,,,,,,G2=1;G3=1;G4=1;G5=1;G9=1;G10=1
1231,optimal,1011492.5199887936,248686.61939682037,762805.9005919733,6754.5684,5991.762499887271,762.8059001127292,11.293184922262823,2.7458001515250526e-08,5.803054095238996e-08,762.8059000272406,0,0,0,0,0,,,,,,G2=1;G3=1;G4=1;G5=1;G9=1;G10=1
1232,optimal,1011492.5199887936,248686.61939682037,762805.9005919733,6754.5684,5991.762499887271,762.8059001127292,11.293184922262823,2.7458001515250526e-08,5.803054095238996e-08,762.8059000272406,1,0,0,0,0,G8,,,,,G2=1;G3=1;G4=1;G5=1;G9=1;G10=1
1233,optimal,1011492.5199887936,248686.61939682037,762805.9005919733,6754.5684,5991.762499887271,762.8059001127292,11.293184922262823,2.7458001515250526e-08,5.803054095238996e-08,762.8059000272406,0,0,0,0,0,,,,,,G2=1;G3=1;G4=1;G5=1;G9=1;G10=1
1234,optimal,2786743.3591994885,143687.45425455927,2643055.9049449293,6754.5684,4111.512499251416,2643.055900748584,39.129900598069064,2.457369655010559e-07,4.961780797122236e-07,2643.055900006669,2,0,0,0,2,G9;G10,,,,,G2=1;G3=1;G4=1;G5=1;G9=0;G10=0
1235,optimal,1011492.5199887936,248686.61939682037,762805.9005919733,6754.5684,5991.762499887271,762.8059001127292,11.293184922262823,2.7458001515250526e-08,5.803054095238996e-08,762.8059000272406,0,0,0,0,0,,,,,,G2=1;G3=1;G4=1;G5=1;G9=1;G10=1
1236,optimal,1011492.5200712052,248686.61939613664,762805.9006750686,6754.5684,5991.762499871232,762.8059001287681,11.293184922500275,3.14046425564355e-08,6.591466976111172e-08,762.8059000314487,0,1,0,1,0,,L37,,,L37,G2=1;G3=1;G4=1;G5=1;G9=1;G10=1
1237,optimal,1617903.9156180217,203198.01524760606,1414705.9003704158,6754.5684,5339.862499933909,1414.7059000660913,20.944430736182806,1.7099460517201584e-08,3.7607266965054984e-08,1414.7059000113845,1,0,0,0,1,G4,,,,,G2=1;G3=1;G4=0;G5=1;G9=1;G10=1
1238,optimal,1011492.5200296848,248686.61939644103,762805.9006332437,6754.5684,5991.7624998787915,762.8059001212088,11.293184922388361,2.9377790424011868e-08,6.190874407205029e-08,762.8059000299222,0,1,0,1,0,,L30,,,L30,G2=1;G3=1;G4=1;G5=1;G9=1;G10=1
1239,optimal,1011492.5199887936,248686.61939682037,762805.9005919733,6754.5684,5991.762499887271,762.8059001127292,11.293184922262823,2.7458001515250526e-08,5.803054095238996e-08,762.8059000272406,0,0,0,0,0,,,,,,G2=1;G3=1;G4=1;G5=1;G9=1;G10=1
1240,optimal,1011492.5199887936,248686.61939682037,762805.9005919733,6754.5684,5991.762499887271,762.8059001127292,11.293184922262823,2.7458001515250526e-08,5.803054095238996e-08,762.8059000272406,0,0,0,0,0,,,,,,G2=1;G3=1;G4=1;G5=1;G9=1;G10=1
1241,optimal,1011492.5199887936,248686.61939682037,762805.9005919733,6754.5684,5991.762499887271,762.8059001127292,11.293184922262823,2.7458001515250526e-08,5.803054095238996e-08,762.8059000272406,0,0,0,0,0,,,,,,G2=1;G3=1;G4=1;G5=1;G9=1;G10=1
1242,optimal,1011492.5200261334,248686.61939652177,762805.9006296117,6754.5684,5991.76249988022,762.8059001197803,11.293184922367212,2.9275142634603918e-08,6.158872775840025e-08,762.8059000289165,0,1,0,1,0,,L43,,,L43,G2=1;G3=1;G4=1;G5=1;G9=1;G10=1
1243,optimal,1011492.5199887936,248686.61939682037,762805.9005919733,6754.5684,5991.762499887271,762.8059001127292,11.293184922262823,2.7458001515250526e-08,5.803054095238996e-08,762.8059000272406,0,0,0,0,0,,,,,,G2=1;G3=1;G4=1;G5=1;G9=1;G10=1
1244,optimal,1011492.5199887936,248686.61939682037,762805.9005919733,6754.5684,5991.762499887271,762.8059001127292,11.293184922262823,2.7458001515250526e-08,5.803054095238996e-08,762.8059000272406,0,0,0,0,0,,,,,,G2=1;G3=1;G4=1;G5=1;G9=1;G10=1
1245,optimal,1011492.5197590671,248686.61939888433,762805.9003601827,6754.5684,5991.76249993248,762.8059000675204,11.293184921593516,1.6455040694712703e-08,3.6141762783183105e-08,762.8059000149235,0,1,0,1,0,,L2,,,L2,G2=1;G3=1;G4=1;G5=1;G9=1;G10=1
1246,optimal,1011492.5199887936,248686.61939682037,762805.9005919733,6754.5684,5991.762499887271,762.8059001127292,11.293184922262823,2.7458001515250526e-08,5.803054095238996e-08,762.8059000272406,0,0,0,0,0,,,,,,G2=1;G3=1;G4=1;G5=1;G9=1;G10=1
1247,optimal,1762008.5196608987,219202.6194002331,1542805.9002606657,6754.5684,5211.7624999602185,1542.8059000397816,22.840924966275885,1.2386286324785578e-08,2.7351815042006216e-08,1542.8059000000437,1,0,0,0,1,G2,,,,,G2=0;G3=1;G4=1;G5=1;G9=1;G10=1
1248,optimal,1011492.5199887936,248686.61939682037,762805.9005919733,6754.5684,5991.762499887271,762.8059001127292,11.293184922262823,2.7458001515250526e-08,5.803054095238996e-08,762.8059000272406,0,0,0,0,0,,,,,,G2=1;G3=1;G4=1;G5=1;G9=1;G10=1
1249,optimal,1011492.5199887936,248686.61939682037,762805.9005919733,6754.5684,5991.762499887271,762.8059001127292,11.293184922262823,2.7458001515250526e-08,5.803054095238996e-08,762.8059000272406,0,0,0,0,0,,,,,,G2=1;G3=1;G4=1;G5=1;G9=1;G10=1
1250,optimal,1011492.5199887936,248686.61939682037,762805.9005919733,6754.5684,5991.762499887271,762.8059001127292,11.293184922262823,2.7458001515250526e-08,5.803054095238996e-08,762.8059000272406,0,0,0,0,0,,,,,,G2=1;G3=1;G4=1;G5=1;G9=1;G10=1
1251,optimal,1617903.9156180217,203198.01524760606,1414705.9003704158,6754.5684,5339.862499933909,1414.7059000660913,20.944430736182806,1.7099460517201584e-08,3.7607266965054984e-08,1414.7059000113845,1,0,0,0,1,G4,,,,,G2=1;G3=1;G4=0;G5=1;G9=1;G10=1
1252,optimal,1011492.5199887936,248686.61939682037,762805.9005919733,6754.5684,5991.762499887271,762.8059001127292,11.293184922262823,2.7458001515250526e-08,5.803054095238996e-08,762.8059000272406,0,0,0,0,0,,,,,,G2=1;G3=1;G4=1;G5=1;G9=1;G10=1
1253,optimal,1011492.5199887936,248686.61939682037,762805.9005919733,6754.5684,5991.762499887271,762.8059001127292,11.293184922262823,2.7458001515250526e-08,5.803054095238996e-08,762.8059000272406,0,0,0,0,0,,,,,,G2=1;G3=1;G4=1;G5=1;G9=1;G10=1
1254,optimal,1011492.5199887936,248686.61939682037,762805.9005919733,6754.5684,5991.762499887271,762.8059001127292,11.293184922262823,2.7458001515250526e-08,5.803054095238996e-08,762.8059000272406,0,0,0,0,0,,,,,,G2=1;G3=1;G4=1;G5=1;G9=1;G10=1
1255,optimal,1011492.5199887936,248686.61939682037,762805.9005919733,6754.5684,5991.762499887271,762.8059001127292,11.293184922262823,2.7458001515250526e-08,5.803054095238996e-08,762.8059000272406,0,0,0,0,0,,,,,,G2=1;G3=1;G4=1;G5=1;G9=1;G10=1
1256,optimal,1011492.5200381498,248686.61939626903,762805.9006418807,6754.5684,5991.762499875977,762.805900124024,11.29318492243004,2.9662259974083655e-08,6.272405522346802e-08,762.8059000316377,0,1,0,1,0,,L7,,,L7,G2=1;G3=1;G4=1;G5=1;G9=1;G10=1
1257,optimal,1011492.5199887936,248686.61939682037,762805.9005919733,6754.5684,5991.762499887271,762.8059001127292,11.293184922262823,2.7458001515250526e-08,5.803054095238996e-08,762.8059000272406,0,0,0,0,0,,,,,,G2=1;G3=1;G4=1;G5=1;G9=1;G10=1
1258,optimal,1617903.9156180217,203198.01524760606,1414705.9003704158,6754.5684,5339.862499933909,1414.7059000660913,20.944430736182806,1.7099460517201584e-08,3.7607266965054984e-08,1414.7059000113845,1,0,0,0,1,G4,,,,,G2=1;G3=1;G4=0;G5=1;G9=1;G10=1
1259,optimal,1011492.5199887936,248686.61939682037,762805.9005919733,6754.5684,5991.762499887271,762.8059001127292,11.293184922262823,2.7458001515250526e-08,5.803054095238996e-08,762.8059000272406,0,0,0,0,0,,,,,,G2=1;G3=1;G4=1;G5=1;G9=1;G10=1
1260,optimal,1011492.5199887936,248686.61939682037,762805.9005919733,6754.5684,5991.762499887271,762.8059001127292,11.293184922262823,2.7458001515250526e-08,5.803054095238996e-08,762.8059000272406,0,0,0,0,0,,,,,,G2=1;G3=1;G4=1;G5=1;G9=1;G10=1
1261,optimal,1011492.5199887936,248686.61939682037,762805.9005919733,6754.5684,5991.762499887271,762.8059001127292,11.293184922262823,2.7458001515250526e-08,5.803054095238996e-08,762.8059000272406,0,0,0,0,0,,,,,,G2=1;G3=1;G4=1;G5=1;G9=1;G10=1
1262,optimal,1011492.5199887936,248686.61939682037,762805.9005919733,6754.5684,5991.762499887271,762.8059001127292,11.293184922262823,2.7458001515250526e-08,5.803054095238996e-08,762.8059000272406,0,0,0,0,0,,,,,,G2=1;G3=1;G4=1;G5=1;G9=1;G10=1
1263,optimal,1421105.0200076625,248686.61939763324,1172418.4006100292,6754.5684,5582.149999912271,1172.4184000877294,17.357413984996132,2.9548047475535493e-08,6.409181553006159e-08,1172.4183999940894,1,0,0,0,0,G7,,,,,G2=1;G3=1;G4=1;G5=1;G9=1;G10=1
1264,optimal,1011492.5199887936,248686.61939682037,762805.9005919733,6754.5684,5991.762499887271,762.8059001127292,11.293184922262823,2.7458001515250526e-08,5.803054095238996e-08,762.8059000272406,0,0,0,0,0,,,,,,G2=1;G3=1;G4=1;G5=1;G9=1;G10=1
1265,optimal,1011492.5199887936,248686.61939682037,762805.9005919733,6754.5684,5991.762499887271,762.8059001127292,11.293184922262823,2.7458001515250526e-08,5.803054095238996e-08,762.8059000272406,0,0,0,0,0,,,,,,G2=1;G3=1;G4=1;G5=1;G9=1;G10=1
1266,optimal,1011492.5199887936,248686.61939682037,762805.9005919733,6754.5684,5991.762499887271,762.8059001127292,11.293184922262823,2.7458001515250526e-08,5.803054095238996e-08,762.8059000272406,0,0,0,0,0,,,,,,G2=1;G3=1;G4=1;G5=1;G9=1;G10=1
1267,optimal,1011492.5199887936,248686.61939682037,762805.9005919733,6754.5684,5991.762499887271,762.8059001127292,11.293184922262823,2.7458001515250526e-08,5.803054095238996e-08,762.8059000272406,0,0,0,0,0,,,,,,G2=1;G3=1;G4=1;G5=1;G9=1;G10=1
1268,optimal,1011492.5199887936,248686.61939682037,762805.9005919733,6754.5684,5991.762499887271,762.8059001127292,11.293184922262823,2.7458001515250526e-08,5.803054095238996e-08,762.8059000272406,0,0,0,0,0,,,,,,G2=1;G3=1;G4=1;G5=1;G9=1;G10=1
1269,optimal,1011492.5199887936,248686.61939682037,762805.9005919733,6754.5684,5991.762499887271,762.8059001127292,11.293184922262823,2.7458001515250526e-08,5.803054095238996e-08,762.8059000272406,0,0,0,0,0,,,,,,G2=1;G3=1;G4=1;G5=1;G9=1;G10=1
1270,optimal,1617903.9156180217,203198.01524760606,1414705.9003704158,6754.5684,5339.862499933909,1414.7059000660913,20.944430736182806,1.7099460517201584e-08,3.7607266965054984e-08,1414.7059000113845,1,0,0,0,1,G4,,,,,G2=1;G3=1;G4=0;G5=1;G9=1;G10=1
1271,optimal,1011492.5199887936,248686.61939682037,762805.9005919733,6754.5684,5991.762499887271,762.8059001127292,11.293184922262823,2.7458001515250526e-08,5.803054095238996e-08,762.8059000272406,0,0,0,0,0,,,,,,G2=1;G3=1;G4=1;G5=1;G9=1;G10=1
1272,optimal,1011492.5200144143,248686.61939689223,762805.9006175221,6754.5684,5991.762499886099,762.805900113901,11.29318492228017,2.883668644842287e-08,6.10226867385078e-08,762.8059000240415,0,1,0,1,0,,L3,,,L3,G2=1;G3=1;G4=1;G5=1;G9=1;G10=1
1273,optimal,1011492.5199887936,248686.61939682037,762805.9005919733,6754.5684,5991.762499887271,762.8059001127292,11.293184922262823,2.7458001515250526e-08,5.803054095238996e-08,762.8059000272406,0,0,0,0,0,,,,,,G2=1;G3=1;G4=1;G5=1;G9=1;G10=1
1274,optimal,1942005.9141787183,176450.01352167473,1765555.9006570436,6754.5684,4989.012499876619,1765.555900123381,26.138693038083392,2.9752059733918543e-08,6.64735338223288e-08,1765.5559000271553,1,0,0,0,1,G10,,,,,G2=1;G3=1;G4=1;G5=1;G9=1;G10=0
1275,optimal,1011492.5199887936,248686.61939682037,762805.9005919733,6754.5684,5991.762499887271,762.8059001127292,11.293184922262823,2.7458001515250526e-08,5.803054095238996e-08,762.8059000272406,0,0,0,0,0,,,,,,G2=1;G3=1;G4=1;G5=1;G9=1;G10=1
1276,optimal,1011492.5199887936,248686.61939682037,762805.9005919733,6754.5684,5991.762499887271,762.8059001127292,11.293184922262823,2.7458001515250526e-08,5.803054095238996e-08,762.8059000272406,0,0,0,0,0,,,,,,G2=1;G3=1;G4=1;G5=1;G9=1;G10=1
1277,optimal,1011492.5199887936,248686.61939682037,762805.9005919733,6754.5684,5991.762499887271,762.8059001127292,11.293184922262823,2.7458001515250526e-08,5.803054095238996e-08,762.8059000272406,0,0,0,0,0,,,,,,G2=1;G3=1;G4=1;G5=1;G9=1;G10=1
1278,optimal,1011492.5199887936,248686.61939682037,762805.9005919733,6754.5684,5991.762499887271,762.8059001127292,11.293184922262823,2.7458001515250526e-08,5.803054095238996e-08,762.8059000272406,0,0,0,0,0,,,,,,G2=1;G3=1;G4=1;G5=1;G9=1;G10=1
1279,optimal,1011492.5199887936,248686.61939682037,762805.9005919733,6754.5684,5991.762499887271,762.8059001127292,11.293184922262823,2.7458001515250526e-08,5.803054095238996e-08,762.8059000272406,0,0,0,0,0,,,,,,G2=1;G3=1;G4=1;G5=1;G9=1;G10=1
1280,optimal,1011492.5199887936,248686.61939682037,762805.9005919733,6754.5684,5991.762499887271,762.8059001127292,11.293184922262823,2.7458001515250526e-08,5.803054095238996e-08,762.8059000272406,0,0,0,0,0,,,,,,G2=1;G3=1;G4=1;G5=1;G9=1;G10=1
1281,optimal,1011492.5199887936,248686.61939682037,762805.9005919733,6754.5684,5991.762499887271,762.8059001127292,11.293184922262823,2.7458001515250526e-08,5.803054095238996e-08,762.8059000272406,0,0,0,0,0,,,,,,G2=1;G3=1;G4=1;G5=1;G9=1;G10=1
1282,optimal,1762008.5196597988,219202.61940022666,1542805.900259572,6754.5684,5211.76249995944,1542.8059000405603,22.840924966287414,1.2275104591387625e-08,2.7134035924435567e-08,1542.8059000011513,1,1,0,1,1,G2,L43,,,L43,G2=0;G3=1;G4=1;G5=1;G9=1;G10=1
1283,optimal,1011492.5199887936,248686.61939682037,762805.9005919733,6754.5684,5991.762499887271,762.8059001127292,11.293184922262823,2.7458001515250526e-08,5.803054095238996e-08,762.8059000272406,0,0,0,0,0,,,,,,G2=1;G3=1;G4=1;G5=1;G9=1;G10=1
1284,optimal,1011492.5199887936,248686.61939682037,762805.9005919733,6754.5684,5991.762499887271,762.8059001127292,11.293184922262823,2.7458001515250526e-08,5.803054095238996e-08,762.8059000272406,1,0,0,0,0,G8,,,,,G2=1;G3=1;G4=1;G5=1;G9=1;G10=1
1285,optimal,1011492.5199887936,248686.61939682037,762805.9005919733,6754.5684,5991.762499887271,762.8059001127292,11.293184922262823,2.7458001515250526e-08,5.803054095238996e-08,762.8059000272406,0,0,0,0,0,,,,,,G2=1;G3=1;G4=1;G5=1;G9=1;G10=1
1286,optimal,1011492.5199887936,248686.61939682037,762805.9005919733,6754.5684,5991.762499887271,762.8059001127292,11.293184922262823,2.7458001515250526e-08,5.803054095238996e-08,762.8059000272406,0,0,0,0,0,,,,,,G2=1;G3=1;G4=1;G5=1;G9=1;G10=1
1287,optimal,1011492.5199887936,248686.61939682037,762805.9005919733,6754.5684,5991.762499887271,762.8059001127292,11.293184922262823,2.7458001515250526e-08,5.803054095238996e-08,762.8059000272406,0,0,0,0,0,,,,,,G2=1;G3=1;G4=1;G5=1;G9=1;G10=1
1288,optimal,1062209.1468339658,247871.52456482005,814337.6222691458,6754.5684,5940.230778062133,814.3376219378672,12.056101496253516,1.8646077617545803e-08,4.086594438453974e-08,814.3376218783553,0,1,0,1,0,,L4,,,L4,G2=1;G3=1;G4=1;G5=1;G9=1;G10=1
1289,optimal,1011492.5199887936,248686.61939682037,762805.9005919733,6754.5684,5991.762499887271,762.8059001127292,11.293184922262823,2.7458001515250526e-08,5.803054095238996e-08,762.8059000272406,0,0,0,0,0,,,,,,G2=1;G3=1;G4=1;G5=1;G9=1;G10=1
1290,optimal,1011492.5199887936,248686.61939682037,762805.9005919733,6754.5684,5991.762499887271,762.8059001127292,11.293184922262823,2.7458001515250526e-08,5.803054095238996e-08,762.8059000272406,0,0,0,0,0,,,,,,G2=1;G3=1;G4=1;G5=1;G9=1;G10=1
1291,optimal,1762008.519707015,219202.61939996327,1542805.9003070518,6754.5684,5211.762499951118,1542.8059000488818,22.84092496641061,1.4531812890223839e-08,3.18460104491516e-08,1542.805900002504,1,1,0,1,1,G2,L31,,,L31,G2=0;G3=1;G4=1;G5=1;G9=1;G10=1
1292,optimal,1809272.2391835516,238966.33814384614,1570305.9010397056,6754.5684,5184.262499825423,1570.305900174577,23.24805682883568,4.869627558902072e-08,1.0671562093651315e-07,1570.3059000191647,1,0,0,0,0,G1,,,,,G2=1;G3=1;G4=1;G5=1;G9=1;G10=1
1293,optimal,1011492.5199887936,248686.61939682037,762805.9005919733,6754.5684,5991.762499887271,762.8059001127292,11.293184922262823,2.7458001515250526e-08,5.803054095238996e-08,762.8059000272406,0,0,0,0,0,,,,,,G2=1;G3=1;G4=1;G5=1;G9=1;G10=1
1294,optimal,1011492.5199887936,248686.61939682037,762805.9005919733,6754.5684,5991.762499887271,762.8059001127292,11.293184922262823,2.7458001515250526e-08,5.803054095238996e-08,762.8059000272406,0,0,0,0,0,,,,,,G2=1;G3=1;G4=1;G5=1;G9=1;G10=1
1295,optimal,1011492.5199887936,248686.61939682037,762805.9005919733,6754.5684,5991.762499887271,762.8059001127292,11.293184922262823,2.7458001515250526e-08,5.803054095238996e-08,762.8059000272406,0,0,0,0,0,,,,,,G2=1;G3=1;G4=1;G5=1;G9=1;G10=1
1296,optimal,1011492.5199887936,248686.61939682037,762805.9005919733,6754.5684,5991.762499887271,762.8059001127292,11.293184922262823,2.7458001515250526e-08,5.803054095238996e-08,762.8059000272406,0,0,0,0,0,,,,,,G2=1;G3=1;G4=1;G5=1;G9=1;G10=1
1297,optimal,1011492.5199887936,248686.61939682037,762805.9005919733,6754.5684,5991.762499887271,762.8059001127292,11.293184922262823,2.7458001515250526e-08,5.803054095238996e-08,762.8059000272406,0,0,0,0,0,,,,,,G2=1;G3=1;G4=1;G5=1;G9=1;G10=1
1298,optimal,1011492.5199887936,248686.61939682037,762805.9005919733,6754.5684,5991.762499887271,762.8059001127292,11.293184922262823,2.7458001515250526e-08,5.803054095238996e-08,762.8059000272406,0,0,0,0,0,,,,,,G2=1;G3=1;G4=1;G5=1;G9=1;G10=1
1299,optimal,1011492.5199887936,248686.61939682037,762805.9005919733,6754.5684,5991.762499887271,762.8059001127292,11.293184922262823,2.7458001515250526e-08,5.803054095238996e-08,762.8059000272406,0,0,0,0,0,,,,,,G2=1;G3=1;G4=1;G5=1;G9=1;G10=1
1300,optimal,1011492.5199887936,248686.61939682037,762805.9005919733,6754.5684,5991.762499887271,762.8059001127292,11.293184922262823,2.7458001515250526e-08,5.803054095238996e-08,762.8059000272406,0,0,0,0,0,,,,,,G2=1;G3=1;G4=1;G5=1;G9=1;G10=1
1301,optimal,1011492.5199887936,248686.61939682037,762805.9005919733,6754.5684,5991.762499887271,762.8059001127292,11.293184922262823,2.7458001515250526e-08,5.803054095238996e-08,762.8059000272406,0,0,0,0,0,,,,,,G2=1;G3=1;G4=1;G5=1;G9=1;G10=1
1302,optimal,1760144.3196719813,217338.41940008034,1542805.900271901,6754.5684,5211.762499954262,1542.8059000457379,22.840924966364064,1.2671097422401753e-08,2.803087046639168e-08,1542.8059000050362,1,0,0,0,1,G3,,,,,G2=1;G3=0;G4=1;G5=1;G9=1;G10=1
1303,optimal,1760144.3196719813,217338.41940008034,1542805.900271901,6754.5684,5211.762499954262,1542.8059000457379,22.840924966364064,1.2671097422401753e-08,2.803087046639168e-08,1542.8059000050362,1,0,0,0,1,G3,,,,,G2=1;G3=0;G4=1;G5=1;G9=1;G10=1
1304,optimal,1011492.5199887936,248686.61939682037,762805.9005919733,6754.5684,5991.762499887271,762.8059001127292,11.293184922262823,2.7458001515250526e-08,5.803054095238996e-08,762.8059000272406,0,0,0,0,0,,,,,,G2=1;G3=1;G4=1;G5=1;G9=1;G10=1
1305,optimal,1011492.5199887936,248686.61939682037,762805.9005919733,6754.5684,5991.762499887271,762.8059001127292,11.293184922262823,2.7458001515250526e-08,5.803054095238996e-08,762.8059000272406,0,0,0,0,0,,,,,,G2=1;G3=1;G4=1;G5=1;G9=1;G10=1
1306,optimal,1617903.9156180217,203198.01524760606,1414705.9003704158,6754.5684,5339.862499933909,1414.7059000660913,20.944430736182806,1.7099460517201584e-08,3.7607266965054984e-08,1414.7059000113845,1,0,0,0,1,G4,,,,,G2=1;G3=1;G4=0;G5=1;G9=1;G10=1
1307,optimal,1011492.5199887936,248686.61939682037,762805.9005919733,6754.5684,5991.762499887271,762.8059001127292,11.293184922262823,2.7458001515250526e-08,5.803054095238996e-08,762.8059000272406,0,0,0,0,0,,,,,,G2=1;G3=1;G4=1;G5=1;G9=1;G10=1
1308,optimal,1011492.5199887936,248686.61939682037,762805.9005919733,6754.5684,5991.762499887271,762.8059001127292,11.293184922262823,2.7458001515250526e-08,5.803054095238996e-08,762.8059000272406,0,0,0,0,0,,,,,,G2=1;G3=1;G4=1;G5=1;G9=1;G10=1
1309,optimal,1011492.5199887936,248686.61939682037,762805.9005919733,6754.5684,5991.762499887271,762.8059001127292,11.293184922262823,2.7458001515250526e-08,5.803054095238996e-08,762.8059000272406,0,0,0,0,0,,,,,,G2=1;G3=1;G4=1;G5=1;G9=1;G10=1
1310,optimal,1011492.5199887936,248686.61939682037,762805.9005919733,6754.5684,5991.762499887271,762.8059001127292,11.293184922262823,2.7458001515250526e-08,5.803054095238996e-08,762.8059000272406,0,0,0,0,0,,,,,,G2=1;G3=1;G4=1;G5=1;G9=1;G10=1
1311,optimal,1011492.5199887936,248686.61939682037,762805.9005919733,6754.5684,5991.762499887271,762.8059001127292,11.293184922262823,2.7458001515250526e-08,5.803054095238996e-08,762.8059000272406,0,0,0,0,0,,,,,,G2=1;G3=1;G4=1;G5=1;G9=1;G10=1
1312,optimal,1011492.5199887936,248686.61939682037,762805.9005919733,6754.5684,5991.762499887271,762.8059001127292,11.293184922262823,2.7458001515250526e-08,5.803054095238996e-08,762.8059000272406,1,0,0,0,0,G6,,,,,G2=1;G3=1;G4=1;G5=1;G9=1;G10=1
1313,optimal,1617903.9156180217,203198.01524760606,1414705.9003704158,6754.5684,5339.862499933909,1414.7059000660913,20.944430736182806,1.7099460517201584e-08,3.7607266965054984e-08,1414.7059000113845,1,0,0,0,1,G4,,,,,G2=1;G3=1;G4=0;G5=1;G9=1;G10=1
1314,optimal,1617903.9156180217,203198.01524760606,1414705.9003704158,6754.5684,5339.862499933909,1414.7059000660913,20.944430736182806,1.7099460517201584e-08,3.7607266965054984e-08,1414.7059000113845,1,0,0,0,1,G4,,,,,G2=1;G3=1;G4=0;G5=1;G9=1;G10=1
1315,optimal,1011492.5199887936,248686.61939682037,762805.9005919733,6754.5684,5991.762499887271,762.8059001127292,11.293184922262823,2.7458001515250526e-08,5.803054095238996e-08,762.8059000272406,0,0,0,0,0,,,,,,G2=1;G3=1;G4=1;G5=1;G9=1;G10=1
1316,optimal,1011492.5199887936,248686.61939682037,762805.9005919733,6754.5684,5991.762499887271,762.8059001127292,11.293184922262823,2.7458001515250526e-08,5.803054095238996e-08,762.8059000272406,0,0,0,0,0,,,,,,G2=1;G3=1;G4=1;G5=1;G9=1;G10=1
1317,optimal,1011492.5199887936,248686.61939682037,762805.9005919733,6754.5684,5991.762499887271,762.8059001127292,11.293184922262823,2.7458001515250526e-08,5.803054095238996e-08,762.8059000272406,0,0,0,0,0,,,,,,G2=1;G3=1;G4=1;G5=1;G9=1;G10=1
1318,optimal,1011492.5199887936,248686.61939682037,762805.9005919733,6754.5684,5991.762499887271,762.8059001127292,11.293184922262823,2.7458001515250526e-08,5.803054095238996e-08,762.8059000272406,0,0,0,0,0,,,,,,G2=1;G3=1;G4=1;G5=1;G9=1;G10=1
1319,optimal,1617903.9156180217,203198.01524760606,1414705.9003704158,6754.5684,5339.862499933909,1414.7059000660913,20.944430736182806,1.7099460517201584e-08,3.7607266965054984e-08,1414.7059000113845,1,0,0,0,1,G4,,,,,G2=1;G3=1;G4=0;G5=1;G9=1;G10=1
1320,optimal,1011492.5199887936,248686.61939682037,762805.9005919733,6754.5684,5991.762499887271,762.8059001127292,11.293184922262823,2.7458001515250526e-08,5.803054095238996e-08,762.8059000272406,0,0,0,0,0,,,,,,G2=1;G3=1;G4=1;G5=1;G9=1;G10=1
1321,optimal,1011492.5199887936,248686.61939682037,762805.9005919733,6754.5684,5991.762499887271,762.8059001127292,11.293184922262823,2.7458001515250526e-08,5.803054095238996e-08,762.8059000272406,0,0,0,0,0,,,,,,G2=1;G3=1;G4=1;G5=1;G9=1;G10=1
1322,optimal,1011492.5199887936,248686.61939682037,762805.9005919733,6754.5684,5991.762499887271,762.8059001127292,11.293184922262823,2.7458001515250526e-08,5.803054095238996e-08,762.8059000272406,0,0,0,0,0,,,,,,G2=1;G3=1;G4=1;G5=1;G9=1;G10=1
1323,optimal,1011492.5199887936,248686.61939682037,762805.9005919733,6754.5684,5991.762499887271,762.8059001127292,11.293184922262823,2.7458001515250526e-08,5.803054095238996e-08,762.8059000272406,0,0,0,0,0,,,,,,G2=1;G3=1;G4=1;G5=1;G9=1;G10=1
1324,optimal,1011492.5199887936,248686.61939682037,762805.9005919733,6754.5684,5991.762499887271,762.8059001127292,11.293184922262823,2.7458001515250526e-08,5.803054095238996e-08,762.8059000272406,0,0,0,0,0,,,,,,G2=1;G3=1;G4=1;G5=1;G9=1;G10=1
1325,optimal,1011492.5199887936,248686.61939682037,762805.9005919733,6754.5684,5991.762499887271,762.8059001127292,11.293184922262823,2.7458001515250526e-08,5.803054095238996e-08,762.8059000272406,1,0,0,0,0,G6,,,,,G2=1;G3=1;G4=1;G5=1;G9=1;G10=1
1326,optimal,1011492.5199887936,248686.61939682037,762805.9005919733,6754.5684,5991.762499887271,762.8059001127292,11.293184922262823,2.7458001515250526e-08,5.803054095238996e-08,762.8059000272406,0,0,0,0,0,,,,,,G2=1;G3=1;G4=1;G5=1;G9=1;G10=1
1327,optimal,1011492.5199887936,248686.61939682037,762805.9005919733,6754.5684,5991.762499887271,762.8059001127292,11.293184922262823,2.7458001515250526e-08,5.803054095238996e-08,762.8059000272406,0,0,0,0,0,,,,,,G2=1;G3=1;G4=1;G5=1;G9=1;G10=1
1328,optimal,1011492.5199887936,248686.61939682037,762805.9005919733,6754.5684,5991.762499887271,762.8059001127292,11.293184922262823,2.7458001515250526e-08,5.803054095238996e-08,762.8059000272406,0,0,0,0,0,,,,,,G2=1;G3=1;G4=1;G5=1;G9=1;G10=1
1329,optimal,1011492.5199887936,248686.61939682037,762805.9005919733,6754.5684,5991.762499887271,762.8059001127292,11.293184922262823,2.7458001515250526e-08,5.803054095238996e-08,762.8059000272406,0,0,0,0,0,,,,,,G2=1;G3=1;G4=1;G5=1;G9=1;G10=1
1330,optimal,1011492.5199887936,248686.61939682037,762805.9005919733,6754.5684,5991.762499887271,762.8059001127292,11.293184922262823,2.7458001515250526e-08,5.803054095238996e-08,762.8059000272406,0,0,0,0,0,,,,,,G2=1;G3=1;G4=1;G5=1;G9=1;G10=1
1331,optimal,1011492.5199887936,248686.61939682037,762805.9005919733,6754.5684,5991.762499887271,762.8059001127292,11.293184922262823,2.7458001515250526e-08,5.803054095238996e-08,762.8059000272406,0,0,0,0,0,,,,,,G2=1;G3=1;G4=1;G5=1;G9=1;G10=1
1332,optimal,1011492.5199887936,248686.61939682037,762805.9005919733,6754.5684,5991.762499887271,762.8059001127292,11.293184922262823,2.7458001515250526e-08,5.803054095238996e-08,762.8059000272406,1,0,0,0,0,G8,,,,,G2=1;G3=1;G4=1;G5=1;G9=1;G10=1
1333,optimal,1011492.5199887936,248686.61939682037,762805.9005919733,6754.5684,5991.762499887271,762.8059001127292,11.293184922262823,2.7458001515250526e-08,5.803054095238996e-08,762.8059000272406,1,0,0,0,0,G6,,,,,G2=1;G3=1;G4=1;G5=1;G9=1;G10=1
1334,optimal,1942005.9141787183,176450.01352167473,1765555.9006570436,6754.5684,4989.012499876619,1765.555900123381,26.138693038083392,2.9752059733918543e-08,6.64735338223288e-08,1765.5559000271553,1,0,0,0,1,G10,,,,,G2=1;G3=1;G4=1;G5=1;G9=1;G10=0
1335,optimal,1011492.5199887936,248686.61939682037,762805.9005919733,6754.5684,5991.762499887271,762.8059001127292,11.293184922262823,2.7458001515250526e-08,5.803054095238996e-08,762.8059000272406,0,0,0,0,0,,,,,,G2=1;G3=1;G4=1;G5=1;G9=1;G10=1
1336,optimal,1011492.5199887936,248686.61939682037,762805.9005919733,6754.5684,5991.762499887271,762.8059001127292,11.293184922262823,2.7458001515250526e-08,5.803054095238996e-08,762.8059000272406,0,0,0,0,0,,,,,,G2=1;G3=1;G4=1;G5=1;G9=1;G10=1
1337,optimal,1651070.9307264644,222365.03024655534,1428705.900479909,6754.5684,5325.86249991447,1428.7059000855293,21.151697865485072,2.2397464574565604e-08,4.820062919553181e-08,1428.705900014931,1,0,0,0,1,G5,,,,,G2=1;G3=1;G4=1;G5=0;G9=1;G10=1
1338,optimal,1011492.5197590671,248686.61939888433,762805.9003601827,6754.5684,5991.76249993248,762.8059000675204,11.293184921593516,1.6455040694712703e-08,3.6141762783183105e-08,762.8059000149235,0,1,0,1,0,,L2,,,L2,G2=1;G3=1;G4=1;G5=1;G9=1;G10=1
1339,optimal,1011492.5199887936,248686.61939682037,762805.9005919733,6754.5684,5991.762499887271,762.8059001127292,11.293184922262823,2.7458001515250526e-08,5.803054095238996e-08,762.8059000272406,0,0,0,0,0,,,,,,G2=1;G3=1;G4=1;G5=1;G9=1;G10=1
1340,optimal,1011492.5199887936,248686.61939682037,762805.9005919733,6754.5684,5991.762499887271,762.8059001127292,11.293184922262823,2.7458001515250526e-08,5.803054095238996e-08,762.8059000272406,0,0,0,0,0,,,,,,G2=1;G3=1;G4=1;G5=1;G9=1;G10=1
1341,optimal,1011492.5199887936,248686.61939682037,762805.9005919733,6754.5684,5991.762499887271,762.8059001127292,11.293184922262823,2.7458001515250526e-08,5.803054095238996e-08,762.8059000272406,0,0,0,0,0,,,,,,G2=1;G3=1;G4=1;G5=1;G9=1;G10=1
1342,optimal,1011492.5199887936,248686.61939682037,762805.9005919733,6754.5684,5991.762499887271,762.8059001127292,11.293184922262823,2.7458001515250526e-08,5.803054095238996e-08,762.8059000272406,0,0,0,0,0,,,,,,G2=1;G3=1;G4=1;G5=1;G9=1;G10=1
1343,optimal,1011492.5199887936,248686.61939682037,762805.9005919733,6754.5684,5991.762499887271,762.8059001127292,11.293184922262823,2.7458001515250526e-08,5.803054095238996e-08,762.8059000272406,0,0,0,0,0,,,,,,G2=1;G3=1;G4=1;G5=1;G9=1;G10=1
1344,optimal,1617903.9156180217,203198.01524760606,1414705.9003704158,6754.5684,5339.862499933909,1414.7059000660913,20.944430736182806,1.7099460517201584e-08,3.7607266965054984e-08,1414.7059000113845,1,0,0,0,1,G4,,,,,G2=1;G3=1;G4=0;G5=1;G9=1;G10=1
1345,optimal,1011492.5199887936,248686.61939682037,762805.9005919733,6754.5684,5991.762499887271,762.8059001127292,11.293184922262823,2.7458001515250526e-08,5.803054095238996e-08,762.8059000272406,0,0,0,0,0,,,,,,G2=1;G3=1;G4=1;G5=1;G9=1;G10=1
1346,optimal,1011492.5198578504,248686.61939773144,762805.900460119,6754.5684,5991.762499908011,762.8059000919891,11.293184921955769,2.0762048508068897e-08,4.531783302383731e-08,762.8059000259093,0,1,0,1,0,,L12,,,L12,G2=1;G3=1;G4=1;G5=1;G9=1;G10=1
1347,optimal,1011492.5199887936,248686.61939682037,762805.9005919733,6754.5684,5991.762499887271,762.8059001127292,11.293184922262823,2.7458001515250526e-08,5.803054095238996e-08,762.8059000272406,0,0,0,0,0,,,,,,G2=1;G3=1;G4=1;G5=1;G9=1;G10=1
1348,optimal,1011492.5199887936,248686.61939682037,762805.9005919733,6754.5684,5991.762499887271,762.8059001127292,11.293184922262823,2.7458001515250526e-08,5.803054095238996e-08,762.8059000272406,0,0,0,0,0,,,,,,G2=1;G3=1;G4=1;G5=1;G9=1;G10=1
1349,optimal,1011492.5199887936,248686.61939682037,762805.9005919733,6754.5684,5991.762499887271,762.8059001127292,11.293184922262823,2.7458001515250526e-08,5.803054095238996e-08,762.8059000272406,0,0,0,0,0,,,,,,G2=1;G3=1;G4=1;G5=1;G9=1;G10=1
1350,optimal,1011492.5199887936,248686.61939682037,762805.9005919733,6754.5684,5991.762499887271,762.8059001127292,11.293184922262823,2.7458001515250526e-08,5.803054095238996e-08,762.8059000272406,0,0,0,0,0,,,,,,G2=1;G3=1;G4=1;G5=1;G9=1;G10=1
1351,optimal,2027516.4156233906,203198.01524739375,1824318.4003759967,6754.5684,4930.249999937464,1824.3184000625358,27.00865979923359,1.8048263268634532e-08,3.775651021682874e-08,1824.318400006731,2,0,0,0,1,G4;G7,,,,,G2=1;G3=1;G4=0;G5=1;G9=1;G10=1
1352,optimal,1011492.5199887936,248686.61939682037,762805.9005919733,6754.5684,5991.762499887271,762.8059001127292,11.293184922262823,2.7458001515250526e-08,5.803054095238996e-08,762.8059000272406,0,0,0,0,0,,,,,,G2=1;G3=1;G4=1;G5=1;G9=1;G10=1
1353,optimal,1617903.9156180217,203198.01524760606,1414705.9003704158,6754.5684,5339.862499933909,1414.7059000660913,20.944430736182806,1.7099460517201584e-08,3.7607266965054984e-08,1414.7059000113845,1,0,0,0,1,G4,,,,,G2=1;G3=1;G4=0;G5=1;G9=1;G10=1
1354,optimal,1421105.020442244,248686.61939356098,1172418.4010486829,6754.5684,5582.1499998269455,1172.4184001730544,17.35741398625935,4.98307045549812e-08,1.0678802606635544e-07,1172.4184000164355,1,1,0,1,0,G7,L28,,,L28,G2=1;G3=1;G4=1;G5=1;G9=1;G10=1
1355,optimal,1011492.5199887936,248686.61939682037,762805.9005919733,6754.5684,5991.762499887271,762.8059001127292,11.293184922262823,2.7458001515250526e-08,5.803054095238996e-08,762.8059000272406,0,0,0,0,0,,,,,,G2=1;G3=1;G4=1;G5=1;G9=1;G10=1
1356,optimal,1011492.5199887936,248686.61939682037,762805.9005919733,6754.5684,5991.762499887271,762.8059001127292,11.293184922262823,2.7458001515250526e-08,5.803054095238996e-08,762.8059000272406,0,0,0,0,0,,,,,,G2=1;G3=1;G4=1;G5=1;G9=1;G10=1
1357,optimal,1011492.5199887936,248686.61939682037,762805.9005919733,6754.5684,5991.762499887271,762.8059001127292,11.293184922262823,2.7458001515250526e-08,5.803054095238996e-08,762.8059000272406,0,0,0,0,0,,,,,,G2=1;G3=1;G4=1;G5=1;G9=1;G10=1
1358,optimal,1050385.2421281475,246727.7419585112,803657.5001696362,6754.5684,5950.910899950781,803.6575000492193,11.897984481868882,6.819111613143224e-09,1.4761330403713158e-08,803.6575000276387,0,1,0,1,0,,L10,,,L10,G2=1;G3=1;G4=1;G5=1;G9=1;G10=1
1359,optimal,1011492.5199887936,248686.61939682037,762805.9005919733,6754.5684,5991.762499887271,762.8059001127292,11.293184922262823,2.7458001515250526e-08,5.803054095238996e-08,762.8059000272406,0,0,0,0,0,,,,,,G2=1;G3=1;G4=1;G5=1;G9=1;G10=1
1360,optimal,1011492.5199887936,248686.61939682037,762805.9005919733,6754.5684,5991.762499887271,762.8059001127292,11.293184922262823,2.7458001515250526e-08,5.803054095238996e-08,762.8059000272406,0,0,0,0,0,,,,,,G2=1;G3=1;G4=1;G5=1;G9=1;G10=1
1361,optimal,1011492.520036902,248686.61939631234,762805.9006405898,6754.5684,5991.762499876461,762.8059001235385,11.293184922422853,2.9633569914828803e-08,6.258723474736006e-08,762.8059000313178,0,1,0,1,0,,L11,,,L11,G2=1;G3=1;G4=1;G5=1;G9=1;G10=1
1362,optimal,1011492.5199887936,248686.61939682037,762805.9005919733,6754.5684,5991.762499887271,762.8059001127292,11.293184922262823,2.7458001515250526e-08,5.803054095238996e-08,762.8059000272406,0,0,0,0,0,,,,,,G2=1;G3=1;G4=1;G5=1;G9=1;G10=1
1363,optimal,1011492.5199887936,248686.61939682037,762805.9005919733,6754.5684,5991.762499887271,762.8059001127292,11.293184922262823,2.7458001515250526e-08,5.803054095238996e-08,762.8059000272406,0,0,0,0,0,,,,,,G2=1;G3=1;G4=1;G5=1;G9=1;G10=1
1364,optimal,1011492.5199887936,248686.61939682037,762805.9005919733,6754.5684,5991.762499887271,762.8059001127292,11.293184922262823,2.7458001515250526e-08,5.803054095238996e-08,762.8059000272406,0,0,0,0,0,,,,,,G2=1;G3=1;G4=1;G5=1;G9=1;G10=1
1365,optimal,1011492.5202408661,248686.6194325539,762805.9008083122,6754.5684,5991.762499851767,762.8059001482333,11.293184922788454,3.6184019919627077e-08,8.360569066035258e-08,762.8059000284436,0,1,0,1,0,,L45,,,L45,G2=1;G3=1;G4=1;G5=1;G9=1;G10=1
1366,optimal,1760144.3196745194,217338.41940006224,1542805.9002744572,6754.5684,5211.762499953639,1542.8059000463609,22.840924966373287,1.2779276903178535e-08,2.827068163579692e-08,1542.8059000053108,0,1,0,1,1,,L23,,,L23,G2=1;G3=0;G4=1;G5=1;G9=1;G10=1
1367,optimal,1421105.0200076625,248686.61939763324,1172418.4006100292,6754.5684,5582.149999912271,1172.4184000877294,17.357413984996132,2.9548047475535493e-08,6.409181553006159e-08,1172.4183999940894,1,0,0,0,0,G7,,,,,G2=1;G3=1;G4=1;G5=1;G9=1;G10=1
1368,optimal,1856229.960677115,215924.0600212886,1640305.9006558263,6754.5684,5114.262499885711,1640.3059001142892,24.284392473015583,3.0134841637619665e-08,6.758088313967037e-08,1640.3059000165733,0,1,0,1,1,,L46,,,L46,G2=1;G3=1;G4=1;G5=1;G9=0;G10=1
1369,optimal,2171621.020066225,219202.61939605552,1952418.4006701696,6754.5684,4802.1499998859545,1952.4184001140457,28.905154030478776,3.1146469678936917e-08,6.895143227427533e-08,1952.4184000139476,2,0,0,0,1,G2;G7,,,,,G2=0;G3=1;G4=1;G5=1;G9=1;G10=1
1370,optimal,1760144.3196719813,217338.41940008034,1542805.900271901,6754.5684,5211.762499954262,1542.8059000457379,22.840924966364064,1.2671097422401753e-08,2.803087046639168e-08,1542.8059000050362,1,0,0,0,1,G3,,,,,G2=1;G3=0;G4=1;G5=1;G9=1;G10=1
1371,optimal,1011492.5199887936,248686.61939682037,762805.9005919733,6754.5684,5991.762499887271,762.8059001127292,11.293184922262823,2.7458001515250526e-08,5.803054095238996e-08,762.8059000272406,0,0,0,0,0,,,,,,G2=1;G3=1;G4=1;G5=1;G9=1;G10=1
1372,optimal,1011492.5199887936,248686.61939682037,762805.9005919733,6754.5684,5991.762499887271,762.8059001127292,11.293184922262823,2.7458001515250526e-08,5.803054095238996e-08,762.8059000272406,0,0,0,0,0,,,,,,G2=1;G3=1;G4=1;G5=1;G9=1;G10=1
1373,optimal,1011492.5199887936,248686.61939682037,762805.9005919733,6754.5684,5991.762499887271,762.8059001127292,11.293184922262823,2.7458001515250526e-08,5.803054095238996e-08,762.8059000272406,0,0,0,0,0,,,,,,G2=1;G3=1;G4=1;G5=1;G9=1;G10=1
1374,optimal,1011492.5199887936,248686.61939682037,762805.9005919733,6754.5684,5991.762499887271,762.8059001127292,11.293184922262823,2.7458001515250526e-08,5.803054095238996e-08,762.8059000272406,0,0,0,0,0,,,,,,G2=1;G3=1;G4=1;G5=1;G9=1;G10=1
1375,optimal,1011492.5199887936,248686.61939682037,762805.9005919733,6754.5684,5991.762499887271,762.8059001127292,11.293184922262823,2.7458001515250526e-08,5.803054095238996e-08,762.8059000272406,0,0,0,0,0,,,,,,G2=1;G3=1;G4=1;G5=1;G9=1;G10=1
1376,optimal,1011492.5199887936,248686.61939682037,762805.9005919733,6754.5684,5991.762499887271,762.8059001127292,11.293184922262823,2.7458001515250526e-08,5.803054095238996e-08,762.8059000272406,0,0,0,0,0,,,,,,G2=1;G3=1;G4=1;G5=1;G9=1;G10=1
1377,optimal,1011492.5199887936,248686.61939682037,762805.9005919733,6754.5684,5991.762499887271,762.8059001127292,11.293184922262823,2.7458001515250526e-08,5.803054095238996e-08,762.8059000272406,0,0,0,0,0,,,,,,G2=1;G3=1;G4=1;G5=1;G9=1;G10=1
1378,optimal,1011492.5199887936,248686.61939682037,762805.9005919733,6754.5684,5991.762499887271,762.8059001127292,11.293184922262823,2.7458001515250526e-08,5.803054095238996e-08,762.8059000272406,0,0,0,0,0,,,,,,G2=1;G3=1;G4=1;G5=1;G9=1;G10=1
1379,optimal,1011492.5199887936,248686.61939682037,762805.9005919733,6754.5684,5991.762499887271,762.8059001127292,11.293184922262823,2.7458001515250526e-08,5.803054095238996e-08,762.8059000272406,0,0,0,0,0,,,,,,G2=1;G3=1;G4=1;G5=1;G9=1;G10=1
1380,optimal,1011492.5199887936,248686.61939682037,762805.9005919733,6754.5684,5991.762499887271,762.8059001127292,11.293184922262823,2.7458001515250526e-08,5.803054095238996e-08,762.8059000272406,0,0,0,0,0,,,,,,G2=1;G3=1;G4=1;G5=1;G9=1;G10=1
1381,optimal,1011492.5199887936,248686.61939682037,762805.9005919733,6754.5684,5991.762499887271,762.8059001127292,11.293184922262823,2.7458001515250526e-08,5.803054095238996e-08,762.8059000272406,0,0,0,0,0,,,,,,G2=1;G3=1;G4=1;G5=1;G9=1;G10=1
1382,optimal,1011492.5201162217,248686.61939562004,762805.9007206017,6754.5684,5991.762499859609,762.8059001403907,11.293184922672346,3.3261229135326456e-08,7.021494363101387e-08,762.8059000369145,0,1,0,1,0,,L26,,,L26,G2=1;G3=1;G4=1;G5=1;G9=1;G10=1
1383,optimal,1942005.9141787183,176450.01352167473,1765555.9006570436,6754.5684,4989.012499876619,1765.555900123381,26.138693038083392,2.9752059733918543e-08,6.64735338223288e-08,1765.5559000271553,1,0,0,0,1,G10,,,,,G2=1;G3=1;G4=1;G5=1;G9=1;G10=0
1384,optimal,1011492.5199887936,248686.61939682037,762805.9005919733,6754.5684,5991.762499887271,762.8059001127292,11.293184922262823,2.7458001515250526e-08,5.803054095238996e-08,762.8059000272406,0,0,0,0,0,,,,,,G2=1;G3=1;G4=1;G5=1;G9=1;G10=1
1385,optimal,1011492.5199887936,248686.61939682037,762805.9005919733,6754.5684,5991.762499887271,762.8059001127292,11.293184922262823,2.7458001515250526e-08,5.803054095238996e-08,762.8059000272406,0,0,0,0,0,,,,,,G2=1;G3=1;G4=1;G5=1;G9=1;G10=1
1386,optimal,1617903.9156180217,203198.01524760606,1414705.9003704158,6754.5684,5339.862499933909,1414.7059000660913,20.944430736182806,1.7099460517201584e-08,3.7607266965054984e-08,1414.7059000113845,1,0,0,0,1,G4,,,,,G2=1;G3=1;G4=0;G5=1;G9=1;G10=1
1387,optimal,1011492.5199887936,248686.61939682037,762805.9005919733,6754.5684,5991.762499887271,762.8059001127292,11.293184922262823,2.7458001515250526e-08,5.803054095238996e-08,762.8059000272406,1,0,0,0,0,G6,,,,,G2=1;G3=1;G4=1;G5=1;G9=1;G10=1
1388,optimal,1011492.5199887936,248686.61939682037,762805.9005919733,6754.5684,5991.762499887271,762.8059001127292,11.293184922262823,2.7458001515250526e-08,5.803054095238996e-08,762.8059000272406,0,0,0,0,0,,,,,,G2=1;G3=1;G4=1;G5=1;G9=1;G10=1
1389,optimal,1011492.5199887936,248686.61939682037,762805.9005919733,6754.5684,5991.762499887271,762.8059001127292,11.293184922262823,2.7458001515250526e-08,5.803054095238996e-08,762.8059000272406,0,0,0,0,0,,,,,,G2=1;G3=1;G4=1;G5=1;G9=1;G10=1
1390,optimal,1011492.5199887936,248686.61939682037,762805.9005919733,6754.5684,5991.762499887271,762.8059001127292,11.293184922262823,2.7458001515250526e-08,5.803054095238996e-08,762.8059000272406,0,0,0,0,0,,,,,,G2=1;G3=1;G4=1;G5=1;G9=1;G10=1
1391,optimal,1011492.5199887936,248686.61939682037,762805.9005919733,6754.5684,5991.762499887271,762.8059001127292,11.293184922262823,2.7458001515250526e-08,5.803054095238996e-08,762.8059000272406,0,0,0,0,0,,,,,,G2=1;G3=1;G4=1;G5=1;G9=1;G10=1
1392,optimal,1011492.5199887936,248686.61939682037,762805.9005919733,6754.5684,5991.762499887271,762.8059001127292,11.293184922262823,2.7458001515250526e-08,5.803054095238996e-08,762.8059000272406,0,0,0,0,0,,,,,,G2=1;G3=1;G4=1;G5=1;G9=1;G10=1
1393,optimal,1421105.0200076625,248686.61939763324,1172418.4006100292,6754.5684,5582.149999912271,1172.4184000877294,17.357413984996132,2.9548047475535493e-08,6.409181553006159e-08,1172.4183999940894,1,0,0,0,0,G7,,,,,G2=1;G3=1;G4=1;G5=1;G9=1;G10=1
1394,optimal,1011492.5199887936,248686.61939682037,762805.9005919733,6754.5684,5991.762499887271,762.8059001127292,11.293184922262823,2.7458001515250526e-08,5.803054095238996e-08,762.8059000272406,0,0,0,0,0,,,,,,G2=1;G3=1;G4=1;G5=1;G9=1;G10=1
1395,optimal,1011492.5199887936,248686.61939682037,762805.9005919733,6754.5684,5991.762499887271,762.8059001127292,11.293184922262823,2.7458001515250526e-08,5.803054095238996e-08,762.8059000272406,0,0,0,0,0,,,,,,G2=1;G3=1;G4=1;G5=1;G9=1;G10=1
1396,optimal,1011492.5199887936,248686.61939682037,762805.9005919733,6754.5684,5991.762499887271,762.8059001127292,11.293184922262823,2.7458001515250526e-08,5.803054095238996e-08,762.8059000272406,0,0,0,0,0,,,,,,G2=1;G3=1;G4=1;G5=1;G9=1;G10=1
1397,optimal,1942005.9141787183,176450.01352167473,1765555.9006570436,6754.5684,4989.012499876619,1765.555900123381,26.138693038083392,2.9752059733918543e-08,6.64735338223288e-08,1765.5559000271553,1,0,0,0,1,G10,,,,,G2=1;G3=1;G4=1;G5=1;G9=1;G10=0
1398,optimal,1011492.5199887936,248686.61939682037,762805.9005919733,6754.5684,5991.762499887271,762.8059001127292,11.293184922262823,2.7458001515250526e-08,5.803054095238996e-08,762.8059000272406,0,0,0,0,0,,,,,,G2=1;G3=1;G4=1;G5=1;G9=1;G10=1
1399,optimal,1011492.5199887936,248686.61939682037,762805.9005919733,6754.5684,5991.762499887271,762.8059001127292,11.293184922262823,2.7458001515250526e-08,5.803054095238996e-08,762.8059000272406,0,0,0,0,0,,,,,,G2=1;G3=1;G4=1;G5=1;G9=1;G10=1
1400,optimal,1011492.5199887936,248686.61939682037,762805.9005919733,6754.5684,5991.762499887271,762.8059001127292,11.293184922262823,2.7458001515250526e-08,5.803054095238996e-08,762.8059000272406,0,0,0,0,0,,,,,,G2=1;G3=1;G4=1;G5=1;G9=1;G10=1
1401,optimal,1011492.5199887936,248686.61939682037,762805.9005919733,6754.5684,5991.762499887271,762.8059001127292,11.293184922262823,2.7458001515250526e-08,5.803054095238996e-08,762.8059000272406,0,0,0,0,0,,,,,,G2=1;G3=1;G4=1;G5=1;G9=1;G10=1
1402,optimal,1942005.9141787183,176450.01352167473,1765555.9006570436,6754.5684,4989.012499876619,1765.555900123381,26.138693038083392,2.9752059733918543e-08,6.64735338223288e-08,1765.5559000271553,1,0,0,0,1,G10,,,,,G2=1;G3=1;G4=1;G5=1;G9=1;G10=0
1403,optimal,1011492.5199887936,248686.61939682037,762805.9005919733,6754.5684,5991.762499887271,762.8059001127292,11.293184922262823,2.7458001515250526e-08,5.803054095238996e-08,762.8059000272406,0,0,0,0,0,,,,,,G2=1;G3=1;G4=1;G5=1;G9=1;G10=1
1404,optimal,1011492.5199887936,248686.61939682037,762805.9005919733,6754.5684,5991.762499887271,762.8059001127292,11.293184922262823,2.7458001515250526e-08,5.803054095238996e-08,762.8059000272406,0,0,0,0,0,,,,,,G2=1;G3=1;G4=1;G5=1;G9=1;G10=1
1405,optimal,1011492.5199887936,248686.61939682037,762805.9005919733,6754.5684,5991.762499887271,762.8059001127292,11.293184922262823,2.7458001515250526e-08,5.803054095238996e-08,762.8059000272406,0,0,0,0,0,,,,,,G2=1;G3=1;G4=1;G5=1;G9=1;G10=1
1406,optimal,1062209.1468339658,247871.52456482005,814337.6222691458,6754.5684,5940.230778062133,814.3376219378672,12.056101496253516,1.8646077617545803e-08,4.086594438453974e-08,814.3376218783553,0,1,0,1,0,,L4,,,L4,G2=1;G3=1;G4=1;G5=1;G9=1;G10=1
1407,optimal,1011492.5199887936,248686.61939682037,762805.9005919733,6754.5684,5991.762499887271,762.8059001127292,11.293184922262823,2.7458001515250526e-08,5.803054095238996e-08,762.8059000272406,0,0,0,0,0,,,,,,G2=1;G3=1;G4=1;G5=1;G9=1;G10=1
1408,optimal,1011492.5199887936,248686.61939682037,762805.9005919733,6754.5684,5991.762499887271,762.8059001127292,11.293184922262823,2.7458001515250526e-08,5.803054095238996e-08,762.8059000272406,0,0,0,0,0,,,,,,G2=1;G3=1;G4=1;G5=1;G9=1;G10=1
1409,optimal,1011492.5199887936,248686.61939682037,762805.9005919733,6754.5684,5991.762499887271,762.8059001127292,11.293184922262823,2.7458001515250526e-08,5.803054095238996e-08,762.8059000272406,0,0,0,0,0,,,,,,G2=1;G3=1;G4=1;G5=1;G9=1;G10=1
1410,optimal,1011492.5199887936,248686.61939682037,762805.9005919733,6754.5684,5991.762499887271,762.8059001127292,11.293184922262823,2.7458001515250526e-08,5.803054095238996e-08,762.8059000272406,0,0,0,0,0,,,,,,G2=1;G3=1;G4=1;G5=1;G9=1;G10=1
1411,optimal,1651070.9307283643,222365.0302465437,1428705.9004818206,6754.5684,5325.86249991412,1428.7059000858799,21.151697865490263,2.2486909590367626e-08,4.8389697300570394e-08,1428.7059000150032,0,1,0,1,1,,L34,,,L34,G2=1;G3=1;G4=1;G5=0;G9=1;G10=1
1412,optimal,1011492.5199887936,248686.61939682037,762805.9005919733,6754.5684,5991.762499887271,762.8059001127292,11.293184922262823,2.7458001515250526e-08,5.803054095238996e-08,762.8059000272406,0,0,0,0,0,,,,,,G2=1;G3=1;G4=1;G5=1;G9=1;G10=1
1413,optimal,1011492.5199887936,248686.61939682037,762805.9005919733,6754.5684,5991.762499887271,762.8059001127292,11.293184922262823,2.7458001515250526e-08,5.803054095238996e-08,762.8059000272406,0,0,0,0,0,,,,,,G2=1;G3=1;G4=1;G5=1;G9=1;G10=1
1414,optimal,1011492.5199887936,248686.61939682037,762805.9005919733,6754.5684,5991.762499887271,762.8059001127292,11.293184922262823,2.7458001515250526e-08,5.803054095238996e-08,762.8059000272406,0,0,0,0,0,,,,,,G2=1;G3=1;G4=1;G5=1;G9=1;G10=1
1415,optimal,1011492.5199887936,248686.61939682037,762805.9005919733,6754.5684,5991.762499887271,762.8059001127292,11.293184922262823,2.7458001515250526e-08,5.803054095238996e-08,762.8059000272406,0,0,0,0,0,,,,,,G2=1;G3=1;G4=1;G5=1;G9=1;G10=1
1416,optimal,1011492.5199887936,248686.61939682037,762805.9005919733,6754.5684,5991.762499887271,762.8059001127292,11.293184922262823,2.7458001515250526e-08,5.803054095238996e-08,762.8059000272406,0,0,0,0,0,,,,,,G2=1;G3=1;G4=1;G5=1;G9=1;G10=1
1417,optimal,1011492.5199560132,248686.6193971213,762805.9005588919,6754.5684,5991.7624998938645,762.8059001061357,11.293184922165207,2.592100411685079e-08,5.486681039887349e-08,762.805900025348,0,1,0,1,0,,L36,,,L36,G2=1;G3=1;G4=1;G5=1;G9=1;G10=1
1418,optimal,1011492.5199887936,248686.61939682037,762805.9005919733,6754.5684,5991.762499887271,762.8059001127292,11.293184922262823,2.7458001515250526e-08,5.803054095238996e-08,762.8059000272406,1,0,0,0,0,G6,,,,,G2=1;G3=1;G4=1;G5=1;G9=1;G10=1
1419,optimal,1011492.5199887936,248686.61939682037,762805.9005919733,6754.5684,5991.762499887271,762.8059001127292,11.293184922262823,2.7458001515250526e-08,5.803054095238996e-08,762.8059000272406,0,0,0,0,0,,,,,,G2=1;G3=1;G4=1;G5=1;G9=1;G10=1
1420,optimal,1011492.5199887936,248686.61939682037,762805.9005919733,6754.5684,5991.762499887271,762.8059001127292,11.293184922262823,2.7458001515250526e-08,5.803054095238996e-08,762.8059000272406,0,0,0,0,0,,,,,,G2=1;G3=1;G4=1;G5=1;G9=1;G10=1
1421,optimal,1011492.5199887936,248686.61939682037,762805.9005919733,6754.5684,5991.762499887271,762.8059001127292,11.293184922262823,2.7458001515250526e-08,5.803054095238996e-08,762.8059000272406,0,0,0,0,0,,,,,,G2=1;G3=1;G4=1;G5=1;G9=1;G10=1
1422,optimal,1421105.0200076625,248686.61939763324,1172418.4006100292,6754.5684,5582.149999912271,1172.4184000877294,17.357413984996132,2.9548047475535493e-08,6.409181553006159e-08,1172.4183999940894,1,0,0,0,0,G7,,,,,G2=1;G3=1;G4=1;G5=1;G9=1;G10=1
1423,optimal,1762008.5196608987,219202.6194002331,1542805.9002606657,6754.5684,5211.7624999602185,1542.8059000397816,22.840924966275885,1.2386286324785578e-08,2.7351815042006216e-08,1542.8059000000437,1,0,0,0,1,G2,,,,,G2=0;G3=1;G4=1;G5=1;G9=1;G10=1
1424,optimal,1421105.0200076625,248686.61939763324,1172418.4006100292,6754.5684,5582.149999912271,1172.4184000877294,17.357413984996132,2.9548047475535493e-08,6.409181553006159e-08,1172.4183999940894,1,0,0,0,0,G7,,,,,G2=1;G3=1;G4=1;G5=1;G9=1;G10=1
1425,optimal,2774769.9603938493,215924.06002408697,2558845.9003697624,6754.5684,5114.26249993764,1640.3059000623596,24.284392472246775,61.23600001805583,91.85400003622516,1487.2159000080785,0,0,1,3,1,,,T29,29,L44;L45;L46,G2=1;G3=1;G4=1;G5=1;G9=0;G10=1
1426,optimal,1942005.9141787183,176450.01352167473,1765555.9006570436,6754.5684,4989.012499876619,1765.555900123381,26.138693038083392,2.9752059733918543e-08,6.64735338223288e-08,1765.5559000271553,1,0,0,0,1,G10,,,,,G2=1;G3=1;G4=1;G5=1;G9=1;G10=0
1427,optimal,1011492.5199887936,248686.61939682037,762805.9005919733,6754.5684,5991.762499887271,762.8059001127292,11.293184922262823,2.7458001515250526e-08,5.803054095238996e-08,762.8059000272406,0,0,0,0,0,,,,,,G2=1;G3=1;G4=1;G5=1;G9=1;G10=1
1428,optimal,1856229.960667825,215924.06002137897,1640305.900646446,6754.5684,5114.2624998873,1640.3059001127006,24.284392472992064,2.971388210049674e-08,6.65801420753459e-08,1640.3059000164064,1,0,0,0,1,G9,,,,,G2=1;G3=1;G4=1;G5=1;G9=0;G10=1
1429,optimal,1942005.9141787183,176450.01352167473,1765555.9006570436,6754.5684,4989.012499876619,1765.555900123381,26.138693038083392,2.9752059733918543e-08,6.64735338223288e-08,1765.5559000271553,1,0,0,0,1,G10,,,,,G2=1;G3=1;G4=1;G5=1;G9=1;G10=0
1430,optimal,1011492.5199887936,248686.61939682037,762805.9005919733,6754.5684,5991.762499887271,762.8059001127292,11.293184922262823,2.7458001515250526e-08,5.803054095238996e-08,762.8059000272406,1,0,0,0,0,G8,,,,,G2=1;G3=1;G4=1;G5=1;G9=1;G10=1
1431,optimal,1011492.5199887936,248686.61939682037,762805.9005919733,6754.5684,5991.762499887271,762.8059001127292,11.293184922262823,2.7458001515250526e-08,5.803054095238996e-08,762.8059000272406,0,0,0,0,0,,,,,,G2=1;G3=1;G4=1;G5=1;G9=1;G10=1
1432,optimal,1011492.5199887936,248686.61939682037,762805.9005919733,6754.5684,5991.762499887271,762.8059001127292,11.293184922262823,2.7458001515250526e-08,5.803054095238996e-08,762.8059000272406,0,0,0,0,0,,,,,,G2=1;G3=1;G4=1;G5=1;G9=1;G10=1
1433,optimal,1856229.960667825,215924.06002137897,1640305.900646446,6754.5684,5114.2624998873,1640.3059001127006,24.284392472992064,2.971388210049674e-08,6.65801420753459e-08,1640.3059000164064,1,0,0,0,1,G9,,,,,G2=1;G3=1;G4=1;G5=1;G9=0;G10=1
1434,optimal,1760144.3196719813,217338.41940008034,1542805.900271901,6754.5684,5211.762499954262,1542.8059000457379,22.840924966364064,1.2671097422401753e-08,2.803087046639168e-08,1542.8059000050362,1,0,0,0,1,G3,,,,,G2=1;G3=0;G4=1;G5=1;G9=1;G10=1
1435,optimal,1011492.520036902,248686.61939631234,762805.9006405898,6754.5684,5991.762499876461,762.8059001235385,11.293184922422853,2.9633569914828803e-08,6.258723474736006e-08,762.8059000313178,0,1,0,1,0,,L11,,,L11,G2=1;G3=1;G4=1;G5=1;G9=1;G10=1
1436,optimal,1011492.5199887936,248686.61939682037,762805.9005919733,6754.5684,5991.762499887271,762.8059001127292,11.293184922262823,2.7458001515250526e-08,5.803054095238996e-08,762.8059000272406,0,0,0,0,0,,,,,,G2=1;G3=1;G4=1;G5=1;G9=1;G10=1
1437,optimal,1011492.5199887936,248686.61939682037,762805.9005919733,6754.5684,5991.762499887271,762.8059001127292,11.293184922262823,2.7458001515250526e-08,5.803054095238996e-08,762.8059000272406,0,0,0,0,0,,,,,,G2=1;G3=1;G4=1;G5=1;G9=1;G10=1
1438,optimal,1011492.5199887936,248686.61939682037,762805.9005919733,6754.5684,5991.762499887271,762.8059001127292,11.293184922262823,2.7458001515250526e-08,5.803054095238996e-08,762.8059000272406,0,0,0,0,0,,,,,,G2=1;G3=1;G4=1;G5=1;G9=1;G10=1
1439,optimal,1011492.5199887936,248686.61939682037,762805.9005919733,6754.5684,5991.762499887271,762.8059001127292,11.293184922262823,2.7458001515250526e-08,5.803054095238996e-08,762.8059000272406,0,0,0,0,0,,,,,,G2=1;G3=1;G4=1;G5=1;G9=1;G10=1
1440,optimal,1011492.5199887936,248686.61939682037,762805.9005919733,6754.5684,5991.762499887271,762.8059001127292,11.293184922262823,2.7458001515250526e-08,5.803054095238996e-08,762.8059000272406,0,0,0,0,0,,,,,,G2=1;G3=1;G4=1;G5=1;G9=1;G10=1
1441,optimal,1011492.5199887936,248686.61939682037,762805.9005919733,6754.5684,5991.762499887271,762.8059001127292,11.293184922262823,2.7458001515250526e-08,5.803054095238996e-08,762.8059000272406,0,0,0,0,0,,,,,,G2=1;G3=1;G4=1;G5=1;G9=1;G10=1
1442,optimal,1011492.5199887936,248686.61939682037,762805.9005919733,6754.5684,5991.762499887271,762.8059001127292,11.293184922262823,2.7458001515250526e-08,5.803054095238996e-08,762.8059000272406,0,0,0,0,0,,,,,,G2=1;G3=1;G4=1;G5=1;G9=1;G10=1
1443,optimal,1942005.9141787183,176450.01352167473,1765555.9006570436,6754.5684,4989.012499876619,1765.555900123381,26.138693038083392,2.9752059733918543e-08,6.64735338223288e-08,1765.5559000271553,1,0,0,0,1,G10,,,,,G2=1;G3=1;G4=1;G5=1;G9=1;G10=0
1444,optimal,1011492.5199887936,248686.61939682037,762805.9005919733,6754.5684,5991.762499887271,762.8059001127292,11.293184922262823,2.7458001515250526e-08,5.803054095238996e-08,762.8059000272406,0,0,0,0,0,,,,,,G2=1;G3=1;G4=1;G5=1;G9=1;G10=1
1445,optimal,1011492.5199887936,248686.61939682037,762805.9005919733,6754.5684,5991.762499887271,762.8059001127292,11.293184922262823,2.7458001515250526e-08,5.803054095238996e-08,762.8059000272406,0,0,0,0,0,,,,,,G2=1;G3=1;G4=1;G5=1;G9=1;G10=1
1446,optimal,1942005.9141787183,176450.01352167473,1765555.9006570436,6754.5684,4989.012499876619,1765.555900123381,26.138693038083392,2.9752059733918543e-08,6.64735338223288e-08,1765.5559000271553,1,0,0,0,1,G10,,,,,G2=1;G3=1;G4=1;G5=1;G9=1;G10=0
1447,optimal,1011492.5199887936,248686.61939682037,762805.9005919733,6754.5684,5991.762499887271,762.8059001127292,11.293184922262823,2.7458001515250526e-08,5.803054095238996e-08,762.8059000272406,0,0,0,0,0,,,,,,G2=1;G3=1;G4=1;G5=1;G9=1;G10=1
1448,optimal,1011492.5199887936,248686.61939682037,762805.9005919733,6754.5684,5991.762499887271,762.8059001127292,11.293184922262823,2.7458001515250526e-08,5.803054095238996e-08,762.8059000272406,0,0,0,0,0,,,,,,G2=1;G3=1;G4=1;G5=1;G9=1;G10=1
1449,optimal,1651070.9307407914,222365.03024648648,1428705.900494305,6754.5684,5325.862499914307,1428.7059000856932,21.151697865487503,2.332364073304232e-08,4.9674639480525127e-08,1428.705900012695,0,1,0,1,1,,L27,,,L27,G2=1;G3=1;G4=1;G5=0;G9=1;G10=1
1450,optimal,1011492.5199887936,248686.61939682037,762805.9005919733,6754.5684,5991.762499887271,762.8059001127292,11.293184922262823,2.7458001515250526e-08,5.803054095238996e-08,762.8059000272406,0,0,0,0,0,,,,,,G2=1;G3=1;G4=1;G5=1;G9=1;G10=1
1451,optimal,1011492.5199887936,248686.61939682037,762805.9005919733,6754.5684,5991.762499887271,762.8059001127292,11.293184922262823,2.7458001515250526e-08,5.803054095238996e-08,762.8059000272406,0,0,0,0,0,,,,,,G2=1;G3=1;G4=1;G5=1;G9=1;G10=1
1452,optimal,1011492.5199887936,248686.61939682037,762805.9005919733,6754.5684,5991.762499887271,762.8059001127292,11.293184922262823,2.7458001515250526e-08,5.803054095238996e-08,762.8059000272406,0,0,0,0,0,,,,,,G2=1;G3=1;G4=1;G5=1;G9=1;G10=1
1453,optimal,1011492.5199887936,248686.61939682037,762805.9005919733,6754.5684,5991.762499887271,762.8059001127292,11.293184922262823,2.7458001515250526e-08,5.803054095238996e-08,762.8059000272406,0,0,0,0,0,,,,,,G2=1;G3=1;G4=1;G5=1;G9=1;G10=1
1454,optimal,1762008.5196608987,219202.6194002331,1542805.9002606657,6754.5684,5211.7624999602185,1542.8059000397816,22.840924966275885,1.2386286324785578e-08,2.7351815042006216e-08,1542.8059000000437,1,0,0,0,1,G2,,,,,G2=0;G3=1;G4=1;G5=1;G9=1;G10=1
1455,optimal,1011492.5199887936,248686.61939682037,762805.9005919733,6754.5684,5991.762499887271,762.8059001127292,11.293184922262823,2.7458001515250526e-08,5.803054095238996e-08,762.8059000272406,0,0,0,0,0,,,,,,G2=1;G3=1;G4=1;G5=1;G9=1;G10=1
1456,optimal,1011492.5199887936,248686.61939682037,762805.9005919733,6754.5684,5991.762499887271,762.8059001127292,11.293184922262823,2.7458001515250526e-08,5.803054095238996e-08,762.8059000272406,0,0,0,0,0,,,,,,G2=1;G3=1;G4=1;G5=1;G9=1;G10=1
1457,optimal,1011492.5199887936,248686.61939682037,762805.9005919733,6754.5684,5991.762499887271,762.8059001127292,11.293184922262823,2.7458001515250526e-08,5.803054095238996e-08,762.8059000272406,0,0,0,0,0,,,,,,G2=1;G3=1;G4=1;G5=1;G9=1;G10=1
1458,optimal,2368419.9163568704,173714.01524319727,2194705.901113673,6754.5684,4559.862499804,2194.7059001959997,32.49217078319911,5.101113923102722e-08,1.1464331284427171e-07,2194.705900030345,2,0,0,0,2,G2;G4,,,,,G2=0;G3=1;G4=0;G5=1;G9=1;G10=1
1459,optimal,1011492.5199887936,248686.61939682037,762805.9005919733,6754.5684,5991.762499887271,762.8059001127292,11.293184922262823,2.7458001515250526e-08,5.803054095238996e-08,762.8059000272406,0,0,0,0,0,,,,,,G2=1;G3=1;G4=1;G5=1;G9=1;G10=1
1460,optimal,1011492.5199887936,248686.61939682037,762805.9005919733,6754.5684,5991.762499887271,762.8059001127292,11.293184922262823,2.7458001515250526e-08,5.803054095238996e-08,762.8059000272406,0,0,0,0,0,,,,,,G2=1;G3=1;G4=1;G5=1;G9=1;G10=1
1461,optimal,1011492.5199887936,248686.61939682037,762805.9005919733,6754.5684,5991.762499887271,762.8059001127292,11.293184922262823,2.7458001515250526e-08,5.803054095238996e-08,762.8059000272406,0,0,0,0,0,,,,,,G2=1;G3=1;G4=1;G5=1;G9=1;G10=1
1462,optimal,1011492.5199887936,248686.61939682037,762805.9005919733,6754.5684,5991.762499887271,762.8059001127292,11.293184922262823,2.7458001515250526e-08,5.803054095238996e-08,762.8059000272406,0,0,0,0,0,,,,,,G2=1;G3=1;G4=1;G5=1;G9=1;G10=1
1463,optimal,1011492.5199887936,248686.61939682037,762805.9005919733,6754.5684,5991.762499887271,762.8059001127292,11.293184922262823,2.7458001515250526e-08,5.803054095238996e-08,762.8059000272406,0,0,0,0,0,,,,,,G2=1;G3=1;G4=1;G5=1;G9=1;G10=1
1464,optimal,1421105.0200076625,248686.61939763324,1172418.4006100292,6754.5684,5582.149999912271,1172.4184000877294,17.357413984996132,2.9548047475535493e-08,6.409181553006159e-08,1172.4183999940894,1,0,0,0,0,G7,,,,,G2=1;G3=1;G4=1;G5=1;G9=1;G10=1
1465,optimal,1011492.5199887936,248686.61939682037,762805.9005919733,6754.5684,5991.762499887271,762.8059001127292,11.293184922262823,2.7458001515250526e-08,5.803054095238996e-08,762.8059000272406,0,0,0,0,0,,,,,,G2=1;G3=1;G4=1;G5=1;G9=1;G10=1
1466,optimal,1011492.5199887936,248686.61939682037,762805.9005919733,6754.5684,5991.762499887271,762.8059001127292,11.293184922262823,2.7458001515250526e-08,5.803054095238996e-08,762.8059000272406,0,0,0,0,0,,,,,,G2=1;G3=1;G4=1;G5=1;G9=1;G10=1
1467,optimal,1011492.5199887936,248686.61939682037,762805.9005919733,6754.5684,5991.762499887271,762.8059001127292,11.293184922262823,2.7458001515250526e-08,5.803054095238996e-08,762.8059000272406,0,0,0,0,0,,,,,,G2=1;G3=1;G4=1;G5=1;G9=1;G10=1
1468,optimal,1617903.915618598,203198.0152476013,1414705.9003709967,6754.5684,5339.862499933865,1414.7059000661347,20.94443073618345,1.712800175767286e-08,3.767741389073343e-08,1414.705900011329,0,1,0,1,1,,L33,,,L33,G2=1;G3=1;G4=0;G5=1;G9=1;G10=1
1469,optimal,1617903.9156180217,203198.01524760606,1414705.9003704158,6754.5684,5339.862499933909,1414.7059000660913,20.944430736182806,1.7099460517201584e-08,3.7607266965054984e-08,1414.7059000113845,1,0,0,0,1,G4,,,,,G2=1;G3=1;G4=0;G5=1;G9=1;G10=1
1470,optimal,1651070.9307405907,222365.030246292,1428705.9004942987,6754.5684,5325.862499909843,1428.705900090157,21.151697865553583,2.294708989184833e-08,4.940448261786244e-08,1428.7059000178056,1,1,0,1,1,G5,L15,,,L15,G2=1;G3=1;G4=1;G5=0;G9=1;G10=1
1471,optimal,1011492.5199887936,248686.61939682037,762805.9005919733,6754.5684,5991.762499887271,762.8059001127292,11.293184922262823,2.7458001515250526e-08,5.803054095238996e-08,762.8059000272406,0,0,0,0,0,,,,,,G2=1;G3=1;G4=1;G5=1;G9=1;G10=1
1472,optimal,1651070.9307264644,222365.03024655534,1428705.900479909,6754.5684,5325.86249991447,1428.7059000855293,21.151697865485072,2.2397464574565604e-08,4.820062919553181e-08,1428.705900014931,1,0,0,0,1,G5,,,,,G2=1;G3=1;G4=1;G5=0;G9=1;G10=1
1473,optimal,1011492.5199887936,248686.61939682037,762805.9005919733,6754.5684,5991.762499887271,762.8059001127292,11.293184922262823,2.7458001515250526e-08,5.803054095238996e-08,762.8059000272406,0,0,0,0,0,,,,,,G2=1;G3=1;G4=1;G5=1;G9=1;G10=1
1474,optimal,1011492.5199887936,248686.61939682037,762805.9005919733,6754.5684,5991.762499887271,762.8059001127292,11.293184922262823,2.7458001515250526e-08,5.803054095238996e-08,762.8059000272406,0,0,0,0,0,,,,,,G2=1;G3=1;G4=1;G5=1;G9=1;G10=1
1475,optimal,1011492.5199887936,248686.61939682037,762805.9005919733,6754.5684,5991.762499887271,762.8059001127292,11.293184922262823,2.7458001515250526e-08,5.803054095238996e-08,762.8059000272406,0,0,0,0,0,,,,,,G2=1;G3=1;G4=1;G5=1;G9=1;G10=1
1476,optimal,1421105.0200076625,248686.61939763324,1172418.4006100292,6754.5684,5582.149999912271,1172.4184000877294,17.357413984996132,2.9548047475535493e-08,6.409181553006159e-08,1172.4183999940894,1,0,0,0,0,G7,,,,,G2=1;G3=1;G4=1;G5=1;G9=1;G10=1
1477,optimal,1011492.5199887936,248686.61939682037,762805.9005919733,6754.5684,5991.762499887271,762.8059001127292,11.293184922262823,2.7458001515250526e-08,5.803054095238996e-08,762.8059000272406,0,0,0,0,0,,,,,,G2=1;G3=1;G4=1;G5=1;G9=1;G10=1
1478,optimal,1942005.9141787183,176450.01352167473,1765555.9006570436,6754.5684,4989.012499876619,1765.555900123381,26.138693038083392,2.9752059733918543e-08,6.64735338223288e-08,1765.5559000271553,1,0,0,0,1,G10,,,,,G2=1;G3=1;G4=1;G5=1;G9=1;G10=0
1479,optimal,2786743.3591994885,143687.45425455927,2643055.9049449293,6754.5684,4111.512499251416,2643.055900748584,39.129900598069064,2.457369655010559e-07,4.961780797122236e-07,2643.055900006669,2,0,0,0,2,G9;G10,,,,,G2=1;G3=1;G4=1;G5=1;G9=0;G10=0
1480,optimal,1617903.9156180217,203198.01524760606,1414705.9003704158,6754.5684,5339.862499933909,1414.7059000660913,20.944430736182806,1.7099460517201584e-08,3.7607266965054984e-08,1414.7059000113845,2,0,0,0,1,G4;G8,,,,,G2=1;G3=1;G4=0;G5=1;G9=1;G10=1
1481,optimal,1011492.5199887936,248686.61939682037,762805.9005919733,6754.5684,5991.762499887271,762.8059001127292,11.293184922262823,2.7458001515250526e-08,5.803054095238996e-08,762.8059000272406,0,0,0,0,0,,,,,,G2=1;G3=1;G4=1;G5=1;G9=1;G10=1
1482,optimal,1011492.5199887936,248686.61939682037,762805.9005919733,6754.5684,5991.762499887271,762.8059001127292,11.293184922262823,2.7458001515250526e-08,5.803054095238996e-08,762.8059000272406,0,0,0,0,0,,,,,,G2=1;G3=1;G4=1;G5=1;G9=1;G10=1
1483,optimal,1651070.930621351,222365.03024742968,1428705.9003739215,6754.5684,5325.862499933406,1428.7059000665943,21.151697865204746,1.7290491065336223e-08,3.792825437176159e-08,1428.7059000113757,0,2,0,2,1,,L9;L34,,,L9;L34,G2=1;G3=1;G4=1;G5=0;G9=1;G10=1
1484,optimal,1011492.5199887936,248686.61939682037,762805.9005919733,6754.5684,5991.762499887271,762.8059001127292,11.293184922262823,2.7458001515250526e-08,5.803054095238996e-08,762.8059000272406,0,0,0,0,0,,,,,,G2=1;G3=1;G4=1;G5=1;G9=1;G10=1
1485,optimal,1011492.5199887936,248686.61939682037,762805.9005919733,6754.5684,5991.762499887271,762.8059001127292,11.293184922262823,2.7458001515250526e-08,5.803054095238996e-08,762.8059000272406,0,0,0,0,0,,,,,,G2=1;G3=1;G4=1;G5=1;G9=1;G10=1
1486,optimal,1011492.5199887936,248686.61939682037,762805.9005919733,6754.5684,5991.762499887271,762.8059001127292,11.293184922262823,2.7458001515250526e-08,5.803054095238996e-08,762.8059000272406,0,0,0,0,0,,,,,,G2=1;G3=1;G4=1;G5=1;G9=1;G10=1
1487,optimal,1011492.5199887936,248686.61939682037,762805.9005919733,6754.5684,5991.762499887271,762.8059001127292,11.293184922262823,2.7458001515250526e-08,5.803054095238996e-08,762.8059000272406,1,0,0,0,0,G6,,,,,G2=1;G3=1;G4=1;G5=1;G9=1;G10=1
1488,optimal,1011492.5199887936,248686.61939682037,762805.9005919733,6754.5684,5991.762499887271,762.8059001127292,11.293184922262823,2.7458001515250526e-08,5.803054095238996e-08,762.8059000272406,0,0,0,0,0,,,,,,G2=1;G3=1;G4=1;G5=1;G9=1;G10=1
1489,optimal,1011492.5199887936,248686.61939682037,762805.9005919733,6754.5684,5991.762499887271,762.8059001127292,11.293184922262823,2.7458001515250526e-08,5.803054095238996e-08,762.8059000272406,0,0,0,0,0,,,,,,G2=1;G3=1;G4=1;G5=1;G9=1;G10=1
1490,optimal,1011492.5199887936,248686.61939682037,762805.9005919733,6754.5684,5991.762499887271,762.8059001127292,11.293184922262823,2.7458001515250526e-08,5.803054095238996e-08,762.8059000272406,0,0,0,0,0,,,,,,G2=1;G3=1;G4=1;G5=1;G9=1;G10=1
1491,optimal,1011492.5199887936,248686.61939682037,762805.9005919733,6754.5684,5991.762499887271,762.8059001127292,11.293184922262823,2.7458001515250526e-08,5.803054095238996e-08,762.8059000272406,0,0,0,0,0,,,,,,G2=1;G3=1;G4=1;G5=1;G9=1;G10=1
1492,optimal,1942005.9141796425,176450.0135216674,1765555.900657975,6754.5684,4989.012499876786,1765.5559001232136,26.138693038080916,2.9815475842506385e-08,6.66056034398744e-08,1765.5559000267924,1,1,0,1,1,G10,L38,,,L38,G2=1;G3=1;G4=1;G5=1;G9=1;G10=0
1493,optimal,1011492.5199887936,248686.61939682037,762805.9005919733,6754.5684,5991.762499887271,762.8059001127292,11.293184922262823,2.7458001515250526e-08,5.803054095238996e-08,762.8059000272406,0,0,0,0,0,,,,,,G2=1;G3=1;G4=1;G5=1;G9=1;G10=1
1494,optimal,1942005.9141787183,176450.01352167473,1765555.9006570436,6754.5684,4989.012499876619,1765.555900123381,26.138693038083392,2.9752059733918543e-08,6.64735338223288e-08,1765.5559000271553,1,0,0,0,1,G10,,,,,G2=1;G3=1;G4=1;G5=1;G9=1;G10=0
1495,optimal,1942005.9141787183,176450.01352167473,1765555.9006570436,6754.5684,4989.012499876619,1765.555900123381,26.138693038083392,2.9752059733918543e-08,6.64735338223288e-08,1765.5559000271553,1,0,0,0,1,G10,,,,,G2=1;G3=1;G4=1;G5=1;G9=1;G10=0
1496,optimal,1011492.5199887936,248686.61939682037,762805.9005919733,6754.5684,5991.762499887271,762.8059001127292,11.293184922262823,2.7458001515250526e-08,5.803054095238996e-08,762.8059000272406,0,0,0,0,0,,,,,,G2=1;G3=1;G4=1;G5=1;G9=1;G10=1
1497,optimal,1011492.5199887936,248686.61939682037,762805.9005919733,6754.5684,5991.762499887271,762.8059001127292,11.293184922262823,2.7458001515250526e-08,5.803054095238996e-08,762.8059000272406,0,0,0,0,0,,,,,,G2=1;G3=1;G4=1;G5=1;G9=1;G10=1
1498,optimal,1011492.5199887936,248686.61939682037,762805.9005919733,6754.5684,5991.762499887271,762.8059001127292,11.293184922262823,2.7458001515250526e-08,5.803054095238996e-08,762.8059000272406,0,0,0,0,0,,,,,,G2=1;G3=1;G4=1;G5=1;G9=1;G10=1
1499,optimal,1856229.960667825,215924.06002137897,1640305.900646446,6754.5684,5114.2624998873,1640.3059001127006,24.284392472992064,2.971388210049674e-08,6.65801420753459e-08,1640.3059000164064,1,0,0,0,1,G9,,,,,G2=1;G3=1;G4=1;G5=1;G9=0;G10=1
1500,optimal,1011492.5199887936,248686.61939682037,762805.9005919733,6754.5684,5991.762499887271,762.8059001127292,11.293184922262823,2.7458001515250526e-08,5.803054095238996e-08,762.8059000272406,0,0,0,0,0,,,,,,G2=1;G3=1;G4=1;G5=1;G9=1;G10=1
1501,optimal,1011492.5199887936,248686.61939682037,762805.9005919733,6754.5684,5991.762499887271,762.8059001127292,11.293184922262823,2.7458001515250526e-08,5.803054095238996e-08,762.8059000272406,0,0,0,0,0,,,,,,G2=1;G3=1;G4=1;G5=1;G9=1;G10=1
1502,optimal,1011492.5199887936,248686.61939682037,762805.9005919733,6754.5684,5991.762499887271,762.8059001127292,11.293184922262823,2.7458001515250526e-08,5.803054095238996e-08,762.8059000272406,0,0,0,0,0,,,,,,G2=1;G3=1;G4=1;G5=1;G9=1;G10=1
1503,optimal,1011492.5199887936,248686.61939682037,762805.9005919733,6754.5684,5991.762499887271,762.8059001127292,11.293184922262823,2.7458001515250526e-08,5.803054095238996e-08,762.8059000272406,0,0,0,0,0,,,,,,G2=1;G3=1;G4=1;G5=1;G9=1;G10=1
1504,optimal,1011492.5199887936,248686.61939682037,762805.9005919733,6754.5684,5991.762499887271,762.8059001127292,11.293184922262823,2.7458001515250526e-08,5.803054095238996e-08,762.8059000272406,0,0,0,0,0,,,,,,G2=1;G3=1;G4=1;G5=1;G9=1;G10=1
1505,optimal,1011492.5199887936,248686.61939682037,762805.9005919733,6754.5684,5991.762499887271,762.8059001127292,11.293184922262823,2.7458001515250526e-08,5.803054095238996e-08,762.8059000272406,0,0,0,0,0,,,,,,G2=1;G3=1;G4=1;G5=1;G9=1;G10=1
1506,optimal,1011492.5199887936,248686.61939682037,762805.9005919733,6754.5684,5991.762499887271,762.8059001127292,11.293184922262823,2.7458001515250526e-08,5.803054095238996e-08,762.8059000272406,0,0,0,0,0,,,,,,G2=1;G3=1;G4=1;G5=1;G9=1;G10=1
1507,optimal,1011492.5199887936,248686.61939682037,762805.9005919733,6754.5684,5991.762499887271,762.8059001127292,11.293184922262823,2.7458001515250526e-08,5.803054095238996e-08,762.8059000272406,0,0,0,0,0,,,,,,G2=1;G3=1;G4=1;G5=1;G9=1;G10=1
1508,optimal,2048292.5235796014,248686.61945869768,1799605.9041209037,6754.5684,5991.76249907638,762.8059009236204,11.2931849342679,69.12000017316663,103.68000040969599,590.0059003407576,0,0,1,2,0,,,T15,15,L24;L25,G2=1;G3=1;G4=1;G5=1;G9=1;G10=1
1509,optimal,1011492.5199887936,248686.61939682037,762805.9005919733,6754.5684,5991.762499887271,762.8059001127292,11.293184922262823,2.7458001515250526e-08,5.803054095238996e-08,762.8059000272406,0,0,0,0,0,,,,,,G2=1;G3=1;G4=1;G5=1;G9=1;G10=1
1510,optimal,1700904.1935293975,221563.9016090937,1479340.2919203038,6754.5684,5275.22810821644,1479.3402917835604,21.90132965095979,7.841035551868825e-09,1.6543634074732124e-08,1479.3402917591757,1,2,0,2,1,G5,L4;L38,,,L4;L38,G2=1;G3=1;G4=1;G5=0;G9=1;G10=1
1511,optimal,1011492.5199887936,248686.61939682037,762805.9005919733,6754.5684,5991.762499887271,762.8059001127292,11.293184922262823,2.7458001515250526e-08,5.803054095238996e-08,762.8059000272406,0,0,0,0,0,,,,,,G2=1;G3=1;G4=1;G5=1;G9=1;G10=1
1512,optimal,1011492.5199887936,248686.61939682037,762805.9005919733,6754.5684,5991.762499887271,762.8059001127292,11.293184922262823,2.7458001515250526e-08,5.803054095238996e-08,762.8059000272406,0,0,0,0,0,,,,,,G2=1;G3=1;G4=1;G5=1;G9=1;G10=1
1513,optimal,2690657.713939793,145101.8135236421,2545555.9004161507,6754.5684,4209.01249992883,2545.55590007117,37.68643308240346,1.951308403380491e-08,4.234062778095508e-08,2545.5559000093162,2,0,0,0,2,G3;G10,,,,,G2=1;G3=0;G4=1;G5=1;G9=1;G10=0
1514,optimal,1809272.2391835516,238966.33814384614,1570305.9010397056,6754.5684,5184.262499825423,1570.305900174577,23.24805682883568,4.869627558902072e-08,1.0671562093651315e-07,1570.3059000191647,1,0,0,0,0,G1,,,,,G2=1;G3=1;G4=1;G5=1;G9=1;G10=1
1515,optimal,1011492.5199887936,248686.61939682037,762805.9005919733,6754.5684,5991.762499887271,762.8059001127292,11.293184922262823,2.7458001515250526e-08,5.803054095238996e-08,762.8059000272406,0,0,0,0,0,,,,,,G2=1;G3=1;G4=1;G5=1;G9=1;G10=1
1516,optimal,1025201.4041762145,248463.6351346188,776737.7690415956,6754.5684,5977.830632343942,776.7377676560584,11.49944336422825,7.734694025053769e-08,1.7235368592093719e-07,776.7377674063579,0,2,0,2,0,,L4;L12,,,L4;L12,G2=1;G3=1;G4=1;G5=1;G9=1;G10=1
1517,optimal,1011492.5199887936,248686.61939682037,762805.9005919733,6754.5684,5991.762499887271,762.8059001127292,11.293184922262823,2.7458001515250526e-08,5.803054095238996e-08,762.8059000272406,0,0,0,0,0,,,,,,G2=1;G3=1;G4=1;G5=1;G9=1;G10=1
1518,optimal,1011492.5199887936,248686.61939682037,762805.9005919733,6754.5684,5991.762499887271,762.8059001127292,11.293184922262823,2.7458001515250526e-08,5.803054095238996e-08,762.8059000272406,0,0,0,0,0,,,,,,G2=1;G3=1;G4=1;G5=1;G9=1;G10=1
1519,optimal,1011492.5199887936,248686.61939682037,762805.9005919733,6754.5684,5991.762499887271,762.8059001127292,11.293184922262823,2.7458001515250526e-08,5.803054095238996e-08,762.8059000272406,0,0,0,0,0,,,,,,G2=1;G3=1;G4=1;G5=1;G9=1;G10=1
1520,optimal,1011492.5199887936,248686.61939682037,762805.9005919733,6754.5684,5991.762499887271,762.8059001127292,11.293184922262823,2.7458001515250526e-08,5.803054095238996e-08,762.8059000272406,0,0,0,0,0,,,,,,G2=1;G3=1;G4=1;G5=1;G9=1;G10=1
1521,optimal,1011492.5199887936,248686.61939682037,762805.9005919733,6754.5684,5991.762499887271,762.8059001127292,11.293184922262823,2.7458001515250526e-08,5.803054095238996e-08,762.8059000272406,0,0,0,0,0,,,,,,G2=1;G3=1;G4=1;G5=1;G9=1;G10=1
1522,optimal,1011492.5199887936,248686.61939682037,762805.9005919733,6754.5684,5991.762499887271,762.8059001127292,11.293184922262823,2.7458001515250526e-08,5.803054095238996e-08,762.8059000272406,1,0,0,0,0,G6,,,,,G2=1;G3=1;G4=1;G5=1;G9=1;G10=1
1523,optimal,1062209.1468339658,247871.52456482005,814337.6222691458,6754.5684,5940.230778062133,814.3376219378672,12.056101496253516,1.8646077617545803e-08,4.086594438453974e-08,814.3376218783553,0,1,0,1,0,,L4,,,L4,G2=1;G3=1;G4=1;G5=1;G9=1;G10=1
1524,optimal,1011492.5199887936,248686.61939682037,762805.9005919733,6754.5684,5991.762499887271,762.8059001127292,11.293184922262823,2.7458001515250526e-08,5.803054095238996e-08,762.8059000272406,0,0,0,0,0,,,,,,G2=1;G3=1;G4=1;G5=1;G9=1;G10=1
1525,optimal,1856229.960667825,215924.06002137897,1640305.900646446,6754.5684,5114.2624998873,1640.3059001127006,24.284392472992064,2.971388210049674e-08,6.65801420753459e-08,1640.3059000164064,1,0,0,0,1,G9,,,,,G2=1;G3=1;G4=1;G5=1;G9=0;G10=1
1526,optimal,1942005.9141787183,176450.01352167473,1765555.9006570436,6754.5684,4989.012499876619,1765.555900123381,26.138693038083392,2.9752059733918543e-08,6.64735338223288e-08,1765.5559000271553,1,0,0,0,1,G10,,,,,G2=1;G3=1;G4=1;G5=1;G9=1;G10=0
1527,optimal,1011492.5199887936,248686.61939682037,762805.9005919733,6754.5684,5991.762499887271,762.8059001127292,11.293184922262823,2.7458001515250526e-08,5.803054095238996e-08,762.8059000272406,0,0,0,0,0,,,,,,G2=1;G3=1;G4=1;G5=1;G9=1;G10=1
1528,optimal,1011492.5199887936,248686.61939682037,762805.9005919733,6754.5684,5991.762499887271,762.8059001127292,11.293184922262823,2.7458001515250526e-08,5.803054095238996e-08,762.8059000272406,0,0,0,0,0,,,,,,G2=1;G3=1;G4=1;G5=1;G9=1;G10=1
1529,optimal,1617903.9156180217,203198.01524760606,1414705.9003704158,6754.5684,5339.862499933909,1414.7059000660913,20.944430736182806,1.7099460517201584e-08,3.7607266965054984e-08,1414.7059000113845,1,0,0,0,1,G4,,,,,G2=1;G3=1;G4=0;G5=1;G9=1;G10=1
1530,optimal,1011492.5199887936,248686.61939682037,762805.9005919733,6754.5684,5991.762499887271,762.8059001127292,11.293184922262823,2.7458001515250526e-08,5.803054095238996e-08,762.8059000272406,0,0,0,0,0,,,,,,G2=1;G3=1;G4=1;G5=1;G9=1;G10=1
1531,optimal,1011492.5199887936,248686.61939682037,762805.9005919733,6754.5684,5991.762499887271,762.8059001127292,11.293184922262823,2.7458001515250526e-08,5.803054095238996e-08,762.8059000272406,0,0,0,0,0,,,,,,G2=1;G3=1;G4=1;G5=1;G9=1;G10=1
1532,optimal,1011492.5199887936,248686.61939682037,762805.9005919733,6754.5684,5991.762499887271,762.8059001127292,11.293184922262823,2.7458001515250526e-08,5.803054095238996e-08,762.8059000272406,0,0,0,0,0,,,,,,G2=1;G3=1;G4=1;G5=1;G9=1;G10=1
1533,optimal,1011492.5199887936,248686.61939682037,762805.9005919733,6754.5684,5991.762499887271,762.8059001127292,11.293184922262823,2.7458001515250526e-08,5.803054095238996e-08,762.8059000272406,0,0,0,0,0,,,,,,G2=1;G3=1;G4=1;G5=1;G9=1;G10=1
1534,optimal,1011492.5199887936,248686.61939682037,762805.9005919733,6754.5684,5991.762499887271,762.8059001127292,11.293184922262823,2.7458001515250526e-08,5.803054095238996e-08,762.8059000272406,0,0,0,0,0,,,,,,G2=1;G3=1;G4=1;G5=1;G9=1;G10=1
1535,optimal,1011492.5199887936,248686.61939682037,762805.9005919733,6754.5684,5991.762499887271,762.8059001127292,11.293184922262823,2.7458001515250526e-08,5.803054095238996e-08,762.8059000272406,0,0,0,0,0,,,,,,G2=1;G3=1;G4=1;G5=1;G9=1;G10=1
1536,optimal,1421105.0200076625,248686.61939763324,1172418.4006100292,6754.5684,5582.149999912271,1172.4184000877294,17.357413984996132,2.9548047475535493e-08,6.409181553006159e-08,1172.4183999940894,1,0,0,0,0,G7,,,,,G2=1;G3=1;G4=1;G5=1;G9=1;G10=1
1537,optimal,1011492.5199887936,248686.61939682037,762805.9005919733,6754.5684,5991.762499887271,762.8059001127292,11.293184922262823,2.7458001515250526e-08,5.803054095238996e-08,762.8059000272406,0,0,0,0,0,,,,,,G2=1;G3=1;G4=1;G5=1;G9=1;G10=1
1538,optimal,1011492.5199887936,248686.61939682037,762805.9005919733,6754.5684,5991.762499887271,762.8059001127292,11.293184922262823,2.7458001515250526e-08,5.803054095238996e-08,762.8059000272406,0,0,0,0,0,,,,,,G2=1;G3=1;G4=1;G5=1;G9=1;G10=1
1539,optimal,1011492.5199887936,248686.61939682037,762805.9005919733,6754.5684,5991.762499887271,762.8059001127292,11.293184922262823,2.7458001515250526e-08,5.803054095238996e-08,762.8059000272406,1,0,0,0,0,G8,,,,,G2=1;G3=1;G4=1;G5=1;G9=1;G10=1
1540,optimal,2557924.0388000086,207618.13815286107,2350305.9006471476,6754.5684,4404.2624998804995,2350.3059001195006,34.795796873113325,2.8476162410615e-08,6.784027419338427e-08,2350.305900023184,2,0,0,0,1,G1;G3,,,,,G2=1;G3=0;G4=1;G5=1;G9=1;G10=1
1541,optimal,1011492.5199887936,248686.61939682037,762805.9005919733,6754.5684,5991.762499887271,762.8059001127292,11.293184922262823,2.7458001515250526e-08,5.803054095238996e-08,762.8059000272406,0,0,0,0,0,,,,,,G2=1;G3=1;G4=1;G5=1;G9=1;G10=1
1542,optimal,1011492.5199887936,248686.61939682037,762805.9005919733,6754.5684,5991.762499887271,762.8059001127292,11.293184922262823,2.7458001515250526e-08,5.803054095238996e-08,762.8059000272406,0,0,0,0,0,,,,,,G2=1;G3=1;G4=1;G5=1;G9=1;G10=1
1543,optimal,1011492.5199887936,248686.61939682037,762805.9005919733,6754.5684,5991.762499887271,762.8059001127292,11.293184922262823,2.7458001515250526e-08,5.803054095238996e-08,762.8059000272406,0,0,0,0,0,,,,,,G2=1;G3=1;G4=1;G5=1;G9=1;G10=1
1544,optimal,1011492.5199887936,248686.61939682037,762805.9005919733,6754.5684,5991.762499887271,762.8059001127292,11.293184922262823,2.7458001515250526e-08,5.803054095238996e-08,762.8059000272406,0,0,0,0,0,,,,,,G2=1;G3=1;G4=1;G5=1;G9=1;G10=1
1545,optimal,1011492.5199887936,248686.61939682037,762805.9005919733,6754.5684,5991.762499887271,762.8059001127292,11.293184922262823,2.7458001515250526e-08,5.803054095238996e-08,762.8059000272406,1,0,0,0,0,G6,,,,,G2=1;G3=1;G4=1;G5=1;G9=1;G10=1
1546,optimal,1011492.5199887936,248686.61939682037,762805.9005919733,6754.5684,5991.762499887271,762.8059001127292,11.293184922262823,2.7458001515250526e-08,5.803054095238996e-08,762.8059000272406,0,0,0,0,0,,,,,,G2=1;G3=1;G4=1;G5=1;G9=1;G10=1
1547,optimal,1174323.6837238972,240730.1835572929,933593.5001666042,6754.5684,5820.974899966091,933.5935000339098,13.821660315615572,7.3930791040909756e-09,1.653917156938887e-08,933.5935000099774,0,1,0,1,0,,L13,,,L13,G2=1;G3=1;G4=1;G5=1;G9=1;G10=1
1548,optimal,1809272.2391835516,238966.33814384614,1570305.9010397056,6754.5684,5184.262499825423,1570.305900174577,23.24805682883568,4.869627558902072e-08,1.0671562093651315e-07,1570.3059000191647,1,0,0,0,0,G1,,,,,G2=1;G3=1;G4=1;G5=1;G9=1;G10=1
1549,optimal,1011492.5199887936,248686.61939682037,762805.9005919733,6754.5684,5991.762499887271,762.8059001127292,11.293184922262823,2.7458001515250526e-08,5.803054095238996e-08,762.8059000272406,0,0,0,0,0,,,,,,G2=1;G3=1;G4=1;G5=1;G9=1;G10=1
1550,optimal,1011492.5205401392,248686.61943680578,762805.9011033333,6754.5684,5991.76249976542,762.8059002345797,11.293184924066795,4.97412444643926e-08,1.052705820411713e-07,762.8059000795679,0,1,0,1,0,,L9,,,L9,G2=1;G3=1;G4=1;G5=1;G9=1;G10=1
1551,optimal,1011492.5199887936,248686.61939682037,762805.9005919733,6754.5684,5991.762499887271,762.8059001127292,11.293184922262823,2.7458001515250526e-08,5.803054095238996e-08,762.8059000272406,0,0,0,0,0,,,,,,G2=1;G3=1;G4=1;G5=1;G9=1;G10=1
1552,optimal,1011492.5199887936,248686.61939682037,762805.9005919733,6754.5684,5991.762499887271,762.8059001127292,11.293184922262823,2.7458001515250526e-08,5.803054095238996e-08,762.8059000272406,0,0,0,0,0,,,,,,G2=1;G3=1;G4=1;G5=1;G9=1;G10=1
1553,optimal,1011492.5199887936,248686.61939682037,762805.9005919733,6754.5684,5991.762499887271,762.8059001127292,11.293184922262823,2.7458001515250526e-08,5.803054095238996e-08,762.8059000272406,0,0,0,0,0,,,,,,G2=1;G3=1;G4=1;G5=1;G9=1;G10=1
1554,optimal,1011492.5199887936,248686.61939682037,762805.9005919733,6754.5684,5991.762499887271,762.8059001127292,11.293184922262823,2.7458001515250526e-08,5.803054095238996e-08,762.8059000272406,0,0,0,0,0,,,,,,G2=1;G3=1;G4=1;G5=1;G9=1;G10=1
1555,optimal,1011492.5199101808,248686.61939749436,762805.9005126865,6754.5684,5991.7624999029995,762.8059000970006,11.293184922029964,2.373691777507629e-08,5.051338230595122e-08,762.8059000227504,0,1,0,1,0,,L25,,,L25,G2=1;G3=1;G4=1;G5=1;G9=1;G10=1
1556,optimal,1011492.5199887936,248686.61939682037,762805.9005919733,6754.5684,5991.762499887271,762.8059001127292,11.293184922262823,2.7458001515250526e-08,5.803054095238996e-08,762.8059000272406,0,0,0,0,0,,,,,,G2=1;G3=1;G4=1;G5=1;G9=1;G10=1
1557,optimal,1011492.5199887936,248686.61939682037,762805.9005919733,6754.5684,5991.762499887271,762.8059001127292,11.293184922262823,2.7458001515250526e-08,5.803054095238996e-08,762.8059000272406,0,0,0,0,0,,,,,,G2=1;G3=1;G4=1;G5=1;G9=1;G10=1
1558,optimal,1011492.5199887936,248686.61939682037,762805.9005919733,6754.5684,5991.762499887271,762.8059001127292,11.293184922262823,2.7458001515250526e-08,5.803054095238996e-08,762.8059000272406,0,0,0,0,0,,,,,,G2=1;G3=1;G4=1;G5=1;G9=1;G10=1
1559,optimal,1011492.5199887936,248686.61939682037,762805.9005919733,6754.5684,5991.762499887271,762.8059001127292,11.293184922262823,2.7458001515250526e-08,5.803054095238996e-08,762.8059000272406,0,0,0,0,0,,,,,,G2=1;G3=1;G4=1;G5=1;G9=1;G10=1
1560,optimal,1011492.5199887936,248686.61939682037,762805.9005919733,6754.5684,5991.762499887271,762.8059001127292,11.293184922262823,2.7458001515250526e-08,5.803054095238996e-08,762.8059000272406,0,0,0,0,0,,,,,,G2=1;G3=1;G4=1;G5=1;G9=1;G10=1
1561,optimal,1011492.5199887936,248686.61939682037,762805.9005919733,6754.5684,5991.762499887271,762.8059001127292,11.293184922262823,2.7458001515250526e-08,5.803054095238996e-08,762.8059000272406,0,0,0,0,0,,,,,,G2=1;G3=1;G4=1;G5=1;G9=1;G10=1
1562,optimal,1011492.5199887936,248686.61939682037,762805.9005919733,6754.5684,5991.762499887271,762.8059001127292,11.293184922262823,2.7458001515250526e-08,5.803054095238996e-08,762.8059000272406,0,0,0,0,0,,,,,,G2=1;G3=1;G4=1;G5=1;G9=1;G10=1
1563,optimal,1011492.5199887936,248686.61939682037,762805.9005919733,6754.5684,5991.762499887271,762.8059001127292,11.293184922262823,2.7458001515250526e-08,5.803054095238996e-08,762.8059000272406,0,0,0,0,0,,,,,,G2=1;G3=1;G4=1;G5=1;G9=1;G10=1
1564,optimal,1760144.3196719813,217338.41940008034,1542805.900271901,6754.5684,5211.762499954262,1542.8059000457379,22.840924966364064,1.2671097422401753e-08,2.803087046639168e-08,1542.8059000050362,1,0,0,0,1,G3,,,,,G2=1;G3=0;G4=1;G5=1;G9=1;G10=1
1565,optimal,1011492.5199887936,248686.61939682037,762805.9005919733,6754.5684,5991.762499887271,762.8059001127292,11.293184922262823,2.7458001515250526e-08,5.803054095238996e-08,762.8059000272406,0,0,0,0,0,,,,,,G2=1;G3=1;G4=1;G5=1;G9=1;G10=1
1566,optimal,1617903.9156180217,203198.01524760606,1414705.9003704158,6754.5684,5339.862499933909,1414.7059000660913,20.944430736182806,1.7099460517201584e-08,3.7607266965054984e-08,1414.7059000113845,1,0,0,0,1,G4,,,,,G2=1;G3=1;G4=0;G5=1;G9=1;G10=1
1567,optimal,1856229.960667825,215924.06002137897,1640305.900646446,6754.5684,5114.2624998873,1640.3059001127006,24.284392472992064,2.971388210049674e-08,6.65801420753459e-08,1640.3059000164064,1,0,0,0,1,G9,,,,,G2=1;G3=1;G4=1;G5=1;G9=0;G10=1
1568,optimal,1762008.5196608987,219202.6194002331,1542805.9002606657,6754.5684,5211.7624999602185,1542.8059000397816,22.840924966275885,1.2386286324785578e-08,2.7351815042006216e-08,1542.8059000000437,1,0,0,0,1,G2,,,,,G2=0;G3=1;G4=1;G5=1;G9=1;G10=1
1569,optimal,1011492.5199887936,248686.61939682037,762805.9005919733,6754.5684,5991.762499887271,762.8059001127292,11.293184922262823,2.7458001515250526e-08,5.803054095238996e-08,762.8059000272406,0,0,0,0,0,,,,,,G2=1;G3=1;G4=1;G5=1;G9=1;G10=1
1570,optimal,1942005.9141787183,176450.01352167473,1765555.9006570436,6754.5684,4989.012499876619,1765.555900123381,26.138693038083392,2.9752059733918543e-08,6.64735338223288e-08,1765.5559000271553,1,0,0,0,1,G10,,,,,G2=1;G3=1;G4=1;G5=1;G9=1;G10=0
1571,optimal,1011492.5199887936,248686.61939682037,762805.9005919733,6754.5684,5991.762499887271,762.8059001127292,11.293184922262823,2.7458001515250526e-08,5.803054095238996e-08,762.8059000272406,0,0,0,0,0,,,,,,G2=1;G3=1;G4=1;G5=1;G9=1;G10=1
1572,optimal,1011492.5199887936,248686.61939682037,762805.9005919733,6754.5684,5991.762499887271,762.8059001127292,11.293184922262823,2.7458001515250526e-08,5.803054095238996e-08,762.8059000272406,0,0,0,0,0,,,,,,G2=1;G3=1;G4=1;G5=1;G9=1;G10=1
1573,optimal,1011492.5199887936,248686.61939682037,762805.9005919733,6754.5684,5991.762499887271,762.8059001127292,11.293184922262823,2.7458001515250526e-08,5.803054095238996e-08,762.8059000272406,0,0,0,0,0,,,,,,G2=1;G3=1;G4=1;G5=1;G9=1;G10=1
1574,optimal,1011492.5199887936,248686.61939682037,762805.9005919733,6754.5684,5991.762499887271,762.8059001127292,11.293184922262823,2.7458001515250526e-08,5.803054095238996e-08,762.8059000272406,0,0,0,0,0,,,,,,G2=1;G3=1;G4=1;G5=1;G9=1;G10=1
1575,optimal,1760144.3196719813,217338.41940008034,1542805.900271901,6754.5684,5211.762499954262,1542.8059000457379,22.840924966364064,1.2671097422401753e-08,2.803087046639168e-08,1542.8059000050362,1,0,0,0,1,G3,,,,,G2=1;G3=0;G4=1;G5=1;G9=1;G10=1
1576,optimal,1760144.3196745194,217338.41940006224,1542805.9002744572,6754.5684,5211.762499953639,1542.8059000463609,22.840924966373287,1.2779276903178535e-08,2.827068163579692e-08,1542.8059000053108,1,1,0,1,1,G8,L23,,,L23,G2=1;G3=0;G4=1;G5=1;G9=1;G10=1
1577,optimal,1011492.5199887936,248686.61939682037,762805.9005919733,6754.5684,5991.762499887271,762.8059001127292,11.293184922262823,2.7458001515250526e-08,5.803054095238996e-08,762.8059000272406,0,0,0,0,0,,,,,,G2=1;G3=1;G4=1;G5=1;G9=1;G10=1
1578,optimal,1011492.5199887936,248686.61939682037,762805.9005919733,6754.5684,5991.762499887271,762.8059001127292,11.293184922262823,2.7458001515250526e-08,5.803054095238996e-08,762.8059000272406,0,0,0,0,0,,,,,,G2=1;G3=1;G4=1;G5=1;G9=1;G10=1
1579,optimal,1011492.5199887936,248686.61939682037,762805.9005919733,6754.5684,5991.762499887271,762.8059001127292,11.293184922262823,2.7458001515250526e-08,5.803054095238996e-08,762.8059000272406,0,0,0,0,0,,,,,,G2=1;G3=1;G4=1;G5=1;G9=1;G10=1
1580,optimal,2548417.309558971,130961.40937397433,2417455.9001849964,6754.5684,4337.112499968611,2417.4559000313893,35.789938851331925,9.291376672542791e-09,1.749617898665947e-08,2417.4559000046015,2,0,0,0,2,G4;G10,,,,,G2=1;G3=1;G4=0;G5=1;G9=1;G10=0
1581,optimal,1942005.9141787183,176450.01352167473,1765555.9006570436,6754.5684,4989.012499876619,1765.555900123381,26.138693038083392,2.9752059733918543e-08,6.64735338223288e-08,1765.5559000271553,1,0,0,0,1,G10,,,,,G2=1;G3=1;G4=1;G5=1;G9=1;G10=0
1582,optimal,1762008.5196608987,219202.6194002331,1542805.9002606657,6754.5684,5211.7624999602185,1542.8059000397816,22.840924966275885,1.2386286324785578e-08,2.7351815042006216e-08,1542.8059000000437,1,0,0,0,1,G2,,,,,G2=0;G3=1;G4=1;G5=1;G9=1;G10=1
1583,optimal,2690657.7139392933,145101.81352365765,2545555.9004156357,6754.5684,4209.012499929062,2545.5559000709386,37.686433082400036,1.9501177023131726e-08,4.229661273032675e-08,2545.555900009141,1,1,0,1,2,G10,L20,,,L20,G2=1;G3=0;G4=1;G5=1;G9=1;G10=0
1584,optimal,1011492.5199887936,248686.61939682037,762805.9005919733,6754.5684,5991.762499887271,762.8059001127292,11.293184922262823,2.7458001515250526e-08,5.803054095238996e-08,762.8059000272406,0,0,0,0,0,,,,,,G2=1;G3=1;G4=1;G5=1;G9=1;G10=1
1585,optimal,1011492.5199887936,248686.61939682037,762805.9005919733,6754.5684,5991.762499887271,762.8059001127292,11.293184922262823,2.7458001515250526e-08,5.803054095238996e-08,762.8059000272406,1,0,0,0,0,G6,,,,,G2=1;G3=1;G4=1;G5=1;G9=1;G10=1
1586,optimal,1011492.5199887936,248686.61939682037,762805.9005919733,6754.5684,5991.762499887271,762.8059001127292,11.293184922262823,2.7458001515250526e-08,5.803054095238996e-08,762.8059000272406,0,0,0,0,0,,,,,,G2=1;G3=1;G4=1;G5=1;G9=1;G10=1
1587,optimal,1011492.5199887936,248686.61939682037,762805.9005919733,6754.5684,5991.762499887271,762.8059001127292,11.293184922262823,2.7458001515250526e-08,5.803054095238996e-08,762.8059000272406,0,0,0,0,0,,,,,,G2=1;G3=1;G4=1;G5=1;G9=1;G10=1
1588,optimal,2351618.4136159387,176450.01352581146,2175168.4000901273,6754.5684,4579.399999985735,2175.168400014265,32.20292209957138,4.02200912138466e-09,9.916092676462184e-09,2175.1684000003265,2,0,0,0,1,G7;G10,,,,,G2=1;G3=1;G4=1;G5=1;G9=1;G10=0
1589,optimal,1011492.5199887936,248686.61939682037,762805.9005919733,6754.5684,5991.762499887271,762.8059001127292,11.293184922262823,2.7458001515250526e-08,5.803054095238996e-08,762.8059000272406,0,0,0,0,0,,,,,,G2=1;G3=1;G4=1;G5=1;G9=1;G10=1
1590,optimal,1011492.5199887936,248686.61939682037,762805.9005919733,6754.5684,5991.762499887271,762.8059001127292,11.293184922262823,2.7458001515250526e-08,5.803054095238996e-08,762.8059000272406,0,0,0,0,0,,,,,,G2=1;G3=1;G4=1;G5=1;G9=1;G10=1
1591,optimal,1011492.5199887936,248686.61939682037,762805.9005919733,6754.5684,5991.762499887271,762.8059001127292,11.293184922262823,2.7458001515250526e-08,5.803054095238996e-08,762.8059000272406,0,0,0,0,0,,,,,,G2=1;G3=1;G4=1;G5=1;G9=1;G10=1
1592,optimal,1856229.960667825,215924.06002137897,1640305.900646446,6754.5684,5114.2624998873,1640.3059001127006,24.284392472992064,2.971388210049674e-08,6.65801420753459e-08,1640.3059000164064,1,0,0,0,1,G9,,,,,G2=1;G3=1;G4=1;G5=1;G9=0;G10=1
1593,optimal,1011492.5199887936,248686.61939682037,762805.9005919733,6754.5684,5991.762499887271,762.8059001127292,11.293184922262823,2.7458001515250526e-08,5.803054095238996e-08,762.8059000272406,0,0,0,0,0,,,,,,G2=1;G3=1;G4=1;G5=1;G9=1;G10=1
1594,optimal,1011492.5194296971,248686.61940049546,762805.9000292016,6754.5684,5991.762499994087,762.8059000059125,11.293184920681423,1.2639789746381222e-09,2.9783510537453337e-09,762.80590000167,0,2,0,2,0,,L28;L38,,,L28;L38,G2=1;G3=1;G4=1;G5=1;G9=1;G10=1
1595,optimal,1011492.5200296848,248686.61939644103,762805.9006332437,6754.5684,5991.7624998787915,762.8059001212088,11.293184922388361,2.9377790424011868e-08,6.190874407205029e-08,762.8059000299222,0,1,0,1,0,,L30,,,L30,G2=1;G3=1;G4=1;G5=1;G9=1;G10=1
1596,optimal,1011492.5199887936,248686.61939682037,762805.9005919733,6754.5684,5991.762499887271,762.8059001127292,11.293184922262823,2.7458001515250526e-08,5.803054095238996e-08,762.8059000272406,0,0,0,0,0,,,,,,G2=1;G3=1;G4=1;G5=1;G9=1;G10=1
1597,optimal,1011492.5199887936,248686.61939682037,762805.9005919733,6754.5684,5991.762499887271,762.8059001127292,11.293184922262823,2.7458001515250526e-08,5.803054095238996e-08,762.8059000272406,0,0,0,0,0,,,,,,G2=1;G3=1;G4=1;G5=1;G9=1;G10=1
1598,optimal,1011492.5199887936,248686.61939682037,762805.9005919733,6754.5684,5991.762499887271,762.8059001127292,11.293184922262823,2.7458001515250526e-08,5.803054095238996e-08,762.8059000272406,0,0,0,0,0,,,,,,G2=1;G3=1;G4=1;G5=1;G9=1;G10=1
1599,optimal,2366555.7172264894,171849.81523749855,2194705.901988991,6754.5684,4559.86249962586,2194.705900374139,32.492170785836436,9.148928909200543e-08,1.9786212143858526e-07,2194.705900084788,2,0,0,0,2,G3;G4,,,,,G2=1;G3=0;G4=0;G5=1;G9=1;G10=1
1600,optimal,1762008.5196608987,219202.6194002331,1542805.9002606657,6754.5684,5211.7624999602185,1542.8059000397816,22.840924966275885,1.2386286324785578e-08,2.7351815042006216e-08,1542.8059000000437,2,0,0,0,1,G2;G8,,,,,G2=0;G3=1;G4=1;G5=1;G9=1;G10=1
1601,optimal,1011492.5199887936,248686.61939682037,762805.9005919733,6754.5684,5991.762499887271,762.8059001127292,11.293184922262823,2.7458001515250526e-08,5.803054095238996e-08,762.8059000272406,0,0,0,0,0,,,,,,G2=1;G3=1;G4=1;G5=1;G9=1;G10=1
1602,optimal,1011492.5199887936,248686.61939682037,762805.9005919733,6754.5684,5991.762499887271,762.8059001127292,11.293184922262823,2.7458001515250526e-08,5.803054095238996e-08,762.8059000272406,2,0,0,0,0,G6;G8,,,,,G2=1;G3=1;G4=1;G5=1;G9=1;G10=1
1603,optimal,1011492.5199887936,248686.61939682037,762805.9005919733,6754.5684,5991.762499887271,762.8059001127292,11.293184922262823,2.7458001515250526e-08,5.803054095238996e-08,762.8059000272406,0,0,0,0,0,,,,,,G2=1;G3=1;G4=1;G5=1;G9=1;G10=1
1604,optimal,1011492.5199887936,248686.61939682037,762805.9005919733,6754.5684,5991.762499887271,762.8059001127292,11.293184922262823,2.7458001515250526e-08,5.803054095238996e-08,762.8059000272406,0,0,0,0,0,,,,,,G2=1;G3=1;G4=1;G5=1;G9=1;G10=1
1605,optimal,1011492.5199887936,248686.61939682037,762805.9005919733,6754.5684,5991.762499887271,762.8059001127292,11.293184922262823,2.7458001515250526e-08,5.803054095238996e-08,762.8059000272406,0,0,0,0,0,,,,,,G2=1;G3=1;G4=1;G5=1;G9=1;G10=1
1606,optimal,1011492.5199887936,248686.61939682037,762805.9005919733,6754.5684,5991.762499887271,762.8059001127292,11.293184922262823,2.7458001515250526e-08,5.803054095238996e-08,762.8059000272406,0,0,0,0,0,,,,,,G2=1;G3=1;G4=1;G5=1;G9=1;G10=1
1607,optimal,1762008.5196608987,219202.6194002331,1542805.9002606657,6754.5684,5211.7624999602185,1542.8059000397816,22.840924966275885,1.2386286324785578e-08,2.7351815042006216e-08,1542.8059000000437,1,0,0,0,1,G2,,,,,G2=0;G3=1;G4=1;G5=1;G9=1;G10=1
1608,optimal,1011492.5199887936,248686.61939682037,762805.9005919733,6754.5684,5991.762499887271,762.8059001127292,11.293184922262823,2.7458001515250526e-08,5.803054095238996e-08,762.8059000272406,0,0,0,0,0,,,,,,G2=1;G3=1;G4=1;G5=1;G9=1;G10=1
1609,optimal,1011492.5200381498,248686.61939626903,762805.9006418807,6754.5684,5991.762499875977,762.805900124024,11.29318492243004,2.9662259974083655e-08,6.272405522346802e-08,762.8059000316377,0,1,0,1,0,,L7,,,L7,G2=1;G3=1;G4=1;G5=1;G9=1;G10=1
1610,optimal,1011492.5199887936,248686.61939682037,762805.9005919733,6754.5684,5991.762499887271,762.8059001127292,11.293184922262823,2.7458001515250526e-08,5.803054095238996e-08,762.8059000272406,0,0,0,0,0,,,,,,G2=1;G3=1;G4=1;G5=1;G9=1;G10=1
1611,optimal,1011492.5199887936,248686.61939682037,762805.9005919733,6754.5684,5991.762499887271,762.8059001127292,11.293184922262823,2.7458001515250526e-08,5.803054095238996e-08,762.8059000272406,0,0,0,0,0,,,,,,G2=1;G3=1;G4=1;G5=1;G9=1;G10=1
1612,optimal,1011492.5199887936,248686.61939682037,762805.9005919733,6754.5684,5991.762499887271,762.8059001127292,11.293184922262823,2.7458001515250526e-08,5.803054095238996e-08,762.8059000272406,0,0,0,0,0,,,,,,G2=1;G3=1;G4=1;G5=1;G9=1;G10=1
1613,optimal,1011492.5199887936,248686.61939682037,762805.9005919733,6754.5684,5991.762499887271,762.8059001127292,11.293184922262823,2.7458001515250526e-08,5.803054095238996e-08,762.8059000272406,0,0,0,0,0,,,,,,G2=1;G3=1;G4=1;G5=1;G9=1;G10=1
1614,optimal,1011492.5199887936,248686.61939682037,762805.9005919733,6754.5684,5991.762499887271,762.8059001127292,11.293184922262823,2.7458001515250526e-08,5.803054095238996e-08,762.8059000272406,0,0,0,0,0,,,,,,G2=1;G3=1;G4=1;G5=1;G9=1;G10=1
1615,optimal,1011492.5199887936,248686.61939682037,762805.9005919733,6754.5684,5991.762499887271,762.8059001127292,11.293184922262823,2.7458001515250526e-08,5.803054095238996e-08,762.8059000272406,0,0,0,0,0,,,,,,G2=1;G3=1;G4=1;G5=1;G9=1;G10=1
1616,optimal,1011492.5199887936,248686.61939682037,762805.9005919733,6754.5684,5991.762499887271,762.8059001127292,11.293184922262823,2.7458001515250526e-08,5.803054095238996e-08,762.8059000272406,0,0,0,0,0,,,,,,G2=1;G3=1;G4=1;G5=1;G9=1;G10=1
1617,optimal,1011492.5199887936,248686.61939682037,762805.9005919733,6754.5684,5991.762499887271,762.8059001127292,11.293184922262823,2.7458001515250526e-08,5.803054095238996e-08,762.8059000272406,0,0,0,0,0,,,,,,G2=1;G3=1;G4=1;G5=1;G9=1;G10=1
1618,optimal,1421105.0200076625,248686.61939763324,1172418.4006100292,6754.5684,5582.149999912271,1172.4184000877294,17.357413984996132,2.9548047475535493e-08,6.409181553006159e-08,1172.4183999940894,1,0,0,0,0,G7,,,,,G2=1;G3=1;G4=1;G5=1;G9=1;G10=1
1619,optimal,1011492.5199887936,248686.61939682037,762805.9005919733,6754.5684,5991.762499887271,762.8059001127292,11.293184922262823,2.7458001515250526e-08,5.803054095238996e-08,762.8059000272406,0,0,0,0,0,,,,,,G2=1;G3=1;G4=1;G5=1;G9=1;G10=1
1620,optimal,1011492.5199887936,248686.61939682037,762805.9005919733,6754.5684,5991.762499887271,762.8059001127292,11.293184922262823,2.7458001515250526e-08,5.803054095238996e-08,762.8059000272406,0,0,0,0,0,,,,,,G2=1;G3=1;G4=1;G5=1;G9=1;G10=1
1621,optimal,1942005.9141787183,176450.01352167473,1765555.9006570436,6754.5684,4989.012499876619,1765.555900123381,26.138693038083392,2.9752059733918543e-08,6.64735338223288e-08,1765.5559000271553,1,0,0,0,1,G10,,,,,G2=1;G3=1;G4=1;G5=1;G9=1;G10=0
1622,optimal,1760144.3196719813,217338.41940008034,1542805.900271901,6754.5684,5211.762499954262,1542.8059000457379,22.840924966364064,1.2671097422401753e-08,2.803087046639168e-08,1542.8059000050362,1,0,0,0,1,G3,,,,,G2=1;G3=0;G4=1;G5=1;G9=1;G10=1
1623,optimal,1011492.5199887936,248686.61939682037,762805.9005919733,6754.5684,5991.762499887271,762.8059001127292,11.293184922262823,2.7458001515250526e-08,5.803054095238996e-08,762.8059000272406,0,0,0,0,0,,,,,,G2=1;G3=1;G4=1;G5=1;G9=1;G10=1
1624,optimal,1011492.5199887936,248686.61939682037,762805.9005919733,6754.5684,5991.762499887271,762.8059001127292,11.293184922262823,2.7458001515250526e-08,5.803054095238996e-08,762.8059000272406,0,0,0,0,0,,,,,,G2=1;G3=1;G4=1;G5=1;G9=1;G10=1
1625,optimal,1011492.5199887936,248686.61939682037,762805.9005919733,6754.5684,5991.762499887271,762.8059001127292,11.293184922262823,2.7458001515250526e-08,5.803054095238996e-08,762.8059000272406,0,0,0,0,0,,,,,,G2=1;G3=1;G4=1;G5=1;G9=1;G10=1
1626,optimal,1011492.5200275244,248686.61939637654,762805.9006311479,6754.5684,5991.762499877824,762.8059001221766,11.29318492240269,2.9021913510884073e-08,6.19435385398313e-08,762.8059000312112,0,1,0,1,0,,L28,,,L28,G2=1;G3=1;G4=1;G5=1;G9=1;G10=1
1627,optimal,1011492.5199887936,248686.61939682037,762805.9005919733,6754.5684,5991.762499887271,762.8059001127292,11.293184922262823,2.7458001515250526e-08,5.803054095238996e-08,762.8059000272406,0,0,0,0,0,,,,,,G2=1;G3=1;G4=1;G5=1;G9=1;G10=1
1628,optimal,1011492.5199887936,248686.61939682037,762805.9005919733,6754.5684,5991.762499887271,762.8059001127292,11.293184922262823,2.7458001515250526e-08,5.803054095238996e-08,762.8059000272406,0,0,0,0,0,,,,,,G2=1;G3=1;G4=1;G5=1;G9=1;G10=1
1629,optimal,1011492.5199887936,248686.61939682037,762805.9005919733,6754.5684,5991.762499887271,762.8059001127292,11.293184922262823,2.7458001515250526e-08,5.803054095238996e-08,762.8059000272406,0,0,0,0,0,,,,,,G2=1;G3=1;G4=1;G5=1;G9=1;G10=1
1630,optimal,1011492.5199887936,248686.61939682037,762805.9005919733,6754.5684,5991.762499887271,762.8059001127292,11.293184922262823,2.7458001515250526e-08,5.803054095238996e-08,762.8059000272406,0,0,0,0,0,,,,,,G2=1;G3=1;G4=1;G5=1;G9=1;G10=1
1631,optimal,1011492.5199887936,248686.61939682037,762805.9005919733,6754.5684,5991.762499887271,762.8059001127292,11.293184922262823,2.7458001515250526e-08,5.803054095238996e-08,762.8059000272406,0,0,0,0,0,,,,,,G2=1;G3=1;G4=1;G5=1;G9=1;G10=1
1632,optimal,1760144.3196622906,217338.4194001314,1542805.9002621593,6754.5684,5211.762499955829,1542.8059000441706,22.840924966340864,1.2209887689636243e-08,2.7025071529312078e-08,1542.8059000049352,1,1,0,1,1,G3,L19,,,L19,G2=1;G3=0;G4=1;G5=1;G9=1;G10=1
1633,optimal,1011492.5199887936,248686.61939682037,762805.9005919733,6754.5684,5991.762499887271,762.8059001127292,11.293184922262823,2.7458001515250526e-08,5.803054095238996e-08,762.8059000272406,0,0,0,0,0,,,,,,G2=1;G3=1;G4=1;G5=1;G9=1;G10=1
1634,optimal,1760144.3196719813,217338.41940008034,1542805.900271901,6754.5684,5211.762499954262,1542.8059000457379,22.840924966364064,1.2671097422401753e-08,2.803087046639168e-08,1542.8059000050362,1,0,0,0,1,G3,,,,,G2=1;G3=0;G4=1;G5=1;G9=1;G10=1
1635,optimal,1942005.9141787183,176450.01352167473,1765555.9006570436,6754.5684,4989.012499876619,1765.555900123381,26.138693038083392,2.9752059733918543e-08,6.64735338223288e-08,1765.5559000271553,1,0,0,0,1,G10,,,,,G2=1;G3=1;G4=1;G5=1;G9=1;G10=0
1636,optimal,1617903.9156180217,203198.01524760606,1414705.9003704158,6754.5684,5339.862499933909,1414.7059000660913,20.944430736182806,1.7099460517201584e-08,3.7607266965054984e-08,1414.7059000113845,1,0,0,0,1,G4,,,,,G2=1;G3=1;G4=0;G5=1;G9=1;G10=1
1637,optimal,1942005.9141787183,176450.01352167473,1765555.9006570436,6754.5684,4989.012499876619,1765.555900123381,26.138693038083392,2.9752059733918543e-08,6.64735338223288e-08,1765.5559000271553,1,0,0,0,1,G10,,,,,G2=1;G3=1;G4=1;G5=1;G9=1;G10=0
1638,optimal,1011492.5199887936,248686.61939682037,762805.9005919733,6754.5684,5991.762499887271,762.8059001127292,11.293184922262823,2.7458001515250526e-08,5.803054095238996e-08,762.8059000272406,0,0,0,0,0,,,,,,G2=1;G3=1;G4=1;G5=1;G9=1;G10=1
1639,optimal,1762008.5196608987,219202.6194002331,1542805.9002606657,6754.5684,5211.7624999602185,1542.8059000397816,22.840924966275885,1.2386286324785578e-08,2.7351815042006216e-08,1542.8059000000437,1,0,0,0,1,G2,,,,,G2=0;G3=1;G4=1;G5=1;G9=1;G10=1
1640,optimal,1011492.5199887936,248686.61939682037,762805.9005919733,6754.5684,5991.762499887271,762.8059001127292,11.293184922262823,2.7458001515250526e-08,5.803054095238996e-08,762.8059000272406,0,0,0,0,0,,,,,,G2=1;G3=1;G4=1;G5=1;G9=1;G10=1
1641,optimal,1011492.5199887936,248686.61939682037,762805.9005919733,6754.5684,5991.762499887271,762.8059001127292,11.293184922262823,2.7458001515250526e-08,5.803054095238996e-08,762.8059000272406,0,0,0,0,0,,,,,,G2=1;G3=1;G4=1;G5=1;G9=1;G10=1
1642,optimal,1617903.9156180217,203198.01524760606,1414705.9003704158,6754.5684,5339.862499933909,1414.7059000660913,20.944430736182806,1.7099460517201584e-08,3.7607266965054984e-08,1414.7059000113845,1,0,0,0,1,G4,,,,,G2=1;G3=1;G4=0;G5=1;G9=1;G10=1
1643,optimal,1651070.9307264644,222365.03024655534,1428705.900479909,6754.5684,5325.86249991447,1428.7059000855293,21.151697865485072,2.2397464574565604e-08,4.820062919553181e-08,1428.705900014931,1,0,0,0,1,G5,,,,,G2=1;G3=1;G4=1;G5=0;G9=1;G10=1
1644,optimal,1011492.5199887936,248686.61939682037,762805.9005919733,6754.5684,5991.762499887271,762.8059001127292,11.293184922262823,2.7458001515250526e-08,5.803054095238996e-08,762.8059000272406,1,0,0,0,0,G6,,,,,G2=1;G3=1;G4=1;G5=1;G9=1;G10=1
1645,optimal,1011492.5199887936,248686.61939682037,762805.9005919733,6754.5684,5991.762499887271,762.8059001127292,11.293184922262823,2.7458001515250526e-08,5.803054095238996e-08,762.8059000272406,0,0,0,0,0,,,,,,G2=1;G3=1;G4=1;G5=1;G9=1;G10=1
1646,optimal,1011492.5199887936,248686.61939682037,762805.9005919733,6754.5684,5991.762499887271,762.8059001127292,11.293184922262823,2.7458001515250526e-08,5.803054095238996e-08,762.8059000272406,0,0,0,0,0,,,,,,G2=1;G3=1;G4=1;G5=1;G9=1;G10=1
1647,optimal,1760144.3196719813,217338.41940008034,1542805.900271901,6754.5684,5211.762499954262,1542.8059000457379,22.840924966364064,1.2671097422401753e-08,2.803087046639168e-08,1542.8059000050362,2,0,0,0,1,G3;G6,,,,,G2=1;G3=0;G4=1;G5=1;G9=1;G10=1
1648,optimal,1011492.5199887936,248686.61939682037,762805.9005919733,6754.5684,5991.762499887271,762.8059001127292,11.293184922262823,2.7458001515250526e-08,5.803054095238996e-08,762.8059000272406,0,0,0,0,0,,,,,,G2=1;G3=1;G4=1;G5=1;G9=1;G10=1
1649,optimal,1011492.5199887936,248686.61939682037,762805.9005919733,6754.5684,5991.762499887271,762.8059001127292,11.293184922262823,2.7458001515250526e-08,5.803054095238996e-08,762.8059000272406,0,0,0,0,0,,,,,,G2=1;G3=1;G4=1;G5=1;G9=1;G10=1
1650,optimal,1942005.9140942772,176450.01352281094,1765555.9005714662,6754.5684,4989.012499896831,1765.5559001031693,26.138693037784165,2.6088682776435465e-08,5.837467744729251e-08,1765.5559000187056,1,1,0,1,1,G10,L12,,,L12,G2=1;G3=1;G4=1;G5=1;G9=1;G10=0
1651,optimal,1011492.5199887936,248686.61939682037,762805.9005919733,6754.5684,5991.762499887271,762.8059001127292,11.293184922262823,2.7458001515250526e-08,5.803054095238996e-08,762.8059000272406,0,0,0,0,0,,,,,,G2=1;G3=1;G4=1;G5=1;G9=1;G10=1
1652,optimal,1011492.5199887936,248686.61939682037,762805.9005919733,6754.5684,5991.762499887271,762.8059001127292,11.293184922262823,2.7458001515250526e-08,5.803054095238996e-08,762.8059000272406,1,0,0,0,0,G6,,,,,G2=1;G3=1;G4=1;G5=1;G9=1;G10=1
1653,optimal,1024861.5756706464,248048.7521596579,776812.8235109885,6754.5684,5977.755577582811,776.8128224171883,11.50055453457527,6.476155157301488e-08,1.2773657856038054e-07,776.8128222246902,0,1,0,1,0,,L42,,,L42,G2=1;G3=1;G4=1;G5=1;G9=1;G10=1
1654,optimal,1011492.5199887936,248686.61939682037,762805.9005919733,6754.5684,5991.762499887271,762.8059001127292,11.293184922262823,2.7458001515250526e-08,5.803054095238996e-08,762.8059000272406,0,0,0,0,0,,,,,,G2=1;G3=1;G4=1;G5=1;G9=1;G10=1
1655,optimal,1760144.3196719813,217338.41940008034,1542805.900271901,6754.5684,5211.762499954262,1542.8059000457379,22.840924966364064,1.2671097422401753e-08,2.803087046639168e-08,1542.8059000050362,1,0,0,0,1,G3,,,,,G2=1;G3=0;G4=1;G5=1;G9=1;G10=1
1656,optimal,1011492.5199887936,248686.61939682037,762805.9005919733,6754.5684,5991.762499887271,762.8059001127292,11.293184922262823,2.7458001515250526e-08,5.803054095238996e-08,762.8059000272406,0,0,0,0,0,,,,,,G2=1;G3=1;G4=1;G5=1;G9=1;G10=1
1657,optimal,1011492.5195054137,248686.61940032308,762805.9001050907,6754.5684,5991.762499978063,762.8059000219371,11.293184920918664,4.5573853909342025e-09,1.0534305382505954e-08,762.8059000068455,0,2,0,2,0,,L1;L15,,,L1;L15,G2=1;G3=1;G4=1;G5=1;G9=1;G10=1
1658,optimal,1011492.5199887936,248686.61939682037,762805.9005919733,6754.5684,5991.762499887271,762.8059001127292,11.293184922262823,2.7458001515250526e-08,5.803054095238996e-08,762.8059000272406,0,0,0,0,0,,,,,,G2=1;G3=1;G4=1;G5=1;G9=1;G10=1
1659,optimal,1421105.0200076625,248686.61939763324,1172418.4006100292,6754.5684,5582.149999912271,1172.4184000877294,17.357413984996132,2.9548047475535493e-08,6.409181553006159e-08,1172.4183999940894,1,0,0,0,0,G7,,,,,G2=1;G3=1;G4=1;G5=1;G9=1;G10=1
1660,optimal,1011492.5199887936,248686.61939682037,762805.9005919733,6754.5684,5991.762499887271,762.8059001127292,11.293184922262823,2.7458001515250526e-08,5.803054095238996e-08,762.8059000272406,0,0,0,0,0,,,,,,G2=1;G3=1;G4=1;G5=1;G9=1;G10=1
1661,optimal,1011492.5199887936,248686.61939682037,762805.9005919733,6754.5684,5991.762499887271,762.8059001127292,11.293184922262823,2.7458001515250526e-08,5.803054095238996e-08,762.8059000272406,0,0,0,0,0,,,,,,G2=1;G3=1;G4=1;G5=1;G9=1;G10=1
1662,optimal,1011492.5199887936,248686.61939682037,762805.9005919733,6754.5684,5991.762499887271,762.8059001127292,11.293184922262823,2.7458001515250526e-08,5.803054095238996e-08,762.8059000272406,0,0,0,0,0,,,,,,G2=1;G3=1;G4=1;G5=1;G9=1;G10=1
1663,optimal,1011492.5199887936,248686.61939682037,762805.9005919733,6754.5684,5991.762499887271,762.8059001127292,11.293184922262823,2.7458001515250526e-08,5.803054095238996e-08,762.8059000272406,0,0,0,0,0,,,,,,G2=1;G3=1;G4=1;G5=1;G9=1;G10=1
1664,optimal,1011492.5199887936,248686.61939682037,762805.9005919733,6754.5684,5991.762499887271,762.8059001127292,11.293184922262823,2.7458001515250526e-08,5.803054095238996e-08,762.8059000272406,1,0,0,0,0,G6,,,,,G2=1;G3=1;G4=1;G5=1;G9=1;G10=1
1665,optimal,1011492.5199887936,248686.61939682037,762805.9005919733,6754.5684,5991.762499887271,762.8059001127292,11.293184922262823,2.7458001515250526e-08,5.803054095238996e-08,762.8059000272406,0,0,0,0,0,,,,,,G2=1;G3=1;G4=1;G5=1;G9=1;G10=1
1666,optimal,1011492.5199887936,248686.61939682037,762805.9005919733,6754.5684,5991.762499887271,762.8059001127292,11.293184922262823,2.7458001515250526e-08,5.803054095238996e-08,762.8059000272406,0,0,0,0,0,,,,,,G2=1;G3=1;G4=1;G5=1;G9=1;G10=1
1667,optimal,1011492.5199887936,248686.61939682037,762805.9005919733,6754.5684,5991.762499887271,762.8059001127292,11.293184922262823,2.7458001515250526e-08,5.803054095238996e-08,762.8059000272406,0,0,0,0,0,,,,,,G2=1;G3=1;G4=1;G5=1;G9=1;G10=1
1668,optimal,1011492.5199887936,248686.61939682037,762805.9005919733,6754.5684,5991.762499887271,762.8059001127292,11.293184922262823,2.7458001515250526e-08,5.803054095238996e-08,762.8059000272406,0,0,0,0,0,,,,,,G2=1;G3=1;G4=1;G5=1;G9=1;G10=1
1669,optimal,1011492.5199887936,248686.61939682037,762805.9005919733,6754.5684,5991.762499887271,762.8059001127292,11.293184922262823,2.7458001515250526e-08,5.803054095238996e-08,762.8059000272406,0,0,0,0,0,,,,,,G2=1;G3=1;G4=1;G5=1;G9=1;G10=1
1670,optimal,1942005.9141787183,176450.01352167473,1765555.9006570436,6754.5684,4989.012499876619,1765.555900123381,26.138693038083392,2.9752059733918543e-08,6.64735338223288e-08,1765.5559000271553,1,0,0,0,1,G10,,,,,G2=1;G3=1;G4=1;G5=1;G9=1;G10=0
1671,optimal,1011492.5199887936,248686.61939682037,762805.9005919733,6754.5684,5991.762499887271,762.8059001127292,11.293184922262823,2.7458001515250526e-08,5.803054095238996e-08,762.8059000272406,0,0,0,0,0,,,,,,G2=1;G3=1;G4=1;G5=1;G9=1;G10=1
1672,optimal,1011492.5199887936,248686.61939682037,762805.9005919733,6754.5684,5991.762499887271,762.8059001127292,11.293184922262823,2.7458001515250526e-08,5.803054095238996e-08,762.8059000272406,0,0,0,0,0,,,,,,G2=1;G3=1;G4=1;G5=1;G9=1;G10=1
1673,optimal,1011492.5199887936,248686.61939682037,762805.9005919733,6754.5684,5991.762499887271,762.8059001127292,11.293184922262823,2.7458001515250526e-08,5.803054095238996e-08,762.8059000272406,0,0,0,0,0,,,,,,G2=1;G3=1;G4=1;G5=1;G9=1;G10=1
1674,optimal,1011492.5199887936,248686.61939682037,762805.9005919733,6754.5684,5991.762499887271,762.8059001127292,11.293184922262823,2.7458001515250526e-08,5.803054095238996e-08,762.8059000272406,0,0,0,0,0,,,,,,G2=1;G3=1;G4=1;G5=1;G9=1;G10=1
1675,optimal,1011492.5199887936,248686.61939682037,762805.9005919733,6754.5684,5991.762499887271,762.8059001127292,11.293184922262823,2.7458001515250526e-08,5.803054095238996e-08,762.8059000272406,0,0,0,0,0,,,,,,G2=1;G3=1;G4=1;G5=1;G9=1;G10=1
1676,optimal,1617903.915618598,203198.0152476013,1414705.9003709967,6754.5684,5339.862499933865,1414.7059000661347,20.94443073618345,1.712800175767286e-08,3.767741389073343e-08,1414.705900011329,0,1,0,1,1,,L33,,,L33,G2=1;G3=1;G4=0;G5=1;G9=1;G10=1
1677,optimal,1011492.5199887936,248686.61939682037,762805.9005919733,6754.5684,5991.762499887271,762.8059001127292,11.293184922262823,2.7458001515250526e-08,5.803054095238996e-08,762.8059000272406,0,0,0,0,0,,,,,,G2=1;G3=1;G4=1;G5=1;G9=1;G10=1
1678,optimal,1617903.9156180217,203198.01524760606,1414705.9003704158,6754.5684,5339.862499933909,1414.7059000660913,20.944430736182806,1.7099460517201584e-08,3.7607266965054984e-08,1414.7059000113845,1,0,0,0,1,G4,,,,,G2=1;G3=1;G4=0;G5=1;G9=1;G10=1
1679,optimal,1011492.5199887936,248686.61939682037,762805.9005919733,6754.5684,5991.762499887271,762.8059001127292,11.293184922262823,2.7458001515250526e-08,5.803054095238996e-08,762.8059000272406,0,0,0,0,0,,,,,,G2=1;G3=1;G4=1;G5=1;G9=1;G10=1
1680,optimal,1011492.5199887936,248686.61939682037,762805.9005919733,6754.5684,5991.762499887271,762.8059001127292,11.293184922262823,2.7458001515250526e-08,5.803054095238996e-08,762.8059000272406,0,0,0,0,0,,,,,,G2=1;G3=1;G4=1;G5=1;G9=1;G10=1
1681,optimal,1011492.5199887936,248686.61939682037,762805.9005919733,6754.5684,5991.762499887271,762.8059001127292,11.293184922262823,2.7458001515250526e-08,5.803054095238996e-08,762.8059000272406,0,0,0,0,0,,,,,,G2=1;G3=1;G4=1;G5=1;G9=1;G10=1
1682,optimal,1011492.5199887936,248686.61939682037,762805.9005919733,6754.5684,5991.762499887271,762.8059001127292,11.293184922262823,2.7458001515250526e-08,5.803054095238996e-08,762.8059000272406,0,0,0,0,0,,,,,,G2=1;G3=1;G4=1;G5=1;G9=1;G10=1
1683,optimal,1011492.5199887936,248686.61939682037,762805.9005919733,6754.5684,5991.762499887271,762.8059001127292,11.293184922262823,2.7458001515250526e-08,5.803054095238996e-08,762.8059000272406,0,0,0,0,0,,,,,,G2=1;G3=1;G4=1;G5=1;G9=1;G10=1
1684,optimal,1011492.5199887936,248686.61939682037,762805.9005919733,6754.5684,5991.762499887271,762.8059001127292,11.293184922262823,2.7458001515250526e-08,5.803054095238996e-08,762.8059000272406,0,0,0,0,0,,,,,,G2=1;G3=1;G4=1;G5=1;G9=1;G10=1
1685,optimal,1011492.5199887936,248686.61939682037,762805.9005919733,6754.5684,5991.762499887271,762.8059001127292,11.293184922262823,2.7458001515250526e-08,5.803054095238996e-08,762.8059000272406,0,0,0,0,0,,,,,,G2=1;G3=1;G4=1;G5=1;G9=1;G10=1
1686,optimal,1011492.5199887936,248686.61939682037,762805.9005919733,6754.5684,5991.762499887271,762.8059001127292,11.293184922262823,2.7458001515250526e-08,5.803054095238996e-08,762.8059000272406,0,0,0,0,0,,,,,,G2=1;G3=1;G4=1;G5=1;G9=1;G10=1
1687,optimal,1011492.5199887936,248686.61939682037,762805.9005919733,6754.5684,5991.762499887271,762.8059001127292,11.293184922262823,2.7458001515250526e-08,5.803054095238996e-08,762.8059000272406,0,0,0,0,0,,,,,,G2=1;G3=1;G4=1;G5=1;G9=1;G10=1
1688,optimal,1011492.5199887936,248686.61939682037,762805.9005919733,6754.5684,5991.762499887271,762.8059001127292,11.293184922262823,2.7458001515250526e-08,5.803054095238996e-08,762.8059000272406,0,0,0,0,0,,,,,,G2=1;G3=1;G4=1;G5=1;G9=1;G10=1
1689,optimal,1011492.5199887936,248686.61939682037,762805.9005919733,6754.5684,5991.762499887271,762.8059001127292,11.293184922262823,2.7458001515250526e-08,5.803054095238996e-08,762.8059000272406,0,0,0,0,0,,,,,,G2=1;G3=1;G4=1;G5=1;G9=1;G10=1
1690,optimal,1011492.5199887936,248686.61939682037,762805.9005919733,6754.5684,5991.762499887271,762.8059001127292,11.293184922262823,2.7458001515250526e-08,5.803054095238996e-08,762.8059000272406,0,0,0,0,0,,,,,,G2=1;G3=1;G4=1;G5=1;G9=1;G10=1
1691,optimal,1011492.5199887936,248686.61939682037,762805.9005919733,6754.5684,5991.762499887271,762.8059001127292,11.293184922262823,2.7458001515250526e-08,5.803054095238996e-08,762.8059000272406,0,0,0,0,0,,,,,,G2=1;G3=1;G4=1;G5=1;G9=1;G10=1
1692,optimal,1011492.5199887936,248686.61939682037,762805.9005919733,6754.5684,5991.762499887271,762.8059001127292,11.293184922262823,2.7458001515250526e-08,5.803054095238996e-08,762.8059000272406,0,0,0,0,0,,,,,,G2=1;G3=1;G4=1;G5=1;G9=1;G10=1
1693,optimal,1011492.5199887936,248686.61939682037,762805.9005919733,6754.5684,5991.762499887271,762.8059001127292,11.293184922262823,2.7458001515250526e-08,5.803054095238996e-08,762.8059000272406,0,0,0,0,0,,,,,,G2=1;G3=1;G4=1;G5=1;G9=1;G10=1
1694,optimal,1942005.9141787183,176450.01352167473,1765555.9006570436,6754.5684,4989.012499876619,1765.555900123381,26.138693038083392,2.9752059733918543e-08,6.64735338223288e-08,1765.5559000271553,1,0,0,0,1,G10,,,,,G2=1;G3=1;G4=1;G5=1;G9=1;G10=0
1695,optimal,1011492.5199887936,248686.61939682037,762805.9005919733,6754.5684,5991.762499887271,762.8059001127292,11.293184922262823,2.7458001515250526e-08,5.803054095238996e-08,762.8059000272406,0,0,0,0,0,,,,,,G2=1;G3=1;G4=1;G5=1;G9=1;G10=1
1696,optimal,1617903.9156180217,203198.01524760606,1414705.9003704158,6754.5684,5339.862499933909,1414.7059000660913,20.944430736182806,1.7099460517201584e-08,3.7607266965054984e-08,1414.7059000113845,1,0,0,0,1,G4,,,,,G2=1;G3=1;G4=0;G5=1;G9=1;G10=1
1697,optimal,1011492.5199887936,248686.61939682037,762805.9005919733,6754.5684,5991.762499887271,762.8059001127292,11.293184922262823,2.7458001515250526e-08,5.803054095238996e-08,762.8059000272406,0,0,0,0,0,,,,,,G2=1;G3=1;G4=1;G5=1;G9=1;G10=1
1698,optimal,1011492.5199887936,248686.61939682037,762805.9005919733,6754.5684,5991.762499887271,762.8059001127292,11.293184922262823,2.7458001515250526e-08,5.803054095238996e-08,762.8059000272406,0,0,0,0,0,,,,,,G2=1;G3=1;G4=1;G5=1;G9=1;G10=1
1699,optimal,1011492.5199887936,248686.61939682037,762805.9005919733,6754.5684,5991.762499887271,762.8059001127292,11.293184922262823,2.7458001515250526e-08,5.803054095238996e-08,762.8059000272406,0,0,0,0,0,,,,,,G2=1;G3=1;G4=1;G5=1;G9=1;G10=1
1700,optimal,2462641.355995298,170435.45587429812,2292205.9001209997,6754.5684,4462.362499980316,2292.2059000196846,33.93563828622543,5.720409060722642e-09,1.2457912972907094e-08,2292.2059000015065,2,0,0,0,2,G4;G9,,,,,G2=1;G3=1;G4=0;G5=1;G9=0;G10=1
1701,optimal,1011492.5199887936,248686.61939682037,762805.9005919733,6754.5684,5991.762499887271,762.8059001127292,11.293184922262823,2.7458001515250526e-08,5.803054095238996e-08,762.8059000272406,0,0,0,0,0,,,,,,G2=1;G3=1;G4=1;G5=1;G9=1;G10=1
1702,optimal,1011492.5199887936,248686.61939682037,762805.9005919733,6754.5684,5991.762499887271,762.8059001127292,11.293184922262823,2.7458001515250526e-08,5.803054095238996e-08,762.8059000272406,0,0,0,0,0,,,,,,G2=1;G3=1;G4=1;G5=1;G9=1;G10=1
1703,optimal,1011492.5199887936,248686.61939682037,762805.9005919733,6754.5684,5991.762499887271,762.8059001127292,11.293184922262823,2.7458001515250526e-08,5.803054095238996e-08,762.8059000272406,0,0,0,0,0,,,,,,G2=1;G3=1;G4=1;G5=1;G9=1;G10=1
1704,optimal,1011492.5199887936,248686.61939682037,762805.9005919733,6754.5684,5991.762499887271,762.8059001127292,11.293184922262823,2.7458001515250526e-08,5.803054095238996e-08,762.8059000272406,0,0,0,0,0,,,,,,G2=1;G3=1;G4=1;G5=1;G9=1;G10=1
1705,optimal,1011492.5199887936,248686.61939682037,762805.9005919733,6754.5684,5991.762499887271,762.8059001127292,11.293184922262823,2.7458001515250526e-08,5.803054095238996e-08,762.8059000272406,0,0,0,0,0,,,,,,G2=1;G3=1;G4=1;G5=1;G9=1;G10=1
1706,optimal,1011492.5199887936,248686.61939682037,762805.9005919733,6754.5684,5991.762499887271,762.8059001127292,11.293184922262823,2.7458001515250526e-08,5.803054095238996e-08,762.8059000272406,0,0,0,0,0,,,,,,G2=1;G3=1;G4=1;G5=1;G9=1;G10=1
1707,optimal,1011492.5199887936,248686.61939682037,762805.9005919733,6754.5684,5991.762499887271,762.8059001127292,11.293184922262823,2.7458001515250526e-08,5.803054095238996e-08,762.8059000272406,0,0,0,0,0,,,,,,G2=1;G3=1;G4=1;G5=1;G9=1;G10=1
1708,optimal,1421105.0200076625,248686.61939763324,1172418.4006100292,6754.5684,5582.149999912271,1172.4184000877294,17.357413984996132,2.9548047475535493e-08,6.409181553006159e-08,1172.4183999940894,1,0,0,0,0,G7,,,,,G2=1;G3=1;G4=1;G5=1;G9=1;G10=1
1709,optimal,1011492.5199887936,248686.61939682037,762805.9005919733,6754.5684,5991.762499887271,762.8059001127292,11.293184922262823,2.7458001515250526e-08,5.803054095238996e-08,762.8059000272406,0,0,0,0,0,,,,,,G2=1;G3=1;G4=1;G5=1;G9=1;G10=1
1710,optimal,1011492.5199887936,248686.61939682037,762805.9005919733,6754.5684,5991.762499887271,762.8059001127292,11.293184922262823,2.7458001515250526e-08,5.803054095238996e-08,762.8059000272406,0,0,0,0,0,,,,,,G2=1;G3=1;G4=1;G5=1;G9=1;G10=1
1711,optimal,1011492.5199887936,248686.61939682037,762805.9005919733,6754.5684,5991.762499887271,762.8059001127292,11.293184922262823,2.7458001515250526e-08,5.803054095238996e-08,762.8059000272406,0,0,0,0,0,,,,,,G2=1;G3=1;G4=1;G5=1;G9=1;G10=1
1712,optimal,1942005.9141787183,176450.01352167473,1765555.9006570436,6754.5684,4989.012499876619,1765.555900123381,26.138693038083392,2.9752059733918543e-08,6.64735338223288e-08,1765.5559000271553,1,0,0,0,1,G10,,,,,G2=1;G3=1;G4=1;G5=1;G9=1;G10=0
1713,optimal,1011492.5199887936,248686.61939682037,762805.9005919733,6754.5684,5991.762499887271,762.8059001127292,11.293184922262823,2.7458001515250526e-08,5.803054095238996e-08,762.8059000272406,0,0,0,0,0,,,,,,G2=1;G3=1;G4=1;G5=1;G9=1;G10=1
1714,optimal,1011492.5199887936,248686.61939682037,762805.9005919733,6754.5684,5991.762499887271,762.8059001127292,11.293184922262823,2.7458001515250526e-08,5.803054095238996e-08,762.8059000272406,0,0,0,0,0,,,,,,G2=1;G3=1;G4=1;G5=1;G9=1;G10=1
1715,optimal,1011492.5199887936,248686.61939682037,762805.9005919733,6754.5684,5991.762499887271,762.8059001127292,11.293184922262823,2.7458001515250526e-08,5.803054095238996e-08,762.8059000272406,0,0,0,0,0,,,,,,G2=1;G3=1;G4=1;G5=1;G9=1;G10=1
1716,optimal,1011492.5199887936,248686.61939682037,762805.9005919733,6754.5684,5991.762499887271,762.8059001127292,11.293184922262823,2.7458001515250526e-08,5.803054095238996e-08,762.8059000272406,0,0,0,0,0,,,,,,G2=1;G3=1;G4=1;G5=1;G9=1;G10=1
1717,optimal,1011492.5199887936,248686.61939682037,762805.9005919733,6754.5684,5991.762499887271,762.8059001127292,11.293184922262823,2.7458001515250526e-08,5.803054095238996e-08,762.8059000272406,0,0,0,0,0,,,,,,G2=1;G3=1;G4=1;G5=1;G9=1;G10=1
1718,optimal,1942005.9141787183,176450.01352167473,1765555.9006570436,6754.5684,4989.012499876619,1765.555900123381,26.138693038083392,2.9752059733918543e-08,6.64735338223288e-08,1765.5559000271553,1,0,0,0,1,G10,,,,,G2=1;G3=1;G4=1;G5=1;G9=1;G10=0
1719,optimal,1011492.5199887936,248686.61939682037,762805.9005919733,6754.5684,5991.762499887271,762.8059001127292,11.293184922262823,2.7458001515250526e-08,5.803054095238996e-08,762.8059000272406,0,0,0,0,0,,,,,,G2=1;G3=1;G4=1;G5=1;G9=1;G10=1
1720,optimal,1011492.5199887936,248686.61939682037,762805.9005919733,6754.5684,5991.762499887271,762.8059001127292,11.293184922262823,2.7458001515250526e-08,5.803054095238996e-08,762.8059000272406,0,0,0,0,0,,,,,,G2=1;G3=1;G4=1;G5=1;G9=1;G10=1
1721,optimal,1011492.5199887936,248686.61939682037,762805.9005919733,6754.5684,5991.762499887271,762.8059001127292,11.293184922262823,2.7458001515250526e-08,5.803054095238996e-08,762.8059000272406,0,0,0,0,0,,,,,,G2=1;G3=1;G4=1;G5=1;G9=1;G10=1
1722,optimal,1011492.5199887936,248686.61939682037,762805.9005919733,6754.5684,5991.762499887271,762.8059001127292,11.293184922262823,2.7458001515250526e-08,5.803054095238996e-08,762.8059000272406,0,0,0,0,0,,,,,,G2=1;G3=1;G4=1;G5=1;G9=1;G10=1
1723,optimal,1011492.5199887936,248686.61939682037,762805.9005919733,6754.5684,5991.762499887271,762.8059001127292,11.293184922262823,2.7458001515250526e-08,5.803054095238996e-08,762.8059000272406,0,0,0,0,0,,,,,,G2=1;G3=1;G4=1;G5=1;G9=1;G10=1
1724,optimal,1011492.5199887936,248686.61939682037,762805.9005919733,6754.5684,5991.762499887271,762.8059001127292,11.293184922262823,2.7458001515250526e-08,5.803054095238996e-08,762.8059000272406,0,0,0,0,0,,,,,,G2=1;G3=1;G4=1;G5=1;G9=1;G10=1
1725,optimal,1942005.9141787183,176450.01352167473,1765555.9006570436,6754.5684,4989.012499876619,1765.555900123381,26.138693038083392,2.9752059733918543e-08,6.64735338223288e-08,1765.5559000271553,1,0,0,0,1,G10,,,,,G2=1;G3=1;G4=1;G5=1;G9=1;G10=0
1726,optimal,1011492.5199887936,248686.61939682037,762805.9005919733,6754.5684,5991.762499887271,762.8059001127292,11.293184922262823,2.7458001515250526e-08,5.803054095238996e-08,762.8059000272406,0,0,0,0,0,,,,,,G2=1;G3=1;G4=1;G5=1;G9=1;G10=1
1727,optimal,1011492.5199887936,248686.61939682037,762805.9005919733,6754.5684,5991.762499887271,762.8059001127292,11.293184922262823,2.7458001515250526e-08,5.803054095238996e-08,762.8059000272406,0,0,0,0,0,,,,,,G2=1;G3=1;G4=1;G5=1;G9=1;G10=1
1728,optimal,1011492.5199887936,248686.61939682037,762805.9005919733,6754.5684,5991.762499887271,762.8059001127292,11.293184922262823,2.7458001515250526e-08,5.803054095238996e-08,762.8059000272406,0,0,0,0,0,,,,,,G2=1;G3=1;G4=1;G5=1;G9=1;G10=1
1729,optimal,1011492.5199887936,248686.61939682037,762805.9005919733,6754.5684,5991.762499887271,762.8059001127292,11.293184922262823,2.7458001515250526e-08,5.803054095238996e-08,762.8059000272406,0,0,0,0,0,,,,,,G2=1;G3=1;G4=1;G5=1;G9=1;G10=1
1730,optimal,1011492.5199887936,248686.61939682037,762805.9005919733,6754.5684,5991.762499887271,762.8059001127292,11.293184922262823,2.7458001515250526e-08,5.803054095238996e-08,762.8059000272406,0,0,0,0,0,,,,,,G2=1;G3=1;G4=1;G5=1;G9=1;G10=1
1731,optimal,1011492.5199887936,248686.61939682037,762805.9005919733,6754.5684,5991.762499887271,762.8059001127292,11.293184922262823,2.7458001515250526e-08,5.803054095238996e-08,762.8059000272406,0,0,0,0,0,,,,,,G2=1;G3=1;G4=1;G5=1;G9=1;G10=1
1732,optimal,1011492.5199887936,248686.61939682037,762805.9005919733,6754.5684,5991.762499887271,762.8059001127292,11.293184922262823,2.7458001515250526e-08,5.803054095238996e-08,762.8059000272406,1,0,0,0,0,G8,,,,,G2=1;G3=1;G4=1;G5=1;G9=1;G10=1
1733,optimal,1011492.5199887936,248686.61939682037,762805.9005919733,6754.5684,5991.762499887271,762.8059001127292,11.293184922262823,2.7458001515250526e-08,5.803054095238996e-08,762.8059000272406,0,0,0,0,0,,,,,,G2=1;G3=1;G4=1;G5=1;G9=1;G10=1
1734,optimal,1011492.5199887936,248686.61939682037,762805.9005919733,6754.5684,5991.762499887271,762.8059001127292,11.293184922262823,2.7458001515250526e-08,5.803054095238996e-08,762.8059000272406,0,0,0,0,0,,,,,,G2=1;G3=1;G4=1;G5=1;G9=1;G10=1
1735,optimal,1617903.9157996096,203198.01524720393,1414705.9005524057,6754.5684,5339.862499931588,1414.7059000684123,20.94443073621717,2.7721339163099297e-08,5.862532406390523e-08,1414.7058999820654,0,2,0,2,1,,L31;L33,,,L31;L33,G2=1;G3=1;G4=0;G5=1;G9=1;G10=1
1736,optimal,1011492.5199887936,248686.61939682037,762805.9005919733,6754.5684,5991.762499887271,762.8059001127292,11.293184922262823,2.7458001515250526e-08,5.803054095238996e-08,762.8059000272406,0,0,0,0,0,,,,,,G2=1;G3=1;G4=1;G5=1;G9=1;G10=1
1737,optimal,1011492.5199887936,248686.61939682037,762805.9005919733,6754.5684,5991.762499887271,762.8059001127292,11.293184922262823,2.7458001515250526e-08,5.803054095238996e-08,762.8059000272406,0,0,0,0,0,,,,,,G2=1;G3=1;G4=1;G5=1;G9=1;G10=1
1738,optimal,1011492.5199887936,248686.61939682037,762805.9005919733,6754.5684,5991.762499887271,762.8059001127292,11.293184922262823,2.7458001515250526e-08,5.803054095238996e-08,762.8059000272406,0,0,0,0,0,,,,,,G2=1;G3=1;G4=1;G5=1;G9=1;G10=1
1739,optimal,1011492.5199887936,248686.61939682037,762805.9005919733,6754.5684,5991.762499887271,762.8059001127292,11.293184922262823,2.7458001515250526e-08,5.803054095238996e-08,762.8059000272406,0,0,0,0,0,,,,,,G2=1;G3=1;G4=1;G5=1;G9=1;G10=1
1740,optimal,1421105.0199525116,248686.61939802274,1172418.4005544889,6754.5684,5582.149999920852,1172.4184000791483,17.35741398486909,2.6825432631213157e-08,5.847792762293429e-08,1172.4183999938448,0,1,0,1,0,,L39,,,L39,G2=1;G3=1;G4=1;G5=1;G9=1;G10=1
1741,optimal,1421105.019784099,248686.61939907595,1172418.400385023,6754.5684,5582.149999944766,1172.418400055234,17.357413984515045,1.8422912376493675e-08,4.099562958594972e-08,1172.4183999958157,1,1,0,1,0,G7,L41,,,L41,G2=1;G3=1;G4=1;G5=1;G9=1;G10=1
1742,optimal,1011492.5199887936,248686.61939682037,762805.9005919733,6754.5684,5991.762499887271,762.8059001127292,11.293184922262823,2.7458001515250526e-08,5.803054095238996e-08,762.8059000272406,0,0,0,0,0,,,,,,G2=1;G3=1;G4=1;G5=1;G9=1;G10=1
1743,optimal,1011492.5199887936,248686.61939682037,762805.9005919733,6754.5684,5991.762499887271,762.8059001127292,11.293184922262823,2.7458001515250526e-08,5.803054095238996e-08,762.8059000272406,0,0,0,0,0,,,,,,G2=1;G3=1;G4=1;G5=1;G9=1;G10=1
1744,optimal,1011492.5199887936,248686.61939682037,762805.9005919733,6754.5684,5991.762499887271,762.8059001127292,11.293184922262823,2.7458001515250526e-08,5.803054095238996e-08,762.8059000272406,0,0,0,0,0,,,,,,G2=1;G3=1;G4=1;G5=1;G9=1;G10=1
1745,optimal,1617903.9156180217,203198.01524760606,1414705.9003704158,6754.5684,5339.862499933909,1414.7059000660913,20.944430736182806,1.7099460517201584e-08,3.7607266965054984e-08,1414.7059000113845,1,0,0,0,1,G4,,,,,G2=1;G3=1;G4=0;G5=1;G9=1;G10=1
1746,optimal,1011492.5199887936,248686.61939682037,762805.9005919733,6754.5684,5991.762499887271,762.8059001127292,11.293184922262823,2.7458001515250526e-08,5.803054095238996e-08,762.8059000272406,0,0,0,0,0,,,,,,G2=1;G3=1;G4=1;G5=1;G9=1;G10=1
1747,optimal,1011492.5200839887,248686.61939603742,762805.9006879512,6754.5684,5991.7624998688525,762.8059001311476,11.293184922535504,3.201584611482161e-08,6.716537274452618e-08,762.8059000319661,1,1,0,1,0,G8,L41,,,L41,G2=1;G3=1;G4=1;G5=1;G9=1;G10=1
1748,optimal,1011492.5199887936,248686.61939682037,762805.9005919733,6754.5684,5991.762499887271,762.8059001127292,11.293184922262823,2.7458001515250526e-08,5.803054095238996e-08,762.8059000272406,1,0,0,0,0,G6,,,,,G2=1;G3=1;G4=1;G5=1;G9=1;G10=1
1749,optimal,1011492.520036902,248686.61939631234,762805.9006405898,6754.5684,5991.762499876461,762.8059001235385,11.293184922422853,2.9633569914828803e-08,6.258723474736006e-08,762.8059000313178,0,1,0,1,0,,L11,,,L11,G2=1;G3=1;G4=1;G5=1;G9=1;G10=1
1750,optimal,1760144.3196719813,217338.41940008034,1542805.900271901,6754.5684,5211.762499954262,1542.8059000457379,22.840924966364064,1.2671097422401753e-08,2.803087046639168e-08,1542.8059000050362,1,0,0,0,1,G3,,,,,G2=1;G3=0;G4=1;G5=1;G9=1;G10=1
1751,optimal,1011492.5199887936,248686.61939682037,762805.9005919733,6754.5684,5991.762499887271,762.8059001127292,11.293184922262823,2.7458001515250526e-08,5.803054095238996e-08,762.8059000272406,0,0,0,0,0,,,,,,G2=1;G3=1;G4=1;G5=1;G9=1;G10=1
1752,optimal,2809027.6306553097,141207.84557308332,2667819.785082226,6754.5684,4086.7486149726733,2667.819785027327,39.49652482647635,2.9573273549028233e-09,7.070985174357066e-09,2667.8197850172983,2,0,0,0,2,G2;G10,,,,,G2=0;G3=1;G4=1;G5=1;G9=1;G10=0
1753,optimal,1011492.5199887936,248686.61939682037,762805.9005919733,6754.5684,5991.762499887271,762.8059001127292,11.293184922262823,2.7458001515250526e-08,5.803054095238996e-08,762.8059000272406,1,0,0,0,0,G6,,,,,G2=1;G3=1;G4=1;G5=1;G9=1;G10=1
1754,optimal,1651070.9307264644,222365.03024655534,1428705.900479909,6754.5684,5325.86249991447,1428.7059000855293,21.151697865485072,2.2397464574565604e-08,4.820062919553181e-08,1428.705900014931,1,0,0,0,1,G5,,,,,G2=1;G3=1;G4=1;G5=0;G9=1;G10=1
1755,optimal,1011492.5199887936,248686.61939682037,762805.9005919733,6754.5684,5991.762499887271,762.8059001127292,11.293184922262823,2.7458001515250526e-08,5.803054095238996e-08,762.8059000272406,1,0,0,0,0,G8,,,,,G2=1;G3=1;G4=1;G5=1;G9=1;G10=1
1756,optimal,1651070.9307264644,222365.03024655534,1428705.900479909,6754.5684,5325.86249991447,1428.7059000855293,21.151697865485072,2.2397464574565604e-08,4.820062919553181e-08,1428.705900014931,1,0,0,0,1,G5,,,,,G2=1;G3=1;G4=1;G5=0;G9=1;G10=1
1757,optimal,1942005.9141787183,176450.01352167473,1765555.9006570436,6754.5684,4989.012499876619,1765.555900123381,26.138693038083392,2.9752059733918543e-08,6.64735338223288e-08,1765.5559000271553,1,0,0,0,1,G10,,,,,G2=1;G3=1;G4=1;G5=1;G9=1;G10=0
1758,optimal,1011492.5199887936,248686.61939682037,762805.9005919733,6754.5684,5991.762499887271,762.8059001127292,11.293184922262823,2.7458001515250526e-08,5.803054095238996e-08,762.8059000272406,0,0,0,0,0,,,,,,G2=1;G3=1;G4=1;G5=1;G9=1;G10=1
1759,optimal,1011492.5199887936,248686.61939682037,762805.9005919733,6754.5684,5991.762499887271,762.8059001127292,11.293184922262823,2.7458001515250526e-08,5.803054095238996e-08,762.8059000272406,0,0,0,0,0,,,,,,G2=1;G3=1;G4=1;G5=1;G9=1;G10=1
1760,optimal,1011492.5199887936,248686.61939682037,762805.9005919733,6754.5684,5991.762499887271,762.8059001127292,11.293184922262823,2.7458001515250526e-08,5.803054095238996e-08,762.8059000272406,1,0,0,0,0,G6,,,,,G2=1;G3=1;G4=1;G5=1;G9=1;G10=1
1761,optimal,1011492.5199887936,248686.61939682037,762805.9005919733,6754.5684,5991.762499887271,762.8059001127292,11.293184922262823,2.7458001515250526e-08,5.803054095238996e-08,762.8059000272406,0,0,0,0,0,,,,,,G2=1;G3=1;G4=1;G5=1;G9=1;G10=1
1762,optimal,1011492.5199887936,248686.61939682037,762805.9005919733,6754.5684,5991.762499887271,762.8059001127292,11.293184922262823,2.7458001515250526e-08,5.803054095238996e-08,762.8059000272406,0,0,0,0,0,,,,,,G2=1;G3=1;G4=1;G5=1;G9=1;G10=1
1763,optimal,1011492.5199887936,248686.61939682037,762805.9005919733,6754.5684,5991.762499887271,762.8059001127292,11.293184922262823,2.7458001515250526e-08,5.803054095238996e-08,762.8059000272406,0,0,0,0,0,,,,,,G2=1;G3=1;G4=1;G5=1;G9=1;G10=1
1764,optimal,1011492.5199887936,248686.61939682037,762805.9005919733,6754.5684,5991.762499887271,762.8059001127292,11.293184922262823,2.7458001515250526e-08,5.803054095238996e-08,762.8059000272406,0,0,0,0,0,,,,,,G2=1;G3=1;G4=1;G5=1;G9=1;G10=1
1765,optimal,1011492.5199887936,248686.61939682037,762805.9005919733,6754.5684,5991.762499887271,762.8059001127292,11.293184922262823,2.7458001515250526e-08,5.803054095238996e-08,762.8059000272406,0,0,0,0,0,,,,,,G2=1;G3=1;G4=1;G5=1;G9=1;G10=1
1766,optimal,1011492.5199887936,248686.61939682037,762805.9005919733,6754.5684,5991.762499887271,762.8059001127292,11.293184922262823,2.7458001515250526e-08,5.803054095238996e-08,762.8059000272406,0,0,0,0,0,,,,,,G2=1;G3=1;G4=1;G5=1;G9=1;G10=1
1767,optimal,1011492.5199887936,248686.61939682037,762805.9005919733,6754.5684,5991.762499887271,762.8059001127292,11.293184922262823,2.7458001515250526e-08,5.803054095238996e-08,762.8059000272406,0,0,0,0,0,,,,,,G2=1;G3=1;G4=1;G5=1;G9=1;G10=1
1768,optimal,1762008.5196608987,219202.6194002331,1542805.9002606657,6754.5684,5211.7624999602185,1542.8059000397816,22.840924966275885,1.2386286324785578e-08,2.7351815042006216e-08,1542.8059000000437,1,0,0,0,1,G2,,,,,G2=0;G3=1;G4=1;G5=1;G9=1;G10=1
1769,optimal,1011492.5199887936,248686.61939682037,762805.9005919733,6754.5684,5991.762499887271,762.8059001127292,11.293184922262823,2.7458001515250526e-08,5.803054095238996e-08,762.8059000272406,0,0,0,0,0,,,,,,G2=1;G3=1;G4=1;G5=1;G9=1;G10=1
1770,optimal,1011492.5199887936,248686.61939682037,762805.9005919733,6754.5684,5991.762499887271,762.8059001127292,11.293184922262823,2.7458001515250526e-08,5.803054095238996e-08,762.8059000272406,0,0,0,0,0,,,,,,G2=1;G3=1;G4=1;G5=1;G9=1;G10=1
1771,optimal,1011492.5199887936,248686.61939682037,762805.9005919733,6754.5684,5991.762499887271,762.8059001127292,11.293184922262823,2.7458001515250526e-08,5.803054095238996e-08,762.8059000272406,0,0,0,0,0,,,,,,G2=1;G3=1;G4=1;G5=1;G9=1;G10=1
1772,optimal,1762008.5196608987,219202.6194002331,1542805.9002606657,6754.5684,5211.7624999602185,1542.8059000397816,22.840924966275885,1.2386286324785578e-08,2.7351815042006216e-08,1542.8059000000437,1,0,0,0,1,G2,,,,,G2=0;G3=1;G4=1;G5=1;G9=1;G10=1
1773,optimal,1011492.5199887936,248686.61939682037,762805.9005919733,6754.5684,5991.762499887271,762.8059001127292,11.293184922262823,2.7458001515250526e-08,5.803054095238996e-08,762.8059000272406,0,0,0,0,0,,,,,,G2=1;G3=1;G4=1;G5=1;G9=1;G10=1
1774,optimal,1011492.5199887936,248686.61939682037,762805.9005919733,6754.5684,5991.762499887271,762.8059001127292,11.293184922262823,2.7458001515250526e-08,5.803054095238996e-08,762.8059000272406,0,0,0,0,0,,,,,,G2=1;G3=1;G4=1;G5=1;G9=1;G10=1
1775,optimal,2272757.547492544,175551.64649449103,2097205.900998053,6754.5684,4657.3624998455225,2097.2059001544776,31.048703276947755,4.68336208740609e-08,1.0551834684085238e-07,2097.2059000021254,2,0,0,0,2,G4;G5,,,,,G2=1;G3=1;G4=0;G5=0;G9=1;G10=1
1776,optimal,1011492.5199887936,248686.61939682037,762805.9005919733,6754.5684,5991.762499887271,762.8059001127292,11.293184922262823,2.7458001515250526e-08,5.803054095238996e-08,762.8059000272406,0,0,0,0,0,,,,,,G2=1;G3=1;G4=1;G5=1;G9=1;G10=1
1777,optimal,1011492.5199887936,248686.61939682037,762805.9005919733,6754.5684,5991.762499887271,762.8059001127292,11.293184922262823,2.7458001515250526e-08,5.803054095238996e-08,762.8059000272406,0,0,0,0,0,,,,,,G2=1;G3=1;G4=1;G5=1;G9=1;G10=1
1778,optimal,1011492.5199887936,248686.61939682037,762805.9005919733,6754.5684,5991.762499887271,762.8059001127292,11.293184922262823,2.7458001515250526e-08,5.803054095238996e-08,762.8059000272406,0,0,0,0,0,,,,,,G2=1;G3=1;G4=1;G5=1;G9=1;G10=1
1779,optimal,1011492.5199887936,248686.61939682037,762805.9005919733,6754.5684,5991.762499887271,762.8059001127292,11.293184922262823,2.7458001515250526e-08,5.803054095238996e-08,762.8059000272406,0,0,0,0,0,,,,,,G2=1;G3=1;G4=1;G5=1;G9=1;G10=1
1780,optimal,1856229.960667825,215924.06002137897,1640305.900646446,6754.5684,5114.2624998873,1640.3059001127006,24.284392472992064,2.971388210049674e-08,6.65801420753459e-08,1640.3059000164064,1,0,0,0,1,G9,,,,,G2=1;G3=1;G4=1;G5=1;G9=0;G10=1
1781,optimal,1011492.5199887936,248686.61939682037,762805.9005919733,6754.5684,5991.762499887271,762.8059001127292,11.293184922262823,2.7458001515250526e-08,5.803054095238996e-08,762.8059000272406,1,0,0,0,0,G8,,,,,G2=1;G3=1;G4=1;G5=1;G9=1;G10=1
1782,optimal,1011492.5199887936,248686.61939682037,762805.9005919733,6754.5684,5991.762499887271,762.8059001127292,11.293184922262823,2.7458001515250526e-08,5.803054095238996e-08,762.8059000272406,0,0,0,0,0,,,,,,G2=1;G3=1;G4=1;G5=1;G9=1;G10=1
1783,optimal,1011492.5199887936,248686.61939682037,762805.9005919733,6754.5684,5991.762499887271,762.8059001127292,11.293184922262823,2.7458001515250526e-08,5.803054095238996e-08,762.8059000272406,1,0,0,0,0,G6,,,,,G2=1;G3=1;G4=1;G5=1;G9=1;G10=1
1784,optimal,1760144.3196719813,217338.41940008034,1542805.900271901,6754.5684,5211.762499954262,1542.8059000457379,22.840924966364064,1.2671097422401753e-08,2.803087046639168e-08,1542.8059000050362,1,0,0,0,1,G3,,,,,G2=1;G3=0;G4=1;G5=1;G9=1;G10=1
1785,optimal,1011492.5199887936,248686.61939682037,762805.9005919733,6754.5684,5991.762499887271,762.8059001127292,11.293184922262823,2.7458001515250526e-08,5.803054095238996e-08,762.8059000272406,0,0,0,0,0,,,,,,G2=1;G3=1;G4=1;G5=1;G9=1;G10=1
1786,optimal,1011492.5199887936,248686.61939682037,762805.9005919733,6754.5684,5991.762499887271,762.8059001127292,11.293184922262823,2.7458001515250526e-08,5.803054095238996e-08,762.8059000272406,0,0,0,0,0,,,,,,G2=1;G3=1;G4=1;G5=1;G9=1;G10=1
1787,optimal,1011492.5199887936,248686.61939682037,762805.9005919733,6754.5684,5991.762499887271,762.8059001127292,11.293184922262823,2.7458001515250526e-08,5.803054095238996e-08,762.8059000272406,0,0,0,0,0,,,,,,G2=1;G3=1;G4=1;G5=1;G9=1;G10=1
1788,optimal,1011492.5199887936,248686.61939682037,762805.9005919733,6754.5684,5991.762499887271,762.8059001127292,11.293184922262823,2.7458001515250526e-08,5.803054095238996e-08,762.8059000272406,0,0,0,0,0,,,,,,G2=1;G3=1;G4=1;G5=1;G9=1;G10=1
1789,optimal,1011492.5200144143,248686.61939689223,762805.9006175221,6754.5684,5991.762499886099,762.805900113901,11.29318492228017,2.883668644842287e-08,6.10226867385078e-08,762.8059000240415,0,1,0,1,0,,L3,,,L3,G2=1;G3=1;G4=1;G5=1;G9=1;G10=1
1790,optimal,1011492.5199887936,248686.61939682037,762805.9005919733,6754.5684,5991.762499887271,762.8059001127292,11.293184922262823,2.7458001515250526e-08,5.803054095238996e-08,762.8059000272406,0,0,0,0,0,,,,,,G2=1;G3=1;G4=1;G5=1;G9=1;G10=1
1791,optimal,1011492.5199887936,248686.61939682037,762805.9005919733,6754.5684,5991.762499887271,762.8059001127292,11.293184922262823,2.7458001515250526e-08,5.803054095238996e-08,762.8059000272406,0,0,0,0,0,,,,,,G2=1;G3=1;G4=1;G5=1;G9=1;G10=1
1792,optimal,3425628.711980089,95231.2688034772,3330397.443176612,6754.5684,3424.170957280504,3330.397442719496,49.30585117354791,2.238463643987089e-08,6.391327071668502e-08,3330.397442633199,3,0,0,0,3,G2;G4;G10,,,,,G2=0;G3=1;G4=0;G5=1;G9=1;G10=0
1793,optimal,1011492.5199887936,248686.61939682037,762805.9005919733,6754.5684,5991.762499887271,762.8059001127292,11.293184922262823,2.7458001515250526e-08,5.803054095238996e-08,762.8059000272406,0,0,0,0,0,,,,,,G2=1;G3=1;G4=1;G5=1;G9=1;G10=1
1794,optimal,1760144.3196719813,217338.41940008034,1542805.900271901,6754.5684,5211.762499954262,1542.8059000457379,22.840924966364064,1.2671097422401753e-08,2.803087046639168e-08,1542.8059000050362,1,0,0,0,1,G3,,,,,G2=1;G3=0;G4=1;G5=1;G9=1;G10=1
1795,optimal,1011492.5199887936,248686.61939682037,762805.9005919733,6754.5684,5991.762499887271,762.8059001127292,11.293184922262823,2.7458001515250526e-08,5.803054095238996e-08,762.8059000272406,0,0,0,0,0,,,,,,G2=1;G3=1;G4=1;G5=1;G9=1;G10=1
1796,optimal,1011492.5199887936,248686.61939682037,762805.9005919733,6754.5684,5991.762499887271,762.8059001127292,11.293184922262823,2.7458001515250526e-08,5.803054095238996e-08,762.8059000272406,0,0,0,0,0,,,,,,G2=1;G3=1;G4=1;G5=1;G9=1;G10=1
1797,optimal,1760144.3196745194,217338.41940006224,1542805.9002744572,6754.5684,5211.762499953639,1542.8059000463609,22.840924966373287,1.2779276903178535e-08,2.827068163579692e-08,1542.8059000053108,0,1,0,1,1,,L23,,,L23,G2=1;G3=0;G4=1;G5=1;G9=1;G10=1
1798,optimal,1011492.5199887936,248686.61939682037,762805.9005919733,6754.5684,5991.762499887271,762.8059001127292,11.293184922262823,2.7458001515250526e-08,5.803054095238996e-08,762.8059000272406,0,0,0,0,0,,,,,,G2=1;G3=1;G4=1;G5=1;G9=1;G10=1
1799,optimal,1011492.5199887936,248686.61939682037,762805.9005919733,6754.5684,5991.762499887271,762.8059001127292,11.293184922262823,2.7458001515250526e-08,5.803054095238996e-08,762.8059000272406,0,0,0,0,0,,,,,,G2=1;G3=1;G4=1;G5=1;G9=1;G10=1
1800,optimal,1011492.5199887936,248686.61939682037,762805.9005919733,6754.5684,5991.762499887271,762.8059001127292,11.293184922262823,2.7458001515250526e-08,5.803054095238996e-08,762.8059000272406,0,0,0,0,0,,,,,,G2=1;G3=1;G4=1;G5=1;G9=1;G10=1
1801,optimal,1011492.5195047398,248686.61940033908,762805.9001044007,6754.5684,5991.76249997844,762.8059000215601,11.293184920913083,4.523258557815731e-09,1.0532772059339278e-08,762.8059000065041,0,1,0,1,0,,L1,,,L1,G2=1;G3=1;G4=1;G5=1;G9=1;G10=1
1802,optimal,1011492.5199887936,248686.61939682037,762805.9005919733,6754.5684,5991.762499887271,762.8059001127292,11.293184922262823,2.7458001515250526e-08,5.803054095238996e-08,762.8059000272406,0,0,0,0,0,,,,,,G2=1;G3=1;G4=1;G5=1;G9=1;G10=1
1803,optimal,1011492.5199887936,248686.61939682037,762805.9005919733,6754.5684,5991.762499887271,762.8059001127292,11.293184922262823,2.7458001515250526e-08,5.803054095238996e-08,762.8059000272406,0,0,0,0,0,,,,,,G2=1;G3=1;G4=1;G5=1;G9=1;G10=1
1804,optimal,1011492.5199887936,248686.61939682037,762805.9005919733,6754.5684,5991.762499887271,762.8059001127292,11.293184922262823,2.7458001515250526e-08,5.803054095238996e-08,762.8059000272406,0,0,0,0,0,,,,,,G2=1;G3=1;G4=1;G5=1;G9=1;G10=1
1805,optimal,1011492.5199887936,248686.61939682037,762805.9005919733,6754.5684,5991.762499887271,762.8059001127292,11.293184922262823,2.7458001515250526e-08,5.803054095238996e-08,762.8059000272406,0,0,0,0,0,,,,,,G2=1;G3=1;G4=1;G5=1;G9=1;G10=1
1806,optimal,1011492.5199887936,248686.61939682037,762805.9005919733,6754.5684,5991.762499887271,762.8059001127292,11.293184922262823,2.7458001515250526e-08,5.803054095238996e-08,762.8059000272406,0,0,0,0,0,,,,,,G2=1;G3=1;G4=1;G5=1;G9=1;G10=1
1807,optimal,1011492.5199887936,248686.61939682037,762805.9005919733,6754.5684,5991.762499887271,762.8059001127292,11.293184922262823,2.7458001515250526e-08,5.803054095238996e-08,762.8059000272406,0,0,0,0,0,,,,,,G2=1;G3=1;G4=1;G5=1;G9=1;G10=1
1808,optimal,1011492.5199887936,248686.61939682037,762805.9005919733,6754.5684,5991.762499887271,762.8059001127292,11.293184922262823,2.7458001515250526e-08,5.803054095238996e-08,762.8059000272406,0,0,0,0,0,,,,,,G2=1;G3=1;G4=1;G5=1;G9=1;G10=1
1809,optimal,1942005.9141787183,176450.01352167473,1765555.9006570436,6754.5684,4989.012499876619,1765.555900123381,26.138693038083392,2.9752059733918543e-08,6.64735338223288e-08,1765.5559000271553,1,0,0,0,1,G10,,,,,G2=1;G3=1;G4=1;G5=1;G9=1;G10=0
1810,optimal,1011492.5199887936,248686.61939682037,762805.9005919733,6754.5684,5991.762499887271,762.8059001127292,11.293184922262823,2.7458001515250526e-08,5.803054095238996e-08,762.8059000272406,0,0,0,0,0,,,,,,G2=1;G3=1;G4=1;G5=1;G9=1;G10=1
1811,optimal,1011492.5199887936,248686.61939682037,762805.9005919733,6754.5684,5991.762499887271,762.8059001127292,11.293184922262823,2.7458001515250526e-08,5.803054095238996e-08,762.8059000272406,0,0,0,0,0,,,,,,G2=1;G3=1;G4=1;G5=1;G9=1;G10=1
1812,optimal,1011492.5199887936,248686.61939682037,762805.9005919733,6754.5684,5991.762499887271,762.8059001127292,11.293184922262823,2.7458001515250526e-08,5.803054095238996e-08,762.8059000272406,0,0,0,0,0,,,,,,G2=1;G3=1;G4=1;G5=1;G9=1;G10=1
1813,optimal,1011492.5199887936,248686.61939682037,762805.9005919733,6754.5684,5991.762499887271,762.8059001127292,11.293184922262823,2.7458001515250526e-08,5.803054095238996e-08,762.8059000272406,0,0,0,0,0,,,,,,G2=1;G3=1;G4=1;G5=1;G9=1;G10=1
1814,optimal,1011492.5199887936,248686.61939682037,762805.9005919733,6754.5684,5991.762499887271,762.8059001127292,11.293184922262823,2.7458001515250526e-08,5.803054095238996e-08,762.8059000272406,0,0,0,0,0,,,,,,G2=1;G3=1;G4=1;G5=1;G9=1;G10=1
1815,optimal,1011492.5199887936,248686.61939682037,762805.9005919733,6754.5684,5991.762499887271,762.8059001127292,11.293184922262823,2.7458001515250526e-08,5.803054095238996e-08,762.8059000272406,0,0,0,0,0,,,,,,G2=1;G3=1;G4=1;G5=1;G9=1;G10=1
1816,optimal,1011492.5199887936,248686.61939682037,762805.9005919733,6754.5684,5991.762499887271,762.8059001127292,11.293184922262823,2.7458001515250526e-08,5.803054095238996e-08,762.8059000272406,0,0,0,0,0,,,,,,G2=1;G3=1;G4=1;G5=1;G9=1;G10=1
1817,optimal,1011492.5199887936,248686.61939682037,762805.9005919733,6754.5684,5991.762499887271,762.8059001127292,11.293184922262823,2.7458001515250526e-08,5.803054095238996e-08,762.8059000272406,0,0,0,0,0,,,,,,G2=1;G3=1;G4=1;G5=1;G9=1;G10=1
1818,optimal,1011492.5199887936,248686.61939682037,762805.9005919733,6754.5684,5991.762499887271,762.8059001127292,11.293184922262823,2.7458001515250526e-08,5.803054095238996e-08,762.8059000272406,0,0,0,0,0,,,,,,G2=1;G3=1;G4=1;G5=1;G9=1;G10=1
1819,optimal,1011492.5199887936,248686.61939682037,762805.9005919733,6754.5684,5991.762499887271,762.8059001127292,11.293184922262823,2.7458001515250526e-08,5.803054095238996e-08,762.8059000272406,0,0,0,0,0,,,,,,G2=1;G3=1;G4=1;G5=1;G9=1;G10=1
1820,optimal,1011492.5199887936,248686.61939682037,762805.9005919733,6754.5684,5991.762499887271,762.8059001127292,11.293184922262823,2.7458001515250526e-08,5.803054095238996e-08,762.8059000272406,0,0,0,0,0,,,,,,G2=1;G3=1;G4=1;G5=1;G9=1;G10=1
1821,optimal,1011492.5199689873,248686.61939698865,762805.9005719987,6754.5684,5991.762499891154,762.8059001088454,11.293184922205324,2.650074912750454e-08,5.6161585102115394e-08,762.8059000261832,0,1,0,1,0,,L22,,,L22,G2=1;G3=1;G4=1;G5=1;G9=1;G10=1
1822,optimal,1011492.5199887936,248686.61939682037,762805.9005919733,6754.5684,5991.762499887271,762.8059001127292,11.293184922262823,2.7458001515250526e-08,5.803054095238996e-08,762.8059000272406,0,0,0,0,0,,,,,,G2=1;G3=1;G4=1;G5=1;G9=1;G10=1
1823,optimal,1011492.5199887936,248686.61939682037,762805.9005919733,6754.5684,5991.762499887271,762.8059001127292,11.293184922262823,2.7458001515250526e-08,5.803054095238996e-08,762.8059000272406,0,0,0,0,0,,,,,,G2=1;G3=1;G4=1;G5=1;G9=1;G10=1
1824,optimal,1011492.5199887936,248686.61939682037,762805.9005919733,6754.5684,5991.762499887271,762.8059001127292,11.293184922262823,2.7458001515250526e-08,5.803054095238996e-08,762.8059000272406,0,0,0,0,0,,,,,,G2=1;G3=1;G4=1;G5=1;G9=1;G10=1
1825,optimal,1011492.5199887936,248686.61939682037,762805.9005919733,6754.5684,5991.762499887271,762.8059001127292,11.293184922262823,2.7458001515250526e-08,5.803054095238996e-08,762.8059000272406,0,0,0,0,0,,,,,,G2=1;G3=1;G4=1;G5=1;G9=1;G10=1
1826,optimal,1011492.5199887936,248686.61939682037,762805.9005919733,6754.5684,5991.762499887271,762.8059001127292,11.293184922262823,2.7458001515250526e-08,5.803054095238996e-08,762.8059000272406,0,0,0,0,0,,,,,,G2=1;G3=1;G4=1;G5=1;G9=1;G10=1
1827,optimal,1011492.5199887936,248686.61939682037,762805.9005919733,6754.5684,5991.762499887271,762.8059001127292,11.293184922262823,2.7458001515250526e-08,5.803054095238996e-08,762.8059000272406,0,0,0,0,0,,,,,,G2=1;G3=1;G4=1;G5=1;G9=1;G10=1
1828,optimal,1011492.5200275244,248686.61939637654,762805.9006311479,6754.5684,5991.762499877824,762.8059001221766,11.29318492240269,2.9021913510884073e-08,6.19435385398313e-08,762.8059000312112,0,1,0,1,0,,L28,,,L28,G2=1;G3=1;G4=1;G5=1;G9=1;G10=1
1829,optimal,1011492.5199887936,248686.61939682037,762805.9005919733,6754.5684,5991.762499887271,762.8059001127292,11.293184922262823,2.7458001515250526e-08,5.803054095238996e-08,762.8059000272406,0,0,0,0,0,,,,,,G2=1;G3=1;G4=1;G5=1;G9=1;G10=1
1830,optimal,1760144.3196745194,217338.41940006224,1542805.9002744572,6754.5684,5211.762499953639,1542.8059000463609,22.840924966373287,1.2779276903178535e-08,2.827068163579692e-08,1542.8059000053108,0,1,0,1,1,,L23,,,L23,G2=1;G3=0;G4=1;G5=1;G9=1;G10=1
1831,optimal,1011492.5199887936,248686.61939682037,762805.9005919733,6754.5684,5991.762499887271,762.8059001127292,11.293184922262823,2.7458001515250526e-08,5.803054095238996e-08,762.8059000272406,0,0,0,0,0,,,,,,G2=1;G3=1;G4=1;G5=1;G9=1;G10=1
1832,optimal,1651070.9307264644,222365.03024655534,1428705.900479909,6754.5684,5325.86249991447,1428.7059000855293,21.151697865485072,2.2397464574565604e-08,4.820062919553181e-08,1428.705900014931,1,0,0,0,1,G5,,,,,G2=1;G3=1;G4=1;G5=0;G9=1;G10=1
1833,optimal,1011492.5199887936,248686.61939682037,762805.9005919733,6754.5684,5991.762499887271,762.8059001127292,11.293184922262823,2.7458001515250526e-08,5.803054095238996e-08,762.8059000272406,0,0,0,0,0,,,,,,G2=1;G3=1;G4=1;G5=1;G9=1;G10=1
1834,optimal,1011492.5199887936,248686.61939682037,762805.9005919733,6754.5684,5991.762499887271,762.8059001127292,11.293184922262823,2.7458001515250526e-08,5.803054095238996e-08,762.8059000272406,0,0,0,0,0,,,,,,G2=1;G3=1;G4=1;G5=1;G9=1;G10=1
1835,optimal,1942005.9141787183,176450.01352167473,1765555.9006570436,6754.5684,4989.012499876619,1765.555900123381,26.138693038083392,2.9752059733918543e-08,6.64735338223288e-08,1765.5559000271553,1,0,0,0,1,G10,,,,,G2=1;G3=1;G4=1;G5=1;G9=1;G10=0
1836,optimal,1011492.5199887936,248686.61939682037,762805.9005919733,6754.5684,5991.762499887271,762.8059001127292,11.293184922262823,2.7458001515250526e-08,5.803054095238996e-08,762.8059000272406,0,0,0,0,0,,,,,,G2=1;G3=1;G4=1;G5=1;G9=1;G10=1
1837,optimal,1011492.5199887936,248686.61939682037,762805.9005919733,6754.5684,5991.762499887271,762.8059001127292,11.293184922262823,2.7458001515250526e-08,5.803054095238996e-08,762.8059000272406,0,0,0,0,0,,,,,,G2=1;G3=1;G4=1;G5=1;G9=1;G10=1
1838,optimal,1011492.5199887936,248686.61939682037,762805.9005919733,6754.5684,5991.762499887271,762.8059001127292,11.293184922262823,2.7458001515250526e-08,5.803054095238996e-08,762.8059000272406,0,0,0,0,0,,,,,,G2=1;G3=1;G4=1;G5=1;G9=1;G10=1
1839,optimal,1011492.5199887936,248686.61939682037,762805.9005919733,6754.5684,5991.762499887271,762.8059001127292,11.293184922262823,2.7458001515250526e-08,5.803054095238996e-08,762.8059000272406,0,0,0,0,0,,,,,,G2=1;G3=1;G4=1;G5=1;G9=1;G10=1
1840,optimal,1011492.5199887936,248686.61939682037,762805.9005919733,6754.5684,5991.762499887271,762.8059001127292,11.293184922262823,2.7458001515250526e-08,5.803054095238996e-08,762.8059000272406,0,0,0,0,0,,,,,,G2=1;G3=1;G4=1;G5=1;G9=1;G10=1
1841,optimal,1174323.6837238972,240730.1835572929,933593.5001666042,6754.5684,5820.974899966091,933.5935000339098,13.821660315615572,7.3930791040909756e-09,1.653917156938887e-08,933.5935000099774,0,1,0,1,0,,L13,,,L13,G2=1;G3=1;G4=1;G5=1;G9=1;G10=1
1842,optimal,1011492.5199887936,248686.61939682037,762805.9005919733,6754.5684,5991.762499887271,762.8059001127292,11.293184922262823,2.7458001515250526e-08,5.803054095238996e-08,762.8059000272406,0,0,0,0,0,,,,,,G2=1;G3=1;G4=1;G5=1;G9=1;G10=1
1843,optimal,1011492.5199887936,248686.61939682037,762805.9005919733,6754.5684,5991.762499887271,762.8059001127292,11.293184922262823,2.7458001515250526e-08,5.803054095238996e-08,762.8059000272406,0,0,0,0,0,,,,,,G2=1;G3=1;G4=1;G5=1;G9=1;G10=1
1844,optimal,1011492.5199887936,248686.61939682037,762805.9005919733,6754.5684,5991.762499887271,762.8059001127292,11.293184922262823,2.7458001515250526e-08,5.803054095238996e-08,762.8059000272406,0,0,0,0,0,,,,,,G2=1;G3=1;G4=1;G5=1;G9=1;G10=1
1845,optimal,1011492.5199887936,248686.61939682037,762805.9005919733,6754.5684,5991.762499887271,762.8059001127292,11.293184922262823,2.7458001515250526e-08,5.803054095238996e-08,762.8059000272406,0,0,0,0,0,,,,,,G2=1;G3=1;G4=1;G5=1;G9=1;G10=1
1846,optimal,1011492.5199887936,248686.61939682037,762805.9005919733,6754.5684,5991.762499887271,762.8059001127292,11.293184922262823,2.7458001515250526e-08,5.803054095238996e-08,762.8059000272406,0,0,0,0,0,,,,,,G2=1;G3=1;G4=1;G5=1;G9=1;G10=1
1847,optimal,1651070.9307264644,222365.03024655534,1428705.900479909,6754.5684,5325.86249991447,1428.7059000855293,21.151697865485072,2.2397464574565604e-08,4.820062919553181e-08,1428.705900014931,1,0,0,0,1,G5,,,,,G2=1;G3=1;G4=1;G5=0;G9=1;G10=1
1848,optimal,1011492.5199887936,248686.61939682037,762805.9005919733,6754.5684,5991.762499887271,762.8059001127292,11.293184922262823,2.7458001515250526e-08,5.803054095238996e-08,762.8059000272406,0,0,0,0,0,,,,,,G2=1;G3=1;G4=1;G5=1;G9=1;G10=1
1849,optimal,1011492.5199887936,248686.61939682037,762805.9005919733,6754.5684,5991.762499887271,762.8059001127292,11.293184922262823,2.7458001515250526e-08,5.803054095238996e-08,762.8059000272406,0,0,0,0,0,,,,,,G2=1;G3=1;G4=1;G5=1;G9=1;G10=1
1850,optimal,1011492.5199887936,248686.61939682037,762805.9005919733,6754.5684,5991.762499887271,762.8059001127292,11.293184922262823,2.7458001515250526e-08,5.803054095238996e-08,762.8059000272406,0,0,0,0,0,,,,,,G2=1;G3=1;G4=1;G5=1;G9=1;G10=1
1851,optimal,1011492.5199887936,248686.61939682037,762805.9005919733,6754.5684,5991.762499887271,762.8059001127292,11.293184922262823,2.7458001515250526e-08,5.803054095238996e-08,762.8059000272406,0,0,0,0,0,,,,,,G2=1;G3=1;G4=1;G5=1;G9=1;G10=1
1852,optimal,1651070.9307264644,222365.03024655534,1428705.900479909,6754.5684,5325.86249991447,1428.7059000855293,21.151697865485072,2.2397464574565604e-08,4.820062919553181e-08,1428.705900014931,1,0,0,0,1,G5,,,,,G2=1;G3=1;G4=1;G5=0;G9=1;G10=1
1853,optimal,1011492.5199772536,248686.61939679703,762805.9005804566,6754.5684,5991.7624998878755,762.8059001121248,11.293184922253875,2.6780497300613745e-08,5.682676280058436e-08,762.8059000285176,0,1,0,1,0,,L15,,,L15,G2=1;G3=1;G4=1;G5=1;G9=1;G10=1
1854,optimal,1011492.5199887936,248686.61939682037,762805.9005919733,6754.5684,5991.762499887271,762.8059001127292,11.293184922262823,2.7458001515250526e-08,5.803054095238996e-08,762.8059000272406,0,0,0,0,0,,,,,,G2=1;G3=1;G4=1;G5=1;G9=1;G10=1
1855,optimal,1062209.1468339658,247871.52456482005,814337.6222691458,6754.5684,5940.230778062133,814.3376219378672,12.056101496253516,1.8646077617545803e-08,4.086594438453974e-08,814.3376218783553,0,1,0,1,0,,L4,,,L4,G2=1;G3=1;G4=1;G5=1;G9=1;G10=1
1856,optimal,1762008.5196608987,219202.6194002331,1542805.9002606657,6754.5684,5211.7624999602185,1542.8059000397816,22.840924966275885,1.2386286324785578e-08,2.7351815042006216e-08,1542.8059000000437,1,0,0,0,1,G2,,,,,G2=0;G3=1;G4=1;G5=1;G9=1;G10=1
1857,optimal,1011492.5199887936,248686.61939682037,762805.9005919733,6754.5684,5991.762499887271,762.8059001127292,11.293184922262823,2.7458001515250526e-08,5.803054095238996e-08,762.8059000272406,0,0,0,0,0,,,,,,G2=1;G3=1;G4=1;G5=1;G9=1;G10=1
1858,optimal,1856229.960667825,215924.06002137897,1640305.900646446,6754.5684,5114.2624998873,1640.3059001127006,24.284392472992064,2.971388210049674e-08,6.65801420753459e-08,1640.3059000164064,1,0,0,0,1,G9,,,,,G2=1;G3=1;G4=1;G5=1;G9=0;G10=1
1859,optimal,1942005.9141787183,176450.01352167473,1765555.9006570436,6754.5684,4989.012499876619,1765.555900123381,26.138693038083392,2.9752059733918543e-08,6.64735338223288e-08,1765.5559000271553,1,0,0,0,1,G10,,,,,G2=1;G3=1;G4=1;G5=1;G9=1;G10=0
1860,optimal,1011492.5199887936,248686.61939682037,762805.9005919733,6754.5684,5991.762499887271,762.8059001127292,11.293184922262823,2.7458001515250526e-08,5.803054095238996e-08,762.8059000272406,0,0,0,0,0,,,,,,G2=1;G3=1;G4=1;G5=1;G9=1;G10=1
1861,optimal,1011492.5199887936,248686.61939682037,762805.9005919733,6754.5684,5991.762499887271,762.8059001127292,11.293184922262823,2.7458001515250526e-08,5.803054095238996e-08,762.8059000272406,0,0,0,0,0,,,,,,G2=1;G3=1;G4=1;G5=1;G9=1;G10=1
1862,optimal,1011492.5199887936,248686.61939682037,762805.9005919733,6754.5684,5991.762499887271,762.8059001127292,11.293184922262823,2.7458001515250526e-08,5.803054095238996e-08,762.8059000272406,0,0,0,0,0,,,,,,G2=1;G3=1;G4=1;G5=1;G9=1;G10=1
1863,optimal,1011492.5199887936,248686.61939682037,762805.9005919733,6754.5684,5991.762499887271,762.8059001127292,11.293184922262823,2.7458001515250526e-08,5.803054095238996e-08,762.8059000272406,0,0,0,0,0,,,,,,G2=1;G3=1;G4=1;G5=1;G9=1;G10=1
1864,optimal,1011492.520093987,248686.61939579342,762805.9006981936,6754.5684,5991.7624998663905,762.8059001336096,11.293184922571953,3.231045854290682e-08,6.844747111461954e-08,762.8059000328517,0,1,0,1,0,,L17,,,L17,G2=1;G3=1;G4=1;G5=1;G9=1;G10=1
1865,optimal,1011492.5199887936,248686.61939682037,762805.9005919733,6754.5684,5991.762499887271,762.8059001127292,11.293184922262823,2.7458001515250526e-08,5.803054095238996e-08,762.8059000272406,0,0,0,0,0,,,,,,G2=1;G3=1;G4=1;G5=1;G9=1;G10=1
1866,optimal,1011492.5199887936,248686.61939682037,762805.9005919733,6754.5684,5991.762499887271,762.8059001127292,11.293184922262823,2.7458001515250526e-08,5.803054095238996e-08,762.8059000272406,0,0,0,0,0,,,,,,G2=1;G3=1;G4=1;G5=1;G9=1;G10=1
1867,optimal,1011492.5199887936,248686.61939682037,762805.9005919733,6754.5684,5991.762499887271,762.8059001127292,11.293184922262823,2.7458001515250526e-08,5.803054095238996e-08,762.8059000272406,0,0,0,0,0,,,,,,G2=1;G3=1;G4=1;G5=1;G9=1;G10=1
1868,optimal,1011492.5199887936,248686.61939682037,762805.9005919733,6754.5684,5991.762499887271,762.8059001127292,11.293184922262823,2.7458001515250526e-08,5.803054095238996e-08,762.8059000272406,0,0,0,0,0,,,,,,G2=1;G3=1;G4=1;G5=1;G9=1;G10=1
1869,optimal,1856229.960667825,215924.06002137897,1640305.900646446,6754.5684,5114.2624998873,1640.3059001127006,24.284392472992064,2.971388210049674e-08,6.65801420753459e-08,1640.3059000164064,1,0,0,0,1,G9,,,,,G2=1;G3=1;G4=1;G5=1;G9=0;G10=1
1870,optimal,1011492.5199887936,248686.61939682037,762805.9005919733,6754.5684,5991.762499887271,762.8059001127292,11.293184922262823,2.7458001515250526e-08,5.803054095238996e-08,762.8059000272406,0,0,0,0,0,,,,,,G2=1;G3=1;G4=1;G5=1;G9=1;G10=1
1871,optimal,1617903.9156180217,203198.01524760606,1414705.9003704158,6754.5684,5339.862499933909,1414.7059000660913,20.944430736182806,1.7099460517201584e-08,3.7607266965054984e-08,1414.7059000113845,1,0,0,0,1,G4,,,,,G2=1;G3=1;G4=0;G5=1;G9=1;G10=1
1872,optimal,1011492.5199887936,248686.61939682037,762805.9005919733,6754.5684,5991.762499887271,762.8059001127292,11.293184922262823,2.7458001515250526e-08,5.803054095238996e-08,762.8059000272406,0,0,0,0,0,,,,,,G2=1;G3=1;G4=1;G5=1;G9=1;G10=1
1873,optimal,2690657.713939793,145101.8135236421,2545555.9004161507,6754.5684,4209.01249992883,2545.55590007117,37.68643308240346,1.951308403380491e-08,4.234062778095508e-08,2545.5559000093162,2,0,0,0,2,G3;G10,,,,,G2=1;G3=0;G4=1;G5=1;G9=1;G10=0
1874,optimal,1011492.5200712052,248686.61939613664,762805.9006750686,6754.5684,5991.762499871232,762.8059001287681,11.293184922500275,3.14046425564355e-08,6.591466976111172e-08,762.8059000314487,0,1,0,1,0,,L37,,,L37,G2=1;G3=1;G4=1;G5=1;G9=1;G10=1
1875,optimal,1421105.0200076625,248686.61939763324,1172418.4006100292,6754.5684,5582.149999912271,1172.4184000877294,17.357413984996132,2.9548047475535493e-08,6.409181553006159e-08,1172.4183999940894,1,0,0,0,0,G7,,,,,G2=1;G3=1;G4=1;G5=1;G9=1;G10=1
1876,optimal,1617903.9156180217,203198.01524760606,1414705.9003704158,6754.5684,5339.862499933909,1414.7059000660913,20.944430736182806,1.7099460517201584e-08,3.7607266965054984e-08,1414.7059000113845,1,0,0,0,1,G4,,,,,G2=1;G3=1;G4=0;G5=1;G9=1;G10=1
1877,optimal,1011492.5199887936,248686.61939682037,762805.9005919733,6754.5684,5991.762499887271,762.8059001127292,11.293184922262823,2.7458001515250526e-08,5.803054095238996e-08,762.8059000272406,0,0,0,0,0,,,,,,G2=1;G3=1;G4=1;G5=1;G9=1;G10=1
1878,optimal,1011492.5199887936,248686.61939682037,762805.9005919733,6754.5684,5991.762499887271,762.8059001127292,11.293184922262823,2.7458001515250526e-08,5.803054095238996e-08,762.8059000272406,0,0,0,0,0,,,,,,G2=1;G3=1;G4=1;G5=1;G9=1;G10=1
1879,optimal,1011492.5199887936,248686.61939682037,762805.9005919733,6754.5684,5991.762499887271,762.8059001127292,11.293184922262823,2.7458001515250526e-08,5.803054095238996e-08,762.8059000272406,0,0,0,0,0,,,,,,G2=1;G3=1;G4=1;G5=1;G9=1;G10=1
1880,optimal,1011492.5199887936,248686.61939682037,762805.9005919733,6754.5684,5991.762499887271,762.8059001127292,11.293184922262823,2.7458001515250526e-08,5.803054095238996e-08,762.8059000272406,0,0,0,0,0,,,,,,G2=1;G3=1;G4=1;G5=1;G9=1;G10=1
1881,optimal,1011492.5198578504,248686.61939773144,762805.900460119,6754.5684,5991.762499908011,762.8059000919891,11.293184921955769,2.0762048508068897e-08,4.531783302383731e-08,762.8059000259093,0,1,0,1,0,,L12,,,L12,G2=1;G3=1;G4=1;G5=1;G9=1;G10=1
1882,optimal,1651070.9307264644,222365.03024655534,1428705.900479909,6754.5684,5325.86249991447,1428.7059000855293,21.151697865485072,2.2397464574565604e-08,4.820062919553181e-08,1428.705900014931,1,0,0,0,1,G5,,,,,G2=1;G3=1;G4=1;G5=0;G9=1;G10=1
1883,optimal,1011492.5199887936,248686.61939682037,762805.9005919733,6754.5684,5991.762499887271,762.8059001127292,11.293184922262823,2.7458001515250526e-08,5.803054095238996e-08,762.8059000272406,0,0,0,0,0,,,,,,G2=1;G3=1;G4=1;G5=1;G9=1;G10=1
1884,optimal,1011492.5199887936,248686.61939682037,762805.9005919733,6754.5684,5991.762499887271,762.8059001127292,11.293184922262823,2.7458001515250526e-08,5.803054095238996e-08,762.8059000272406,0,0,0,0,0,,,,,,G2=1;G3=1;G4=1;G5=1;G9=1;G10=1
1885,optimal,1421105.0200076625,248686.61939763324,1172418.4006100292,6754.5684,5582.149999912271,1172.4184000877294,17.357413984996132,2.9548047475535493e-08,6.409181553006159e-08,1172.4183999940894,1,0,0,0,0,G7,,,,,G2=1;G3=1;G4=1;G5=1;G9=1;G10=1
1886,optimal,1011492.5199887936,248686.61939682037,762805.9005919733,6754.5684,5991.762499887271,762.8059001127292,11.293184922262823,2.7458001515250526e-08,5.803054095238996e-08,762.8059000272406,0,0,0,0,0,,,,,,G2=1;G3=1;G4=1;G5=1;G9=1;G10=1
1887,optimal,1011492.5199887936,248686.61939682037,762805.9005919733,6754.5684,5991.762499887271,762.8059001127292,11.293184922262823,2.7458001515250526e-08,5.803054095238996e-08,762.8059000272406,0,0,0,0,0,,,,,,G2=1;G3=1;G4=1;G5=1;G9=1;G10=1
1888,optimal,1856229.960667825,215924.06002137897,1640305.900646446,6754.5684,5114.2624998873,1640.3059001127006,24.284392472992064,2.971388210049674e-08,6.65801420753459e-08,1640.3059000164064,1,0,0,0,1,G9,,,,,G2=1;G3=1;G4=1;G5=1;G9=0;G10=1
1889,optimal,1762008.5196608987,219202.6194002331,1542805.9002606657,6754.5684,5211.7624999602185,1542.8059000397816,22.840924966275885,1.2386286324785578e-08,2.7351815042006216e-08,1542.8059000000437,1,0,0,0,1,G2,,,,,G2=0;G3=1;G4=1;G5=1;G9=1;G10=1
1890,optimal,1011492.5199887936,248686.61939682037,762805.9005919733,6754.5684,5991.762499887271,762.8059001127292,11.293184922262823,2.7458001515250526e-08,5.803054095238996e-08,762.8059000272406,0,0,0,0,0,,,,,,G2=1;G3=1;G4=1;G5=1;G9=1;G10=1
1891,optimal,1942005.9141665683,176450.01352185963,1765555.9006447087,6754.5684,4989.012499879856,1765.5559001201445,26.13869303803548,2.923807080598719e-08,6.535540820717591e-08,1765.5559000255512,1,1,0,1,1,G10,L35,,,L35,G2=1;G3=1;G4=1;G5=1;G9=1;G10=0
1892,optimal,1011492.5199689873,248686.61939698865,762805.9005719987,6754.5684,5991.762499891154,762.8059001088454,11.293184922205324,2.650074912750454e-08,5.6161585102115394e-08,762.8059000261832,0,1,0,1,0,,L22,,,L22,G2=1;G3=1;G4=1;G5=1;G9=1;G10=1
1893,optimal,1011492.5199887936,248686.61939682037,762805.9005919733,6754.5684,5991.762499887271,762.8059001127292,11.293184922262823,2.7458001515250526e-08,5.803054095238996e-08,762.8059000272406,0,0,0,0,0,,,,,,G2=1;G3=1;G4=1;G5=1;G9=1;G10=1
1894,optimal,1942005.9135711615,176450.01352613774,1765555.9000450238,6754.5684,4989.012499992739,1765.5559000072603,26.138693036364252,2.1015165082178997e-09,4.712420735274468e-09,1765.5559000004462,1,1,0,1,1,G10,L44,,,L44,G2=1;G3=1;G4=1;G5=1;G9=1;G10=0
1895,optimal,1011492.5199887936,248686.61939682037,762805.9005919733,6754.5684,5991.762499887271,762.8059001127292,11.293184922262823,2.7458001515250526e-08,5.803054095238996e-08,762.8059000272406,0,0,0,0,0,,,,,,G2=1;G3=1;G4=1;G5=1;G9=1;G10=1
1896,optimal,1011492.5199887936,248686.61939682037,762805.9005919733,6754.5684,5991.762499887271,762.8059001127292,11.293184922262823,2.7458001515250526e-08,5.803054095238996e-08,762.8059000272406,0,0,0,0,0,,,,,,G2=1;G3=1;G4=1;G5=1;G9=1;G10=1
1897,optimal,1011492.5199887936,248686.61939682037,762805.9005919733,6754.5684,5991.762499887271,762.8059001127292,11.293184922262823,2.7458001515250526e-08,5.803054095238996e-08,762.8059000272406,0,0,0,0,0,,,,,,G2=1;G3=1;G4=1;G5=1;G9=1;G10=1
1898,optimal,1011492.5199887936,248686.61939682037,762805.9005919733,6754.5684,5991.762499887271,762.8059001127292,11.293184922262823,2.7458001515250526e-08,5.803054095238996e-08,762.8059000272406,0,0,0,0,0,,,,,,G2=1;G3=1;G4=1;G5=1;G9=1;G10=1
1899,optimal,1011492.5199887936,248686.61939682037,762805.9005919733,6754.5684,5991.762499887271,762.8059001127292,11.293184922262823,2.7458001515250526e-08,5.803054095238996e-08,762.8059000272406,0,0,0,0,0,,,,,,G2=1;G3=1;G4=1;G5=1;G9=1;G10=1
1900,optimal,1011492.5199887936,248686.61939682037,762805.9005919733,6754.5684,5991.762499887271,762.8059001127292,11.293184922262823,2.7458001515250526e-08,5.803054095238996e-08,762.8059000272406,0,0,0,0,0,,,,,,G2=1;G3=1;G4=1;G5=1;G9=1;G10=1
1901,optimal,1011492.5199887936,248686.61939682037,762805.9005919733,6754.5684,5991.762499887271,762.8059001127292,11.293184922262823,2.7458001515250526e-08,5.803054095238996e-08,762.8059000272406,0,0,0,0,0,,,,,,G2=1;G3=1;G4=1;G5=1;G9=1;G10=1
1902,optimal,1011492.5199887936,248686.61939682037,762805.9005919733,6754.5684,5991.762499887271,762.8059001127292,11.293184922262823,2.7458001515250526e-08,5.803054095238996e-08,762.8059000272406,0,0,0,0,0,,,,,,G2=1;G3=1;G4=1;G5=1;G9=1;G10=1
1903,optimal,1011492.5199887936,248686.61939682037,762805.9005919733,6754.5684,5991.762499887271,762.8059001127292,11.293184922262823,2.7458001515250526e-08,5.803054095238996e-08,762.8059000272406,0,0,0,0,0,,,,,,G2=1;G3=1;G4=1;G5=1;G9=1;G10=1
1904,optimal,1856229.960667825,215924.06002137897,1640305.900646446,6754.5684,5114.2624998873,1640.3059001127006,24.284392472992064,2.971388210049674e-08,6.65801420753459e-08,1640.3059000164064,1,0,0,0,1,G9,,,,,G2=1;G3=1;G4=1;G5=1;G9=0;G10=1
1905,optimal,1011492.5199887936,248686.61939682037,762805.9005919733,6754.5684,5991.762499887271,762.8059001127292,11.293184922262823,2.7458001515250526e-08,5.803054095238996e-08,762.8059000272406,0,0,0,0,0,,,,,,G2=1;G3=1;G4=1;G5=1;G9=1;G10=1
1906,optimal,1011492.5199887936,248686.61939682037,762805.9005919733,6754.5684,5991.762499887271,762.8059001127292,11.293184922262823,2.7458001515250526e-08,5.803054095238996e-08,762.8059000272406,0,0,0,0,0,,,,,,G2=1;G3=1;G4=1;G5=1;G9=1;G10=1
1907,optimal,1011492.5199887936,248686.61939682037,762805.9005919733,6754.5684,5991.762499887271,762.8059001127292,11.293184922262823,2.7458001515250526e-08,5.803054095238996e-08,762.8059000272406,0,0,0,0,0,,,,,,G2=1;G3=1;G4=1;G5=1;G9=1;G10=1
1908,optimal,1011492.5199887936,248686.61939682037,762805.9005919733,6754.5684,5991.762499887271,762.8059001127292,11.293184922262823,2.7458001515250526e-08,5.803054095238996e-08,762.8059000272406,0,0,0,0,0,,,,,,G2=1;G3=1;G4=1;G5=1;G9=1;G10=1
1909,optimal,1062209.1468339658,247871.52456482005,814337.6222691458,6754.5684,5940.230778062133,814.3376219378672,12.056101496253516,1.8646077617545803e-08,4.086594438453974e-08,814.3376218783553,1,1,0,1,0,G6,L4,,,L4,G2=1;G3=1;G4=1;G5=1;G9=1;G10=1
1910,optimal,1011492.5199887936,248686.61939682037,762805.9005919733,6754.5684,5991.762499887271,762.8059001127292,11.293184922262823,2.7458001515250526e-08,5.803054095238996e-08,762.8059000272406,0,0,0,0,0,,,,,,G2=1;G3=1;G4=1;G5=1;G9=1;G10=1
1911,optimal,1011492.5199887936,248686.61939682037,762805.9005919733,6754.5684,5991.762499887271,762.8059001127292,11.293184922262823,2.7458001515250526e-08,5.803054095238996e-08,762.8059000272406,0,0,0,0,0,,,,,,G2=1;G3=1;G4=1;G5=1;G9=1;G10=1
1912,optimal,1011492.5199887936,248686.61939682037,762805.9005919733,6754.5684,5991.762499887271,762.8059001127292,11.293184922262823,2.7458001515250526e-08,5.803054095238996e-08,762.8059000272406,0,0,0,0,0,,,,,,G2=1;G3=1;G4=1;G5=1;G9=1;G10=1
1913,optimal,1011492.5199887936,248686.61939682037,762805.9005919733,6754.5684,5991.762499887271,762.8059001127292,11.293184922262823,2.7458001515250526e-08,5.803054095238996e-08,762.8059000272406,1,0,0,0,0,G6,,,,,G2=1;G3=1;G4=1;G5=1;G9=1;G10=1
1914,optimal,1011492.5199887936,248686.61939682037,762805.9005919733,6754.5684,5991.762499887271,762.8059001127292,11.293184922262823,2.7458001515250526e-08,5.803054095238996e-08,762.8059000272406,0,0,0,0,0,,,,,,G2=1;G3=1;G4=1;G5=1;G9=1;G10=1
1915,optimal,1011492.5199887936,248686.61939682037,762805.9005919733,6754.5684,5991.762499887271,762.8059001127292,11.293184922262823,2.7458001515250526e-08,5.803054095238996e-08,762.8059000272406,0,0,0,0,0,,,,,,G2=1;G3=1;G4=1;G5=1;G9=1;G10=1
1916,optimal,1011492.5199887936,248686.61939682037,762805.9005919733,6754.5684,5991.762499887271,762.8059001127292,11.293184922262823,2.7458001515250526e-08,5.803054095238996e-08,762.8059000272406,0,0,0,0,0,,,,,,G2=1;G3=1;G4=1;G5=1;G9=1;G10=1
1917,optimal,1011492.5199887936,248686.61939682037,762805.9005919733,6754.5684,5991.762499887271,762.8059001127292,11.293184922262823,2.7458001515250526e-08,5.803054095238996e-08,762.8059000272406,0,0,0,0,0,,,,,,G2=1;G3=1;G4=1;G5=1;G9=1;G10=1
1918,optimal,1011492.5199887936,248686.61939682037,762805.9005919733,6754.5684,5991.762499887271,762.8059001127292,11.293184922262823,2.7458001515250526e-08,5.803054095238996e-08,762.8059000272406,0,0,0,0,0,,,,,,G2=1;G3=1;G4=1;G5=1;G9=1;G10=1
1919,optimal,1617903.9156180217,203198.01524760606,1414705.9003704158,6754.5684,5339.862499933909,1414.7059000660913,20.944430736182806,1.7099460517201584e-08,3.7607266965054984e-08,1414.7059000113845,1,0,0,0,1,G4,,,,,G2=1;G3=1;G4=0;G5=1;G9=1;G10=1
1920,optimal,1760144.3196719813,217338.41940008034,1542805.900271901,6754.5684,5211.762499954262,1542.8059000457379,22.840924966364064,1.2671097422401753e-08,2.803087046639168e-08,1542.8059000050362,1,0,0,0,1,G3,,,,,G2=1;G3=0;G4=1;G5=1;G9=1;G10=1
1921,optimal,1011492.5199887936,248686.61939682037,762805.9005919733,6754.5684,5991.762499887271,762.8059001127292,11.293184922262823,2.7458001515250526e-08,5.803054095238996e-08,762.8059000272406,0,0,0,0,0,,,,,,G2=1;G3=1;G4=1;G5=1;G9=1;G10=1
1922,optimal,1011492.5199887936,248686.61939682037,762805.9005919733,6754.5684,5991.762499887271,762.8059001127292,11.293184922262823,2.7458001515250526e-08,5.803054095238996e-08,762.8059000272406,0,0,0,0,0,,,,,,G2=1;G3=1;G4=1;G5=1;G9=1;G10=1
1923,optimal,1011492.5199887936,248686.61939682037,762805.9005919733,6754.5684,5991.762499887271,762.8059001127292,11.293184922262823,2.7458001515250526e-08,5.803054095238996e-08,762.8059000272406,0,0,0,0,0,,,,,,G2=1;G3=1;G4=1;G5=1;G9=1;G10=1
1924,optimal,1011492.5199887936,248686.61939682037,762805.9005919733,6754.5684,5991.762499887271,762.8059001127292,11.293184922262823,2.7458001515250526e-08,5.803054095238996e-08,762.8059000272406,0,0,0,0,0,,,,,,G2=1;G3=1;G4=1;G5=1;G9=1;G10=1
1925,optimal,2171621.020066225,219202.61939605552,1952418.4006701696,6754.5684,4802.1499998859545,1952.4184001140457,28.905154030478776,3.1146469678936917e-08,6.895143227427533e-08,1952.4184000139476,2,0,0,0,1,G2;G7,,,,,G2=0;G3=1;G4=1;G5=1;G9=1;G10=1
1926,optimal,1011492.5199887936,248686.61939682037,762805.9005919733,6754.5684,5991.762499887271,762.8059001127292,11.293184922262823,2.7458001515250526e-08,5.803054095238996e-08,762.8059000272406,0,0,0,0,0,,,,,,G2=1;G3=1;G4=1;G5=1;G9=1;G10=1
1927,optimal,1617903.9156180217,203198.01524760606,1414705.9003704158,6754.5684,5339.862499933909,1414.7059000660913,20.944430736182806,1.7099460517201584e-08,3.7607266965054984e-08,1414.7059000113845,1,0,0,0,1,G4,,,,,G2=1;G3=1;G4=0;G5=1;G9=1;G10=1
1928,optimal,1011492.5199887936,248686.61939682037,762805.9005919733,6754.5684,5991.762499887271,762.8059001127292,11.293184922262823,2.7458001515250526e-08,5.803054095238996e-08,762.8059000272406,0,0,0,0,0,,,,,,G2=1;G3=1;G4=1;G5=1;G9=1;G10=1
1929,optimal,1011492.5199887936,248686.61939682037,762805.9005919733,6754.5684,5991.762499887271,762.8059001127292,11.293184922262823,2.7458001515250526e-08,5.803054095238996e-08,762.8059000272406,0,0,0,0,0,,,,,,G2=1;G3=1;G4=1;G5=1;G9=1;G10=1
1930,optimal,1011492.5199887936,248686.61939682037,762805.9005919733,6754.5684,5991.762499887271,762.8059001127292,11.293184922262823,2.7458001515250526e-08,5.803054095238996e-08,762.8059000272406,0,0,0,0,0,,,,,,G2=1;G3=1;G4=1;G5=1;G9=1;G10=1
1931,optimal,1011492.5199887936,248686.61939682037,762805.9005919733,6754.5684,5991.762499887271,762.8059001127292,11.293184922262823,2.7458001515250526e-08,5.803054095238996e-08,762.8059000272406,0,0,0,0,0,,,,,,G2=1;G3=1;G4=1;G5=1;G9=1;G10=1
1932,optimal,1942005.9141787183,176450.01352167473,1765555.9006570436,6754.5684,4989.012499876619,1765.555900123381,26.138693038083392,2.9752059733918543e-08,6.64735338223288e-08,1765.5559000271553,1,0,0,0,1,G10,,,,,G2=1;G3=1;G4=1;G5=1;G9=1;G10=0
1933,optimal,1651070.9307264644,222365.03024655534,1428705.900479909,6754.5684,5325.86249991447,1428.7059000855293,21.151697865485072,2.2397464574565604e-08,4.820062919553181e-08,1428.705900014931,1,0,0,0,1,G5,,,,,G2=1;G3=1;G4=1;G5=0;G9=1;G10=1
1934,optimal,1617903.9156180217,203198.01524760606,1414705.9003704158,6754.5684,5339.862499933909,1414.7059000660913,20.944430736182806,1.7099460517201584e-08,3.7607266965054984e-08,1414.7059000113845,1,0,0,0,1,G4,,,,,G2=1;G3=1;G4=0;G5=1;G9=1;G10=1
1935,optimal,1762008.5196608987,219202.6194002331,1542805.9002606657,6754.5684,5211.7624999602185,1542.8059000397816,22.840924966275885,1.2386286324785578e-08,2.7351815042006216e-08,1542.8059000000437,1,0,0,0,1,G2,,,,,G2=0;G3=1;G4=1;G5=1;G9=1;G10=1
1936,optimal,1762008.5196608987,219202.6194002331,1542805.9002606657,6754.5684,5211.7624999602185,1542.8059000397816,22.840924966275885,1.2386286324785578e-08,2.7351815042006216e-08,1542.8059000000437,1,0,0,0,1,G2,,,,,G2=0;G3=1;G4=1;G5=1;G9=1;G10=1
1937,optimal,1011492.5199887936,248686.61939682037,762805.9005919733,6754.5684,5991.762499887271,762.8059001127292,11.293184922262823,2.7458001515250526e-08,5.803054095238996e-08,762.8059000272406,0,0,0,0,0,,,,,,G2=1;G3=1;G4=1;G5=1;G9=1;G10=1
1938,optimal,1011492.5199887936,248686.61939682037,762805.9005919733,6754.5684,5991.762499887271,762.8059001127292,11.293184922262823,2.7458001515250526e-08,5.803054095238996e-08,762.8059000272406,0,0,0,0,0,,,,,,G2=1;G3=1;G4=1;G5=1;G9=1;G10=1
1939,optimal,1011492.5199887936,248686.61939682037,762805.9005919733,6754.5684,5991.762499887271,762.8059001127292,11.293184922262823,2.7458001515250526e-08,5.803054095238996e-08,762.8059000272406,0,0,0,0,0,,,,,,G2=1;G3=1;G4=1;G5=1;G9=1;G10=1
1940,optimal,1011492.5199887936,248686.61939682037,762805.9005919733,6754.5684,5991.762499887271,762.8059001127292,11.293184922262823,2.7458001515250526e-08,5.803054095238996e-08,762.8059000272406,0,0,0,0,0,,,,,,G2=1;G3=1;G4=1;G5=1;G9=1;G10=1
1941,optimal,1011492.5199887936,248686.61939682037,762805.9005919733,6754.5684,5991.762499887271,762.8059001127292,11.293184922262823,2.7458001515250526e-08,5.803054095238996e-08,762.8059000272406,0,0,0,0,0,,,,,,G2=1;G3=1;G4=1;G5=1;G9=1;G10=1
1942,optimal,1011492.5195047398,248686.61940033908,762805.9001044007,6754.5684,5991.76249997844,762.8059000215601,11.293184920913083,4.523258557815731e-09,1.0532772059339278e-08,762.8059000065041,0,1,0,1,0,,L1,,,L1,G2=1;G3=1;G4=1;G5=1;G9=1;G10=1
1943,optimal,2581584.3247002997,150128.4243727324,2431455.9003275675,6754.5684,4323.112499944371,2431.4559000556287,35.997205980705274,1.5573996758644172e-08,3.2943354183120575e-08,2431.4559000071113,3,0,0,0,2,G5;G8;G10,,,,,G2=1;G3=1;G4=1;G5=0;G9=1;G10=0
1944,optimal,1011492.5199887936,248686.61939682037,762805.9005919733,6754.5684,5991.762499887271,762.8059001127292,11.293184922262823,2.7458001515250526e-08,5.803054095238996e-08,762.8059000272406,0,0,0,0,0,,,,,,G2=1;G3=1;G4=1;G5=1;G9=1;G10=1
1945,optimal,1011492.5200275244,248686.61939637654,762805.9006311479,6754.5684,5991.762499877824,762.8059001221766,11.29318492240269,2.9021913510884073e-08,6.19435385398313e-08,762.8059000312112,0,1,0,1,0,,L28,,,L28,G2=1;G3=1;G4=1;G5=1;G9=1;G10=1
1946,optimal,1011492.5199887936,248686.61939682037,762805.9005919733,6754.5684,5991.762499887271,762.8059001127292,11.293184922262823,2.7458001515250526e-08,5.803054095238996e-08,762.8059000272406,0,0,0,0,0,,,,,,G2=1;G3=1;G4=1;G5=1;G9=1;G10=1
1947,optimal,1011492.5199887936,248686.61939682037,762805.9005919733,6754.5684,5991.762499887271,762.8059001127292,11.293184922262823,2.7458001515250526e-08,5.803054095238996e-08,762.8059000272406,0,0,0,0,0,,,,,,G2=1;G3=1;G4=1;G5=1;G9=1;G10=1
1948,optimal,1011492.5199887936,248686.61939682037,762805.9005919733,6754.5684,5991.762499887271,762.8059001127292,11.293184922262823,2.7458001515250526e-08,5.803054095238996e-08,762.8059000272406,0,0,0,0,0,,,,,,G2=1;G3=1;G4=1;G5=1;G9=1;G10=1
1949,optimal,1011492.5199887936,248686.61939682037,762805.9005919733,6754.5684,5991.762499887271,762.8059001127292,11.293184922262823,2.7458001515250526e-08,5.803054095238996e-08,762.8059000272406,0,0,0,0,0,,,,,,G2=1;G3=1;G4=1;G5=1;G9=1;G10=1
1950,optimal,1011492.5199887936,248686.61939682037,762805.9005919733,6754.5684,5991.762499887271,762.8059001127292,11.293184922262823,2.7458001515250526e-08,5.803054095238996e-08,762.8059000272406,0,0,0,0,0,,,,,,G2=1;G3=1;G4=1;G5=1;G9=1;G10=1
1951,optimal,1011492.5199887936,248686.61939682037,762805.9005919733,6754.5684,5991.762499887271,762.8059001127292,11.293184922262823,2.7458001515250526e-08,5.803054095238996e-08,762.8059000272406,0,0,0,0,0,,,,,,G2=1;G3=1;G4=1;G5=1;G9=1;G10=1
1952,optimal,1011492.5199887936,248686.61939682037,762805.9005919733,6754.5684,5991.762499887271,762.8059001127292,11.293184922262823,2.7458001515250526e-08,5.803054095238996e-08,762.8059000272406,0,0,0,0,0,,,,,,G2=1;G3=1;G4=1;G5=1;G9=1;G10=1
1953,optimal,1651070.9307264644,222365.03024655534,1428705.900479909,6754.5684,5325.86249991447,1428.7059000855293,21.151697865485072,2.2397464574565604e-08,4.820062919553181e-08,1428.705900014931,1,0,0,0,1,G5,,,,,G2=1;G3=1;G4=1;G5=0;G9=1;G10=1
1954,optimal,1011492.5199887936,248686.61939682037,762805.9005919733,6754.5684,5991.762499887271,762.8059001127292,11.293184922262823,2.7458001515250526e-08,5.803054095238996e-08,762.8059000272406,0,0,0,0,0,,,,,,G2=1;G3=1;G4=1;G5=1;G9=1;G10=1
1955,optimal,1011492.5199887936,248686.61939682037,762805.9005919733,6754.5684,5991.762499887271,762.8059001127292,11.293184922262823,2.7458001515250526e-08,5.803054095238996e-08,762.8059000272406,0,0,0,0,0,,,,,,G2=1;G3=1;G4=1;G5=1;G9=1;G10=1
1956,optimal,1011492.5199887936,248686.61939682037,762805.9005919733,6754.5684,5991.762499887271,762.8059001127292,11.293184922262823,2.7458001515250526e-08,5.803054095238996e-08,762.8059000272406,0,0,0,0,0,,,,,,G2=1;G3=1;G4=1;G5=1;G9=1;G10=1
1957,optimal,1011492.5199887936,248686.61939682037,762805.9005919733,6754.5684,5991.762499887271,762.8059001127292,11.293184922262823,2.7458001515250526e-08,5.803054095238996e-08,762.8059000272406,0,0,0,0,0,,,,,,G2=1;G3=1;G4=1;G5=1;G9=1;G10=1
1958,optimal,1942005.9141787183,176450.01352167473,1765555.9006570436,6754.5684,4989.012499876619,1765.555900123381,26.138693038083392,2.9752059733918543e-08,6.64735338223288e-08,1765.5559000271553,1,0,0,0,1,G10,,,,,G2=1;G3=1;G4=1;G5=1;G9=1;G10=0
1959,optimal,1011492.5199887936,248686.61939682037,762805.9005919733,6754.5684,5991.762499887271,762.8059001127292,11.293184922262823,2.7458001515250526e-08,5.803054095238996e-08,762.8059000272406,0,0,0,0,0,,,,,,G2=1;G3=1;G4=1;G5=1;G9=1;G10=1
1960,optimal,1059303.915295344,244598.0152496554,814705.9000456887,6754.5684,5939.862499992285,814.705900007715,12.061553777554684,2.2455970960929303e-09,4.440882501562303e-09,814.7059000010283,0,1,0,1,0,,L32,,,L32,G2=1;G3=1;G4=1;G5=1;G9=1;G10=1
1961,optimal,1011492.5199887936,248686.61939682037,762805.9005919733,6754.5684,5991.762499887271,762.8059001127292,11.293184922262823,2.7458001515250526e-08,5.803054095238996e-08,762.8059000272406,0,0,0,0,0,,,,,,G2=1;G3=1;G4=1;G5=1;G9=1;G10=1
1962,optimal,1011492.5199887936,248686.61939682037,762805.9005919733,6754.5684,5991.762499887271,762.8059001127292,11.293184922262823,2.7458001515250526e-08,5.803054095238996e-08,762.8059000272406,0,0,0,0,0,,,,,,G2=1;G3=1;G4=1;G5=1;G9=1;G10=1
1963,optimal,1942005.9141796425,176450.0135216674,1765555.900657975,6754.5684,4989.012499876786,1765.5559001232136,26.138693038080916,2.9815475842506385e-08,6.66056034398744e-08,1765.5559000267924,1,1,0,1,1,G10,L38,,,L38,G2=1;G3=1;G4=1;G5=1;G9=1;G10=0
1964,optimal,1809272.2388663893,238966.33814548742,1570305.9007209018,6754.5684,5184.262499876734,1570.3059001232657,23.248056828076027,3.3444520431512225e-08,7.415880959456434e-08,1570.3059000156625,0,1,0,1,0,,L5,,,L5,G2=1;G3=1;G4=1;G5=1;G9=1;G10=1
1965,optimal,1011492.5199887936,248686.61939682037,762805.9005919733,6754.5684,5991.762499887271,762.8059001127292,11.293184922262823,2.7458001515250526e-08,5.803054095238996e-08,762.8059000272406,0,0,0,0,0,,,,,,G2=1;G3=1;G4=1;G5=1;G9=1;G10=1
1966,optimal,1011492.5199887936,248686.61939682037,762805.9005919733,6754.5684,5991.762499887271,762.8059001127292,11.293184922262823,2.7458001515250526e-08,5.803054095238996e-08,762.8059000272406,0,0,0,0,0,,,,,,G2=1;G3=1;G4=1;G5=1;G9=1;G10=1
1967,optimal,1421105.0200076625,248686.61939763324,1172418.4006100292,6754.5684,5582.149999912271,1172.4184000877294,17.357413984996132,2.9548047475535493e-08,6.409181553006159e-08,1172.4183999940894,2,0,0,0,0,G7;G8,,,,,G2=1;G3=1;G4=1;G5=1;G9=1;G10=1
1968,optimal,1011492.5199887936,248686.61939682037,762805.9005919733,6754.5684,5991.762499887271,762.8059001127292,11.293184922262823,2.7458001515250526e-08,5.803054095238996e-08,762.8059000272406,0,0,0,0,0,,,,,,G2=1;G3=1;G4=1;G5=1;G9=1;G10=1
1969,optimal,1942005.9141787183,176450.01352167473,1765555.9006570436,6754.5684,4989.012499876619,1765.555900123381,26.138693038083392,2.9752059733918543e-08,6.64735338223288e-08,1765.5559000271553,1,0,0,0,1,G10,,,,,G2=1;G3=1;G4=1;G5=1;G9=1;G10=0
1970,optimal,1011492.5199887936,248686.61939682037,762805.9005919733,6754.5684,5991.762499887271,762.8059001127292,11.293184922262823,2.7458001515250526e-08,5.803054095238996e-08,762.8059000272406,0,0,0,0,0,,,,,,G2=1;G3=1;G4=1;G5=1;G9=1;G10=1
1971,optimal,1011492.5199887936,248686.61939682037,762805.9005919733,6754.5684,5991.762499887271,762.8059001127292,11.293184922262823,2.7458001515250526e-08,5.803054095238996e-08,762.8059000272406,0,0,0,0,0,,,,,,G2=1;G3=1;G4=1;G5=1;G9=1;G10=1
1972,optimal,1942005.9141787183,176450.01352167473,1765555.9006570436,6754.5684,4989.012499876619,1765.555900123381,26.138693038083392,2.9752059733918543e-08,6.64735338223288e-08,1765.5559000271553,1,0,0,0,1,G10,,,,,G2=1;G3=1;G4=1;G5=1;G9=1;G10=0
1973,optimal,1011492.5199887936,248686.61939682037,762805.9005919733,6754.5684,5991.762499887271,762.8059001127292,11.293184922262823,2.7458001515250526e-08,5.803054095238996e-08,762.8059000272406,0,0,0,0,0,,,,,,G2=1;G3=1;G4=1;G5=1;G9=1;G10=1
1974,optimal,1760144.319661103,217338.4194001386,1542805.9002609644,6754.5684,5211.76249995605,1542.8059000439494,22.840924966337585,1.2156460143421e-08,2.690176452372239e-08,1542.805900004891,0,0,1,3,1,,,T10,10,L18;L19;L20,G2=1;G3=0;G4=1;G5=1;G9=1;G10=1
1975,optimal,1011492.5199887936,248686.61939682037,762805.9005919733,6754.5684,5991.762499887271,762.8059001127292,11.293184922262823,2.7458001515250526e-08,5.803054095238996e-08,762.8059000272406,0,0,0,0,0,,,,,,G2=1;G3=1;G4=1;G5=1;G9=1;G10=1
1976,optimal,1762008.5196608987,219202.6194002331,1542805.9002606657,6754.5684,5211.7624999602185,1542.8059000397816,22.840924966275885,1.2386286324785578e-08,2.7351815042006216e-08,1542.8059000000437,1,0,0,0,1,G2,,,,,G2=0;G3=1;G4=1;G5=1;G9=1;G10=1
1977,optimal,1059303.915295344,244598.0152496554,814705.9000456887,6754.5684,5939.862499992285,814.705900007715,12.061553777554684,2.2455970960929303e-09,4.440882501562303e-09,814.7059000010283,0,1,0,1,0,,L32,,,L32,G2=1;G3=1;G4=1;G5=1;G9=1;G10=1
1978,optimal,1011492.5199887936,248686.61939682037,762805.9005919733,6754.5684,5991.762499887271,762.8059001127292,11.293184922262823,2.7458001515250526e-08,5.803054095238996e-08,762.8059000272406,0,0,0,0,0,,,,,,G2=1;G3=1;G4=1;G5=1;G9=1;G10=1
1979,optimal,1011492.5199887936,248686.61939682037,762805.9005919733,6754.5684,5991.762499887271,762.8059001127292,11.293184922262823,2.7458001515250526e-08,5.803054095238996e-08,762.8059000272406,0,0,0,0,0,,,,,,G2=1;G3=1;G4=1;G5=1;G9=1;G10=1
1980,optimal,1011492.5199887936,248686.61939682037,762805.9005919733,6754.5684,5991.762499887271,762.8059001127292,11.293184922262823,2.7458001515250526e-08,5.803054095238996e-08,762.8059000272406,0,0,0,0,0,,,,,,G2=1;G3=1;G4=1;G5=1;G9=1;G10=1
1981,optimal,1760144.3196719813,217338.41940008034,1542805.900271901,6754.5684,5211.762499954262,1542.8059000457379,22.840924966364064,1.2671097422401753e-08,2.803087046639168e-08,1542.8059000050362,1,0,0,0,1,G3,,,,,G2=1;G3=0;G4=1;G5=1;G9=1;G10=1
1982,optimal,4703060.516988221,115617.81352913714,4587442.703459083,6754.5684,3429.012499676739,3325.555900323261,49.23417313122865,2.9216665023496935e-07,315.4717001265806,3010.0841999045138,3,0,0,0,3,G2;G3;G10,,,,,G2=0;G3=0;G4=1;G5=1;G9=1;G10=0
1983,optimal,1011492.5199887936,248686.61939682037,762805.9005919733,6754.5684,5991.762499887271,762.8059001127292,11.293184922262823,2.7458001515250526e-08,5.803054095238996e-08,762.8059000272406,0,0,0,0,0,,,,,,G2=1;G3=1;G4=1;G5=1;G9=1;G10=1
1984,optimal,1011492.5199887936,248686.61939682037,762805.9005919733,6754.5684,5991.762499887271,762.8059001127292,11.293184922262823,2.7458001515250526e-08,5.803054095238996e-08,762.8059000272406,0,0,0,0,0,,,,,,G2=1;G3=1;G4=1;G5=1;G9=1;G10=1
1985,optimal,1011492.5198578504,248686.61939773144,762805.900460119,6754.5684,5991.762499908011,762.8059000919891,11.293184921955769,2.0762048508068897e-08,4.531783302383731e-08,762.8059000259093,0,1,0,1,0,,L12,,,L12,G2=1;G3=1;G4=1;G5=1;G9=1;G10=1
1986,optimal,1011492.5199887936,248686.61939682037,762805.9005919733,6754.5684,5991.762499887271,762.8059001127292,11.293184922262823,2.7458001515250526e-08,5.803054095238996e-08,762.8059000272406,0,0,0,0,0,,,,,,G2=1;G3=1;G4=1;G5=1;G9=1;G10=1
1987,optimal,1762008.5196608987,219202.6194002331,1542805.9002606657,6754.5684,5211.7624999602185,1542.8059000397816,22.840924966275885,1.2386286324785578e-08,2.7351815042006216e-08,1542.8059000000437,1,0,0,0,1,G2,,,,,G2=0;G3=1;G4=1;G5=1;G9=1;G10=1
1988,optimal,1011492.5199887936,248686.61939682037,762805.9005919733,6754.5684,5991.762499887271,762.8059001127292,11.293184922262823,2.7458001515250526e-08,5.803054095238996e-08,762.8059000272406,1,0,0,0,0,G8,,,,,G2=1;G3=1;G4=1;G5=1;G9=1;G10=1
1989,optimal,1011492.5199887936,248686.61939682037,762805.9005919733,6754.5684,5991.762499887271,762.8059001127292,11.293184922262823,2.7458001515250526e-08,5.803054095238996e-08,762.8059000272406,0,0,0,0,0,,,,,,G2=1;G3=1;G4=1;G5=1;G9=1;G10=1
1990,optimal,1651070.9307264644,222365.03024655534,1428705.900479909,6754.5684,5325.86249991447,1428.7059000855293,21.151697865485072,2.2397464574565604e-08,4.820062919553181e-08,1428.705900014931,1,0,0,0,1,G5,,,,,G2=1;G3=1;G4=1;G5=0;G9=1;G10=1
1991,optimal,1011492.5199887936,248686.61939682037,762805.9005919733,6754.5684,5991.762499887271,762.8059001127292,11.293184922262823,2.7458001515250526e-08,5.803054095238996e-08,762.8059000272406,0,0,0,0,0,,,,,,G2=1;G3=1;G4=1;G5=1;G9=1;G10=1
1992,optimal,1856229.960677115,215924.0600212886,1640305.9006558263,6754.5684,5114.262499885711,1640.3059001142892,24.284392473015583,3.0134841637619665e-08,6.758088313967037e-08,1640.3059000165733,0,1,0,1,1,,L46,,,L46,G2=1;G3=1;G4=1;G5=1;G9=0;G10=1
1993,optimal,2399722.73071953,191016.83024688694,2208705.900472643,6754.5684,4545.8624999219865,2208.705900078013,32.699437910466834,2.1587563567971498e-08,5.0085280958360676e-08,2208.705900006341,2,0,0,0,2,G3;G5,,,,,G2=1;G3=0;G4=1;G5=0;G9=1;G10=1
1994,optimal,1011492.5199887936,248686.61939682037,762805.9005919733,6754.5684,5991.762499887271,762.8059001127292,11.293184922262823,2.7458001515250526e-08,5.803054095238996e-08,762.8059000272406,0,0,0,0,0,,,,,,G2=1;G3=1;G4=1;G5=1;G9=1;G10=1
1995,optimal,1011492.5199887936,248686.61939682037,762805.9005919733,6754.5684,5991.762499887271,762.8059001127292,11.293184922262823,2.7458001515250526e-08,5.803054095238996e-08,762.8059000272406,0,0,0,0,0,,,,,,G2=1;G3=1;G4=1;G5=1;G9=1;G10=1
1996,optimal,1011492.5199887936,248686.61939682037,762805.9005919733,6754.5684,5991.762499887271,762.8059001127292,11.293184922262823,2.7458001515250526e-08,5.803054095238996e-08,762.8059000272406,0,0,0,0,0,,,,,,G2=1;G3=1;G4=1;G5=1;G9=1;G10=1
1997,optimal,1856229.960667825,215924.06002137897,1640305.900646446,6754.5684,5114.2624998873,1640.3059001127006,24.284392472992064,2.971388210049674e-08,6.65801420753459e-08,1640.3059000164064,1,0,0,0,1,G9,,,,,G2=1;G3=1;G4=1;G5=1;G9=0;G10=1
1998,optimal,1011492.5199887936,248686.61939682037,762805.9005919733,6754.5684,5991.762499887271,762.8059001127292,11.293184922262823,2.7458001515250526e-08,5.803054095238996e-08,762.8059000272406,0,0,0,0,0,,,,,,G2=1;G3=1;G4=1;G5=1;G9=1;G10=1
1999,optimal,1011492.5199887936,248686.61939682037,762805.9005919733,6754.5684,5991.762499887271,762.8059001127292,11.293184922262823,2.7458001515250526e-08,5.803054095238996e-08,762.8059000272406,0,0,0,0,0,,,,,,G2=1;G3=1;G4=1;G5=1;G9=1;G10=1
2000,optimal,1011492.5200230477,248686.6193965535,762805.9006264942,6754.5684,5991.762499879581,762.8059001204189,11.293184922376668,2.8975934492874466e-08,6.13230024064626e-08,762.8059000301198,0,1,0,1,0,,L31,,,L31,G2=1;G3=1;G4=1;G5=1;G9=1;G10=1
